filename,label,duration_sec,sample_rate,rms_energy,peak_amplitude,path
A_0001.wav,A,1.0,16000,0.061968,0.474518,D:\STUPEN\Heartz\data-science\dataset\clean\A\A_0001.wav
A_0002.wav,A,1.0,16000,0.066933,0.524933,D:\STUPEN\Heartz\data-science\dataset\clean\A\A_0002.wav
A_0003.wav,A,1.0,16000,0.066933,0.596039,D:\STUPEN\Heartz\data-science\dataset\clean\A\A_0003.wav
A_0004.wav,A,1.0,16000,0.064498,0.517822,D:\STUPEN\Heartz\data-science\dataset\clean\A\A_0004.wav
A_0005.wav,A,1.0,16000,0.064498,0.535156,D:\STUPEN\Heartz\data-science\dataset\clean\A\A_0005.wav
A_0006.wav,A,1.0,16000,0.064498,0.490356,D:\STUPEN\Heartz\data-science\dataset\clean\A\A_0006.wav
A_0007.wav,A,1.0,16000,0.066933,0.542847,D:\STUPEN\Heartz\data-science\dataset\clean\A\A_0007.wav
A_0008.wav,A,1.0,16000,0.064498,0.542755,D:\STUPEN\Heartz\data-science\dataset\clean\A\A_0008.wav
A_0009.wav,A,1.0,16000,0.061968,0.581787,D:\STUPEN\Heartz\data-science\dataset\clean\A\A_0009.wav
A_0010.wav,A,1.0,16000,0.064498,0.646179,D:\STUPEN\Heartz\data-science\dataset\clean\A\A_0010.wav
A_0011.wav,A,1.0,16000,0.064498,0.596924,D:\STUPEN\Heartz\data-science\dataset\clean\A\A_0011.wav
A_0012.wav,A,1.0,16000,0.066933,0.512726,D:\STUPEN\Heartz\data-science\dataset\clean\A\A_0012.wav
A_0013.wav,A,1.0,16000,0.066933,0.499786,D:\STUPEN\Heartz\data-science\dataset\clean\A\A_0013.wav
A_0014.wav,A,1.0,16000,0.066933,0.481567,D:\STUPEN\Heartz\data-science\dataset\clean\A\A_0014.wav
A_0015.wav,A,1.0,16000,0.066933,0.494202,D:\STUPEN\Heartz\data-science\dataset\clean\A\A_0015.wav
A_0016.wav,A,1.0,16000,0.066933,0.520508,D:\STUPEN\Heartz\data-science\dataset\clean\A\A_0016.wav
A_0017.wav,A,1.0,16000,0.064498,0.521484,D:\STUPEN\Heartz\data-science\dataset\clean\A\A_0017.wav
A_0018.wav,A,1.0,16000,0.064498,0.543732,D:\STUPEN\Heartz\data-science\dataset\clean\A\A_0018.wav
A_0019.wav,A,1.0,16000,0.061968,0.585052,D:\STUPEN\Heartz\data-science\dataset\clean\A\A_0019.wav
A_0020.wav,A,1.0,16000,0.064498,0.679871,D:\STUPEN\Heartz\data-science\dataset\clean\A\A_0020.wav
A_0021.wav,A,1.0,16000,0.064498,0.572174,D:\STUPEN\Heartz\data-science\dataset\clean\A\A_0021.wav
A_0022.wav,A,1.0,16000,0.064498,0.550385,D:\STUPEN\Heartz\data-science\dataset\clean\A\A_0022.wav
A_0023.wav,A,1.0,16000,0.061968,0.526154,D:\STUPEN\Heartz\data-science\dataset\clean\A\A_0023.wav
A_0024.wav,A,1.0,16000,0.064498,0.479675,D:\STUPEN\Heartz\data-science\dataset\clean\A\A_0024.wav
A_0025.wav,A,1.0,16000,0.064498,0.522888,D:\STUPEN\Heartz\data-science\dataset\clean\A\A_0025.wav
A_0026.wav,A,1.0,16000,0.061968,0.475128,D:\STUPEN\Heartz\data-science\dataset\clean\A\A_0026.wav
A_0027.wav,A,1.0,16000,0.066933,0.451721,D:\STUPEN\Heartz\data-science\dataset\clean\A\A_0027.wav
A_0028.wav,A,1.0,16000,0.069282,0.412567,D:\STUPEN\Heartz\data-science\dataset\clean\A\A_0028.wav
A_0029.wav,A,1.0,16000,0.069282,0.485199,D:\STUPEN\Heartz\data-science\dataset\clean\A\A_0029.wav
A_0030.wav,A,1.0,16000,0.064498,0.453888,D:\STUPEN\Heartz\data-science\dataset\clean\A\A_0030.wav
A_0031.wav,A,1.0,16000,0.066933,0.526611,D:\STUPEN\Heartz\data-science\dataset\clean\A\A_0031.wav
A_0032.wav,A,1.0,16000,0.061968,0.528839,D:\STUPEN\Heartz\data-science\dataset\clean\A\A_0032.wav
A_0033.wav,A,1.0,16000,0.064498,0.53009,D:\STUPEN\Heartz\data-science\dataset\clean\A\A_0033.wav
A_0034.wav,A,1.0,16000,0.064498,0.549866,D:\STUPEN\Heartz\data-science\dataset\clean\A\A_0034.wav
A_0035.wav,A,1.0,16000,0.064498,0.624115,D:\STUPEN\Heartz\data-science\dataset\clean\A\A_0035.wav
A_0036.wav,A,1.0,16000,0.069282,0.660339,D:\STUPEN\Heartz\data-science\dataset\clean\A\A_0036.wav
A_0037.wav,A,1.0,16000,0.071554,0.469879,D:\STUPEN\Heartz\data-science\dataset\clean\A\A_0037.wav
A_0038.wav,A,1.0,16000,0.071554,0.518738,D:\STUPEN\Heartz\data-science\dataset\clean\A\A_0038.wav
A_0039.wav,A,1.0,16000,0.071554,0.458923,D:\STUPEN\Heartz\data-science\dataset\clean\A\A_0039.wav
A_0040.wav,A,1.0,16000,0.069282,0.4711,D:\STUPEN\Heartz\data-science\dataset\clean\A\A_0040.wav
A_0041.wav,A,1.0,16000,0.061968,0.426086,D:\STUPEN\Heartz\data-science\dataset\clean\A\A_0041.wav
A_0042.wav,A,1.0,16000,0.061968,0.440369,D:\STUPEN\Heartz\data-science\dataset\clean\A\A_0042.wav
A_0043.wav,A,1.0,16000,0.064498,0.524567,D:\STUPEN\Heartz\data-science\dataset\clean\A\A_0043.wav
A_0044.wav,A,1.0,16000,0.064498,0.551758,D:\STUPEN\Heartz\data-science\dataset\clean\A\A_0044.wav
A_0045.wav,A,1.0,16000,0.066933,0.501465,D:\STUPEN\Heartz\data-science\dataset\clean\A\A_0045.wav
A_0046.wav,A,1.0,16000,0.066933,0.551178,D:\STUPEN\Heartz\data-science\dataset\clean\A\A_0046.wav
A_0047.wav,A,1.0,16000,0.066933,0.547394,D:\STUPEN\Heartz\data-science\dataset\clean\A\A_0047.wav
A_0048.wav,A,1.0,16000,0.066933,0.484528,D:\STUPEN\Heartz\data-science\dataset\clean\A\A_0048.wav
A_0049.wav,A,1.0,16000,0.071554,0.555695,D:\STUPEN\Heartz\data-science\dataset\clean\A\A_0049.wav
A_0050.wav,A,1.0,16000,0.073756,0.499847,D:\STUPEN\Heartz\data-science\dataset\clean\A\A_0050.wav
A_0051.wav,A,1.0,16000,0.069282,0.479553,D:\STUPEN\Heartz\data-science\dataset\clean\A\A_0051.wav
A_0052.wav,A,1.0,16000,0.069282,0.53598,D:\STUPEN\Heartz\data-science\dataset\clean\A\A_0052.wav
A_0053.wav,A,1.0,16000,0.066933,0.503571,D:\STUPEN\Heartz\data-science\dataset\clean\A\A_0053.wav
A_0054.wav,A,1.0,16000,0.066933,0.507294,D:\STUPEN\Heartz\data-science\dataset\clean\A\A_0054.wav
A_0055.wav,A,1.0,16000,0.066933,0.480438,D:\STUPEN\Heartz\data-science\dataset\clean\A\A_0055.wav
A_0056.wav,A,1.0,16000,0.064498,0.478577,D:\STUPEN\Heartz\data-science\dataset\clean\A\A_0056.wav
A_0057.wav,A,1.0,16000,0.064498,0.471039,D:\STUPEN\Heartz\data-science\dataset\clean\A\A_0057.wav
A_0058.wav,A,1.0,16000,0.069282,0.649567,D:\STUPEN\Heartz\data-science\dataset\clean\A\A_0058.wav
A_0059.wav,A,1.0,16000,0.069282,0.532135,D:\STUPEN\Heartz\data-science\dataset\clean\A\A_0059.wav
A_0060.wav,A,1.0,16000,0.071554,0.588562,D:\STUPEN\Heartz\data-science\dataset\clean\A\A_0060.wav
A_0061.wav,A,1.0,16000,0.069282,0.594666,D:\STUPEN\Heartz\data-science\dataset\clean\A\A_0061.wav
A_0062.wav,A,1.0,16000,0.075895,0.673645,D:\STUPEN\Heartz\data-science\dataset\clean\A\A_0062.wav
A_0063.wav,A,1.0,16000,0.073756,0.555084,D:\STUPEN\Heartz\data-science\dataset\clean\A\A_0063.wav
A_0064.wav,A,1.0,16000,0.066933,0.496674,D:\STUPEN\Heartz\data-science\dataset\clean\A\A_0064.wav
A_0065.wav,A,1.0,16000,0.071554,0.539124,D:\STUPEN\Heartz\data-science\dataset\clean\A\A_0065.wav
A_0066.wav,A,1.0,16000,0.075895,0.50177,D:\STUPEN\Heartz\data-science\dataset\clean\A\A_0066.wav
A_0067.wav,A,1.0,16000,0.069282,0.501648,D:\STUPEN\Heartz\data-science\dataset\clean\A\A_0067.wav
A_0068.wav,A,1.0,16000,0.064498,0.489502,D:\STUPEN\Heartz\data-science\dataset\clean\A\A_0068.wav
A_0069.wav,A,1.0,16000,0.066933,0.520905,D:\STUPEN\Heartz\data-science\dataset\clean\A\A_0069.wav
A_0070.wav,A,1.0,16000,0.071554,0.499634,D:\STUPEN\Heartz\data-science\dataset\clean\A\A_0070.wav
A_0071.wav,A,1.0,16000,0.069282,0.505737,D:\STUPEN\Heartz\data-science\dataset\clean\A\A_0071.wav
A_0072.wav,A,1.0,16000,0.075895,0.489319,D:\STUPEN\Heartz\data-science\dataset\clean\A\A_0072.wav
A_0073.wav,A,1.0,16000,0.073756,0.505157,D:\STUPEN\Heartz\data-science\dataset\clean\A\A_0073.wav
A_0074.wav,A,1.0,16000,0.075895,0.551239,D:\STUPEN\Heartz\data-science\dataset\clean\A\A_0074.wav
A_0075.wav,A,1.0,16000,0.08,0.620972,D:\STUPEN\Heartz\data-science\dataset\clean\A\A_0075.wav
A_0076.wav,A,1.0,16000,0.075895,0.589203,D:\STUPEN\Heartz\data-science\dataset\clean\A\A_0076.wav
A_0077.wav,A,1.0,16000,0.064498,0.525421,D:\STUPEN\Heartz\data-science\dataset\clean\A\A_0077.wav
A_0078.wav,A,1.0,16000,0.066933,0.477631,D:\STUPEN\Heartz\data-science\dataset\clean\A\A_0078.wav
A_0079.wav,A,1.0,16000,0.066933,0.540253,D:\STUPEN\Heartz\data-science\dataset\clean\A\A_0079.wav
A_0080.wav,A,1.0,16000,0.069282,0.538177,D:\STUPEN\Heartz\data-science\dataset\clean\A\A_0080.wav
A_0081.wav,A,1.0,16000,0.069282,0.495422,D:\STUPEN\Heartz\data-science\dataset\clean\A\A_0081.wav
A_0082.wav,A,1.0,16000,0.069282,0.558289,D:\STUPEN\Heartz\data-science\dataset\clean\A\A_0082.wav
A_0083.wav,A,1.0,16000,0.069282,0.445038,D:\STUPEN\Heartz\data-science\dataset\clean\A\A_0083.wav
A_0084.wav,A,1.0,16000,0.071554,0.435791,D:\STUPEN\Heartz\data-science\dataset\clean\A\A_0084.wav
A_0085.wav,A,1.0,16000,0.069282,0.605682,D:\STUPEN\Heartz\data-science\dataset\clean\A\A_0085.wav
A_0086.wav,A,1.0,16000,0.073756,0.563171,D:\STUPEN\Heartz\data-science\dataset\clean\A\A_0086.wav
A_0087.wav,A,1.0,16000,0.064498,0.550781,D:\STUPEN\Heartz\data-science\dataset\clean\A\A_0087.wav
A_0088.wav,A,1.0,16000,0.069282,0.633179,D:\STUPEN\Heartz\data-science\dataset\clean\A\A_0088.wav
A_0089.wav,A,1.0,16000,0.064498,0.587463,D:\STUPEN\Heartz\data-science\dataset\clean\A\A_0089.wav
A_0090.wav,A,1.0,16000,0.064498,0.48584,D:\STUPEN\Heartz\data-science\dataset\clean\A\A_0090.wav
A_0091.wav,A,1.0,16000,0.061968,0.631531,D:\STUPEN\Heartz\data-science\dataset\clean\A\A_0091.wav
A_0092.wav,A,1.0,16000,0.064498,0.469757,D:\STUPEN\Heartz\data-science\dataset\clean\A\A_0092.wav
A_0093.wav,A,1.0,16000,0.066933,0.475922,D:\STUPEN\Heartz\data-science\dataset\clean\A\A_0093.wav
A_0094.wav,A,1.0,16000,0.064498,0.458496,D:\STUPEN\Heartz\data-science\dataset\clean\A\A_0094.wav
A_0095.wav,A,1.0,16000,0.066933,0.581787,D:\STUPEN\Heartz\data-science\dataset\clean\A\A_0095.wav
A_0096.wav,A,1.0,16000,0.066933,0.516937,D:\STUPEN\Heartz\data-science\dataset\clean\A\A_0096.wav
A_0097.wav,A,1.0,16000,0.066933,0.569977,D:\STUPEN\Heartz\data-science\dataset\clean\A\A_0097.wav
A_0098.wav,A,1.0,16000,0.064498,0.599854,D:\STUPEN\Heartz\data-science\dataset\clean\A\A_0098.wav
A_0099.wav,A,1.0,16000,0.066933,0.491486,D:\STUPEN\Heartz\data-science\dataset\clean\A\A_0099.wav
A_0100.wav,A,1.0,16000,0.08,0.440247,D:\STUPEN\Heartz\data-science\dataset\clean\A\A_0100.wav
A_0101.wav,A,1.0,16000,0.08579,0.530914,D:\STUPEN\Heartz\data-science\dataset\clean\A\A_0101.wav
A_0102.wav,A,1.0,16000,0.08,0.471497,D:\STUPEN\Heartz\data-science\dataset\clean\A\A_0102.wav
A_0103.wav,A,1.0,16000,0.077974,0.510468,D:\STUPEN\Heartz\data-science\dataset\clean\A\A_0103.wav
A_0104.wav,A,1.0,16000,0.08,0.477509,D:\STUPEN\Heartz\data-science\dataset\clean\A\A_0104.wav
A_0105.wav,A,1.0,16000,0.081976,0.473236,D:\STUPEN\Heartz\data-science\dataset\clean\A\A_0105.wav
A_0106.wav,A,1.0,16000,0.081976,0.476135,D:\STUPEN\Heartz\data-science\dataset\clean\A\A_0106.wav
A_0107.wav,A,1.0,16000,0.077974,0.375854,D:\STUPEN\Heartz\data-science\dataset\clean\A\A_0107.wav
A_0108.wav,A,1.0,16000,0.073756,0.578705,D:\STUPEN\Heartz\data-science\dataset\clean\A\A_0108.wav
A_0109.wav,A,1.0,16000,0.064498,0.460907,D:\STUPEN\Heartz\data-science\dataset\clean\A\A_0109.wav
A_0110.wav,A,1.0,16000,0.064498,0.457275,D:\STUPEN\Heartz\data-science\dataset\clean\A\A_0110.wav
A_0111.wav,A,1.0,16000,0.066933,0.514679,D:\STUPEN\Heartz\data-science\dataset\clean\A\A_0111.wav
A_0112.wav,A,1.0,16000,0.064498,0.480743,D:\STUPEN\Heartz\data-science\dataset\clean\A\A_0112.wav
A_0113.wav,A,1.0,16000,0.069282,0.506805,D:\STUPEN\Heartz\data-science\dataset\clean\A\A_0113.wav
A_0114.wav,A,1.0,16000,0.066933,0.496307,D:\STUPEN\Heartz\data-science\dataset\clean\A\A_0114.wav
A_0115.wav,A,1.0,16000,0.069282,0.549164,D:\STUPEN\Heartz\data-science\dataset\clean\A\A_0115.wav
A_0116.wav,A,1.0,16000,0.061968,0.474518,D:\STUPEN\Heartz\data-science\dataset\clean\A\A_0116.wav
A_0117.wav,A,1.0,16000,0.066933,0.524933,D:\STUPEN\Heartz\data-science\dataset\clean\A\A_0117.wav
A_0118.wav,A,1.0,16000,0.066933,0.596039,D:\STUPEN\Heartz\data-science\dataset\clean\A\A_0118.wav
A_0119.wav,A,1.0,16000,0.064498,0.517822,D:\STUPEN\Heartz\data-science\dataset\clean\A\A_0119.wav
A_0120.wav,A,1.0,16000,0.064498,0.535156,D:\STUPEN\Heartz\data-science\dataset\clean\A\A_0120.wav
A_0121.wav,A,1.0,16000,0.064498,0.490356,D:\STUPEN\Heartz\data-science\dataset\clean\A\A_0121.wav
A_0122.wav,A,1.0,16000,0.066933,0.542847,D:\STUPEN\Heartz\data-science\dataset\clean\A\A_0122.wav
A_0123.wav,A,1.0,16000,0.064498,0.542755,D:\STUPEN\Heartz\data-science\dataset\clean\A\A_0123.wav
A_0124.wav,A,1.0,16000,0.061968,0.581787,D:\STUPEN\Heartz\data-science\dataset\clean\A\A_0124.wav
A_0125.wav,A,1.0,16000,0.064498,0.646179,D:\STUPEN\Heartz\data-science\dataset\clean\A\A_0125.wav
A_0126.wav,A,1.0,16000,0.064498,0.596924,D:\STUPEN\Heartz\data-science\dataset\clean\A\A_0126.wav
A_0127.wav,A,1.0,16000,0.066933,0.512726,D:\STUPEN\Heartz\data-science\dataset\clean\A\A_0127.wav
A_0128.wav,A,1.0,16000,0.066933,0.499786,D:\STUPEN\Heartz\data-science\dataset\clean\A\A_0128.wav
A_0129.wav,A,1.0,16000,0.066933,0.481567,D:\STUPEN\Heartz\data-science\dataset\clean\A\A_0129.wav
A_0130.wav,A,1.0,16000,0.066933,0.494202,D:\STUPEN\Heartz\data-science\dataset\clean\A\A_0130.wav
A_0131.wav,A,1.0,16000,0.066933,0.520508,D:\STUPEN\Heartz\data-science\dataset\clean\A\A_0131.wav
A_0132.wav,A,1.0,16000,0.064498,0.521484,D:\STUPEN\Heartz\data-science\dataset\clean\A\A_0132.wav
A_0133.wav,A,1.0,16000,0.064498,0.543732,D:\STUPEN\Heartz\data-science\dataset\clean\A\A_0133.wav
A_0134.wav,A,1.0,16000,0.061968,0.585052,D:\STUPEN\Heartz\data-science\dataset\clean\A\A_0134.wav
A_0135.wav,A,1.0,16000,0.064498,0.679871,D:\STUPEN\Heartz\data-science\dataset\clean\A\A_0135.wav
A_0136.wav,A,1.0,16000,0.064498,0.572174,D:\STUPEN\Heartz\data-science\dataset\clean\A\A_0136.wav
A_0137.wav,A,1.0,16000,0.064498,0.550385,D:\STUPEN\Heartz\data-science\dataset\clean\A\A_0137.wav
A_0138.wav,A,1.0,16000,0.061968,0.526154,D:\STUPEN\Heartz\data-science\dataset\clean\A\A_0138.wav
A_0139.wav,A,1.0,16000,0.064498,0.479675,D:\STUPEN\Heartz\data-science\dataset\clean\A\A_0139.wav
A_0140.wav,A,1.0,16000,0.064498,0.522888,D:\STUPEN\Heartz\data-science\dataset\clean\A\A_0140.wav
A_0141.wav,A,1.0,16000,0.061968,0.475128,D:\STUPEN\Heartz\data-science\dataset\clean\A\A_0141.wav
A_0142.wav,A,1.0,16000,0.066933,0.451721,D:\STUPEN\Heartz\data-science\dataset\clean\A\A_0142.wav
A_0143.wav,A,1.0,16000,0.069282,0.412567,D:\STUPEN\Heartz\data-science\dataset\clean\A\A_0143.wav
A_0144.wav,A,1.0,16000,0.069282,0.485199,D:\STUPEN\Heartz\data-science\dataset\clean\A\A_0144.wav
A_0145.wav,A,1.0,16000,0.064498,0.453888,D:\STUPEN\Heartz\data-science\dataset\clean\A\A_0145.wav
A_0146.wav,A,1.0,16000,0.066933,0.526611,D:\STUPEN\Heartz\data-science\dataset\clean\A\A_0146.wav
A_0147.wav,A,1.0,16000,0.061968,0.528839,D:\STUPEN\Heartz\data-science\dataset\clean\A\A_0147.wav
A_0148.wav,A,1.0,16000,0.064498,0.53009,D:\STUPEN\Heartz\data-science\dataset\clean\A\A_0148.wav
A_0149.wav,A,1.0,16000,0.064498,0.549866,D:\STUPEN\Heartz\data-science\dataset\clean\A\A_0149.wav
A_0150.wav,A,1.0,16000,0.064498,0.624115,D:\STUPEN\Heartz\data-science\dataset\clean\A\A_0150.wav
A_0151.wav,A,1.0,16000,0.069282,0.660339,D:\STUPEN\Heartz\data-science\dataset\clean\A\A_0151.wav
A_0152.wav,A,1.0,16000,0.071554,0.469879,D:\STUPEN\Heartz\data-science\dataset\clean\A\A_0152.wav
A_0153.wav,A,1.0,16000,0.071554,0.518738,D:\STUPEN\Heartz\data-science\dataset\clean\A\A_0153.wav
A_0154.wav,A,1.0,16000,0.071554,0.458923,D:\STUPEN\Heartz\data-science\dataset\clean\A\A_0154.wav
A_0155.wav,A,1.0,16000,0.069282,0.4711,D:\STUPEN\Heartz\data-science\dataset\clean\A\A_0155.wav
A_0156.wav,A,1.0,16000,0.061968,0.426086,D:\STUPEN\Heartz\data-science\dataset\clean\A\A_0156.wav
A_0157.wav,A,1.0,16000,0.061968,0.440369,D:\STUPEN\Heartz\data-science\dataset\clean\A\A_0157.wav
A_0158.wav,A,1.0,16000,0.064498,0.524567,D:\STUPEN\Heartz\data-science\dataset\clean\A\A_0158.wav
A_0159.wav,A,1.0,16000,0.064498,0.551758,D:\STUPEN\Heartz\data-science\dataset\clean\A\A_0159.wav
A_0160.wav,A,1.0,16000,0.066933,0.501465,D:\STUPEN\Heartz\data-science\dataset\clean\A\A_0160.wav
A_0161.wav,A,1.0,16000,0.066933,0.551178,D:\STUPEN\Heartz\data-science\dataset\clean\A\A_0161.wav
A_0162.wav,A,1.0,16000,0.066933,0.547394,D:\STUPEN\Heartz\data-science\dataset\clean\A\A_0162.wav
A_0163.wav,A,1.0,16000,0.066933,0.484528,D:\STUPEN\Heartz\data-science\dataset\clean\A\A_0163.wav
A_0164.wav,A,1.0,16000,0.071554,0.555695,D:\STUPEN\Heartz\data-science\dataset\clean\A\A_0164.wav
A_0165.wav,A,1.0,16000,0.073756,0.499847,D:\STUPEN\Heartz\data-science\dataset\clean\A\A_0165.wav
A_0166.wav,A,1.0,16000,0.069282,0.479553,D:\STUPEN\Heartz\data-science\dataset\clean\A\A_0166.wav
A_0167.wav,A,1.0,16000,0.069282,0.53598,D:\STUPEN\Heartz\data-science\dataset\clean\A\A_0167.wav
A_0168.wav,A,1.0,16000,0.066933,0.503571,D:\STUPEN\Heartz\data-science\dataset\clean\A\A_0168.wav
A_0169.wav,A,1.0,16000,0.066933,0.507294,D:\STUPEN\Heartz\data-science\dataset\clean\A\A_0169.wav
A_0170.wav,A,1.0,16000,0.066933,0.480438,D:\STUPEN\Heartz\data-science\dataset\clean\A\A_0170.wav
A_0171.wav,A,1.0,16000,0.064498,0.478577,D:\STUPEN\Heartz\data-science\dataset\clean\A\A_0171.wav
A_0172.wav,A,1.0,16000,0.064498,0.471039,D:\STUPEN\Heartz\data-science\dataset\clean\A\A_0172.wav
A_0173.wav,A,1.0,16000,0.069282,0.649567,D:\STUPEN\Heartz\data-science\dataset\clean\A\A_0173.wav
A_0174.wav,A,1.0,16000,0.069282,0.532135,D:\STUPEN\Heartz\data-science\dataset\clean\A\A_0174.wav
A_0175.wav,A,1.0,16000,0.071554,0.588562,D:\STUPEN\Heartz\data-science\dataset\clean\A\A_0175.wav
A_0176.wav,A,1.0,16000,0.069282,0.594666,D:\STUPEN\Heartz\data-science\dataset\clean\A\A_0176.wav
A_0177.wav,A,1.0,16000,0.075895,0.673645,D:\STUPEN\Heartz\data-science\dataset\clean\A\A_0177.wav
A_0178.wav,A,1.0,16000,0.073756,0.555084,D:\STUPEN\Heartz\data-science\dataset\clean\A\A_0178.wav
A_0179.wav,A,1.0,16000,0.066933,0.496674,D:\STUPEN\Heartz\data-science\dataset\clean\A\A_0179.wav
A_0180.wav,A,1.0,16000,0.071554,0.539124,D:\STUPEN\Heartz\data-science\dataset\clean\A\A_0180.wav
A_0181.wav,A,1.0,16000,0.075895,0.50177,D:\STUPEN\Heartz\data-science\dataset\clean\A\A_0181.wav
A_0182.wav,A,1.0,16000,0.069282,0.501648,D:\STUPEN\Heartz\data-science\dataset\clean\A\A_0182.wav
A_0183.wav,A,1.0,16000,0.064498,0.489502,D:\STUPEN\Heartz\data-science\dataset\clean\A\A_0183.wav
A_0184.wav,A,1.0,16000,0.066933,0.520905,D:\STUPEN\Heartz\data-science\dataset\clean\A\A_0184.wav
A_0185.wav,A,1.0,16000,0.071554,0.499634,D:\STUPEN\Heartz\data-science\dataset\clean\A\A_0185.wav
A_0186.wav,A,1.0,16000,0.069282,0.505737,D:\STUPEN\Heartz\data-science\dataset\clean\A\A_0186.wav
A_0187.wav,A,1.0,16000,0.075895,0.489319,D:\STUPEN\Heartz\data-science\dataset\clean\A\A_0187.wav
A_0188.wav,A,1.0,16000,0.073756,0.505157,D:\STUPEN\Heartz\data-science\dataset\clean\A\A_0188.wav
A_0189.wav,A,1.0,16000,0.075895,0.551239,D:\STUPEN\Heartz\data-science\dataset\clean\A\A_0189.wav
A_0190.wav,A,1.0,16000,0.08,0.620972,D:\STUPEN\Heartz\data-science\dataset\clean\A\A_0190.wav
A_0191.wav,A,1.0,16000,0.075895,0.589203,D:\STUPEN\Heartz\data-science\dataset\clean\A\A_0191.wav
A_0192.wav,A,1.0,16000,0.064498,0.525421,D:\STUPEN\Heartz\data-science\dataset\clean\A\A_0192.wav
A_0193.wav,A,1.0,16000,0.066933,0.477631,D:\STUPEN\Heartz\data-science\dataset\clean\A\A_0193.wav
A_0194.wav,A,1.0,16000,0.066933,0.540253,D:\STUPEN\Heartz\data-science\dataset\clean\A\A_0194.wav
A_0195.wav,A,1.0,16000,0.069282,0.538177,D:\STUPEN\Heartz\data-science\dataset\clean\A\A_0195.wav
A_0196.wav,A,1.0,16000,0.069282,0.495422,D:\STUPEN\Heartz\data-science\dataset\clean\A\A_0196.wav
A_0197.wav,A,1.0,16000,0.069282,0.558289,D:\STUPEN\Heartz\data-science\dataset\clean\A\A_0197.wav
A_0198.wav,A,1.0,16000,0.069282,0.445038,D:\STUPEN\Heartz\data-science\dataset\clean\A\A_0198.wav
A_0199.wav,A,1.0,16000,0.071554,0.435791,D:\STUPEN\Heartz\data-science\dataset\clean\A\A_0199.wav
A_0200.wav,A,1.0,16000,0.069282,0.605682,D:\STUPEN\Heartz\data-science\dataset\clean\A\A_0200.wav
A_0201.wav,A,1.0,16000,0.073756,0.563171,D:\STUPEN\Heartz\data-science\dataset\clean\A\A_0201.wav
A_0202.wav,A,1.0,16000,0.064498,0.550781,D:\STUPEN\Heartz\data-science\dataset\clean\A\A_0202.wav
A_0203.wav,A,1.0,16000,0.069282,0.633179,D:\STUPEN\Heartz\data-science\dataset\clean\A\A_0203.wav
A_0204.wav,A,1.0,16000,0.064498,0.587463,D:\STUPEN\Heartz\data-science\dataset\clean\A\A_0204.wav
A_0205.wav,A,1.0,16000,0.064498,0.48584,D:\STUPEN\Heartz\data-science\dataset\clean\A\A_0205.wav
A_0206.wav,A,1.0,16000,0.061968,0.631531,D:\STUPEN\Heartz\data-science\dataset\clean\A\A_0206.wav
A_0207.wav,A,1.0,16000,0.064498,0.469757,D:\STUPEN\Heartz\data-science\dataset\clean\A\A_0207.wav
A_0208.wav,A,1.0,16000,0.066933,0.475922,D:\STUPEN\Heartz\data-science\dataset\clean\A\A_0208.wav
A_0209.wav,A,1.0,16000,0.064498,0.458496,D:\STUPEN\Heartz\data-science\dataset\clean\A\A_0209.wav
A_0210.wav,A,1.0,16000,0.066933,0.581787,D:\STUPEN\Heartz\data-science\dataset\clean\A\A_0210.wav
A_0211.wav,A,1.0,16000,0.066933,0.516937,D:\STUPEN\Heartz\data-science\dataset\clean\A\A_0211.wav
A_0212.wav,A,1.0,16000,0.066933,0.569977,D:\STUPEN\Heartz\data-science\dataset\clean\A\A_0212.wav
A_0213.wav,A,1.0,16000,0.064498,0.599854,D:\STUPEN\Heartz\data-science\dataset\clean\A\A_0213.wav
A_0214.wav,A,1.0,16000,0.066933,0.491486,D:\STUPEN\Heartz\data-science\dataset\clean\A\A_0214.wav
A_0215.wav,A,1.0,16000,0.08,0.440247,D:\STUPEN\Heartz\data-science\dataset\clean\A\A_0215.wav
A_0216.wav,A,1.0,16000,0.08579,0.530914,D:\STUPEN\Heartz\data-science\dataset\clean\A\A_0216.wav
A_0217.wav,A,1.0,16000,0.08,0.471497,D:\STUPEN\Heartz\data-science\dataset\clean\A\A_0217.wav
A_0218.wav,A,1.0,16000,0.077974,0.510468,D:\STUPEN\Heartz\data-science\dataset\clean\A\A_0218.wav
A_0219.wav,A,1.0,16000,0.08,0.477509,D:\STUPEN\Heartz\data-science\dataset\clean\A\A_0219.wav
A_0220.wav,A,1.0,16000,0.081976,0.473236,D:\STUPEN\Heartz\data-science\dataset\clean\A\A_0220.wav
A_0221.wav,A,1.0,16000,0.081976,0.476135,D:\STUPEN\Heartz\data-science\dataset\clean\A\A_0221.wav
A_0222.wav,A,1.0,16000,0.077974,0.375854,D:\STUPEN\Heartz\data-science\dataset\clean\A\A_0222.wav
A_0223.wav,A,1.0,16000,0.073756,0.578705,D:\STUPEN\Heartz\data-science\dataset\clean\A\A_0223.wav
A_0224.wav,A,1.0,16000,0.064498,0.460907,D:\STUPEN\Heartz\data-science\dataset\clean\A\A_0224.wav
A_0225.wav,A,1.0,16000,0.064498,0.457275,D:\STUPEN\Heartz\data-science\dataset\clean\A\A_0225.wav
A_0226.wav,A,1.0,16000,0.066933,0.514679,D:\STUPEN\Heartz\data-science\dataset\clean\A\A_0226.wav
A_0227.wav,A,1.0,16000,0.064498,0.480743,D:\STUPEN\Heartz\data-science\dataset\clean\A\A_0227.wav
A_0228.wav,A,1.0,16000,0.069282,0.506805,D:\STUPEN\Heartz\data-science\dataset\clean\A\A_0228.wav
A_0229.wav,A,1.0,16000,0.066933,0.496307,D:\STUPEN\Heartz\data-science\dataset\clean\A\A_0229.wav
A_0230.wav,A,1.0,16000,0.069282,0.549164,D:\STUPEN\Heartz\data-science\dataset\clean\A\A_0230.wav
A_0231.wav,A,1.0,16000,0.061968,0.474518,D:\STUPEN\Heartz\data-science\dataset\clean\A\A_0231.wav
A_0232.wav,A,1.0,16000,0.066933,0.524933,D:\STUPEN\Heartz\data-science\dataset\clean\A\A_0232.wav
A_0233.wav,A,1.0,16000,0.066933,0.596039,D:\STUPEN\Heartz\data-science\dataset\clean\A\A_0233.wav
A_0234.wav,A,1.0,16000,0.064498,0.517822,D:\STUPEN\Heartz\data-science\dataset\clean\A\A_0234.wav
A_0235.wav,A,1.0,16000,0.064498,0.535156,D:\STUPEN\Heartz\data-science\dataset\clean\A\A_0235.wav
A_0236.wav,A,1.0,16000,0.064498,0.490356,D:\STUPEN\Heartz\data-science\dataset\clean\A\A_0236.wav
A_0237.wav,A,1.0,16000,0.066933,0.542847,D:\STUPEN\Heartz\data-science\dataset\clean\A\A_0237.wav
A_0238.wav,A,1.0,16000,0.064498,0.542755,D:\STUPEN\Heartz\data-science\dataset\clean\A\A_0238.wav
A_0239.wav,A,1.0,16000,0.061968,0.581787,D:\STUPEN\Heartz\data-science\dataset\clean\A\A_0239.wav
A_0240.wav,A,1.0,16000,0.064498,0.646179,D:\STUPEN\Heartz\data-science\dataset\clean\A\A_0240.wav
A_0241.wav,A,1.0,16000,0.064498,0.596924,D:\STUPEN\Heartz\data-science\dataset\clean\A\A_0241.wav
A_0242.wav,A,1.0,16000,0.066933,0.512726,D:\STUPEN\Heartz\data-science\dataset\clean\A\A_0242.wav
A_0243.wav,A,1.0,16000,0.066933,0.499786,D:\STUPEN\Heartz\data-science\dataset\clean\A\A_0243.wav
A_0244.wav,A,1.0,16000,0.066933,0.481567,D:\STUPEN\Heartz\data-science\dataset\clean\A\A_0244.wav
A_0245.wav,A,1.0,16000,0.066933,0.494202,D:\STUPEN\Heartz\data-science\dataset\clean\A\A_0245.wav
A_0246.wav,A,1.0,16000,0.066933,0.520508,D:\STUPEN\Heartz\data-science\dataset\clean\A\A_0246.wav
A_0247.wav,A,1.0,16000,0.064498,0.521484,D:\STUPEN\Heartz\data-science\dataset\clean\A\A_0247.wav
A_0248.wav,A,1.0,16000,0.064498,0.543732,D:\STUPEN\Heartz\data-science\dataset\clean\A\A_0248.wav
A_0249.wav,A,1.0,16000,0.061968,0.585052,D:\STUPEN\Heartz\data-science\dataset\clean\A\A_0249.wav
A_0250.wav,A,1.0,16000,0.064498,0.679871,D:\STUPEN\Heartz\data-science\dataset\clean\A\A_0250.wav
A_0251.wav,A,1.0,16000,0.064498,0.572174,D:\STUPEN\Heartz\data-science\dataset\clean\A\A_0251.wav
A_0252.wav,A,1.0,16000,0.064498,0.550385,D:\STUPEN\Heartz\data-science\dataset\clean\A\A_0252.wav
A_0253.wav,A,1.0,16000,0.061968,0.526154,D:\STUPEN\Heartz\data-science\dataset\clean\A\A_0253.wav
A_0254.wav,A,1.0,16000,0.064498,0.479675,D:\STUPEN\Heartz\data-science\dataset\clean\A\A_0254.wav
A_0255.wav,A,1.0,16000,0.064498,0.522888,D:\STUPEN\Heartz\data-science\dataset\clean\A\A_0255.wav
A_0256.wav,A,1.0,16000,0.061968,0.475128,D:\STUPEN\Heartz\data-science\dataset\clean\A\A_0256.wav
A_0257.wav,A,1.0,16000,0.066933,0.451721,D:\STUPEN\Heartz\data-science\dataset\clean\A\A_0257.wav
A_0258.wav,A,1.0,16000,0.069282,0.412567,D:\STUPEN\Heartz\data-science\dataset\clean\A\A_0258.wav
A_0259.wav,A,1.0,16000,0.069282,0.485199,D:\STUPEN\Heartz\data-science\dataset\clean\A\A_0259.wav
A_0260.wav,A,1.0,16000,0.064498,0.453888,D:\STUPEN\Heartz\data-science\dataset\clean\A\A_0260.wav
A_0261.wav,A,1.0,16000,0.066933,0.526611,D:\STUPEN\Heartz\data-science\dataset\clean\A\A_0261.wav
A_0262.wav,A,1.0,16000,0.061968,0.528839,D:\STUPEN\Heartz\data-science\dataset\clean\A\A_0262.wav
A_0263.wav,A,1.0,16000,0.064498,0.53009,D:\STUPEN\Heartz\data-science\dataset\clean\A\A_0263.wav
A_0264.wav,A,1.0,16000,0.064498,0.549866,D:\STUPEN\Heartz\data-science\dataset\clean\A\A_0264.wav
A_0265.wav,A,1.0,16000,0.064498,0.624115,D:\STUPEN\Heartz\data-science\dataset\clean\A\A_0265.wav
A_0266.wav,A,1.0,16000,0.069282,0.660339,D:\STUPEN\Heartz\data-science\dataset\clean\A\A_0266.wav
A_0267.wav,A,1.0,16000,0.071554,0.469879,D:\STUPEN\Heartz\data-science\dataset\clean\A\A_0267.wav
A_0268.wav,A,1.0,16000,0.071554,0.518738,D:\STUPEN\Heartz\data-science\dataset\clean\A\A_0268.wav
A_0269.wav,A,1.0,16000,0.071554,0.458923,D:\STUPEN\Heartz\data-science\dataset\clean\A\A_0269.wav
A_0270.wav,A,1.0,16000,0.069282,0.4711,D:\STUPEN\Heartz\data-science\dataset\clean\A\A_0270.wav
A_0271.wav,A,1.0,16000,0.061968,0.426086,D:\STUPEN\Heartz\data-science\dataset\clean\A\A_0271.wav
A_0272.wav,A,1.0,16000,0.061968,0.440369,D:\STUPEN\Heartz\data-science\dataset\clean\A\A_0272.wav
A_0273.wav,A,1.0,16000,0.064498,0.524567,D:\STUPEN\Heartz\data-science\dataset\clean\A\A_0273.wav
A_0274.wav,A,1.0,16000,0.064498,0.551758,D:\STUPEN\Heartz\data-science\dataset\clean\A\A_0274.wav
A_0275.wav,A,1.0,16000,0.066933,0.501465,D:\STUPEN\Heartz\data-science\dataset\clean\A\A_0275.wav
A_0276.wav,A,1.0,16000,0.066933,0.551178,D:\STUPEN\Heartz\data-science\dataset\clean\A\A_0276.wav
A_0277.wav,A,1.0,16000,0.066933,0.547394,D:\STUPEN\Heartz\data-science\dataset\clean\A\A_0277.wav
A_0278.wav,A,1.0,16000,0.066933,0.484528,D:\STUPEN\Heartz\data-science\dataset\clean\A\A_0278.wav
A_0279.wav,A,1.0,16000,0.071554,0.555695,D:\STUPEN\Heartz\data-science\dataset\clean\A\A_0279.wav
A_0280.wav,A,1.0,16000,0.073756,0.499847,D:\STUPEN\Heartz\data-science\dataset\clean\A\A_0280.wav
A_0281.wav,A,1.0,16000,0.069282,0.479553,D:\STUPEN\Heartz\data-science\dataset\clean\A\A_0281.wav
A_0282.wav,A,1.0,16000,0.069282,0.53598,D:\STUPEN\Heartz\data-science\dataset\clean\A\A_0282.wav
A_0283.wav,A,1.0,16000,0.066933,0.503571,D:\STUPEN\Heartz\data-science\dataset\clean\A\A_0283.wav
A_0284.wav,A,1.0,16000,0.066933,0.507294,D:\STUPEN\Heartz\data-science\dataset\clean\A\A_0284.wav
A_0285.wav,A,1.0,16000,0.066933,0.480438,D:\STUPEN\Heartz\data-science\dataset\clean\A\A_0285.wav
A_0286.wav,A,1.0,16000,0.064498,0.478577,D:\STUPEN\Heartz\data-science\dataset\clean\A\A_0286.wav
A_0287.wav,A,1.0,16000,0.064498,0.471039,D:\STUPEN\Heartz\data-science\dataset\clean\A\A_0287.wav
A_0288.wav,A,1.0,16000,0.069282,0.649567,D:\STUPEN\Heartz\data-science\dataset\clean\A\A_0288.wav
A_0289.wav,A,1.0,16000,0.069282,0.532135,D:\STUPEN\Heartz\data-science\dataset\clean\A\A_0289.wav
A_0290.wav,A,1.0,16000,0.071554,0.588562,D:\STUPEN\Heartz\data-science\dataset\clean\A\A_0290.wav
A_0291.wav,A,1.0,16000,0.069282,0.594666,D:\STUPEN\Heartz\data-science\dataset\clean\A\A_0291.wav
A_0292.wav,A,1.0,16000,0.075895,0.673645,D:\STUPEN\Heartz\data-science\dataset\clean\A\A_0292.wav
A_0293.wav,A,1.0,16000,0.073756,0.555084,D:\STUPEN\Heartz\data-science\dataset\clean\A\A_0293.wav
A_0294.wav,A,1.0,16000,0.066933,0.496674,D:\STUPEN\Heartz\data-science\dataset\clean\A\A_0294.wav
A_0295.wav,A,1.0,16000,0.071554,0.539124,D:\STUPEN\Heartz\data-science\dataset\clean\A\A_0295.wav
A_0296.wav,A,1.0,16000,0.075895,0.50177,D:\STUPEN\Heartz\data-science\dataset\clean\A\A_0296.wav
A_0297.wav,A,1.0,16000,0.069282,0.501648,D:\STUPEN\Heartz\data-science\dataset\clean\A\A_0297.wav
A_0298.wav,A,1.0,16000,0.064498,0.489502,D:\STUPEN\Heartz\data-science\dataset\clean\A\A_0298.wav
A_0299.wav,A,1.0,16000,0.066933,0.520905,D:\STUPEN\Heartz\data-science\dataset\clean\A\A_0299.wav
A_0300.wav,A,1.0,16000,0.071554,0.499634,D:\STUPEN\Heartz\data-science\dataset\clean\A\A_0300.wav
A_0301.wav,A,1.0,16000,0.069282,0.505737,D:\STUPEN\Heartz\data-science\dataset\clean\A\A_0301.wav
A_0302.wav,A,1.0,16000,0.075895,0.489319,D:\STUPEN\Heartz\data-science\dataset\clean\A\A_0302.wav
A_0303.wav,A,1.0,16000,0.073756,0.505157,D:\STUPEN\Heartz\data-science\dataset\clean\A\A_0303.wav
A_0304.wav,A,1.0,16000,0.075895,0.551239,D:\STUPEN\Heartz\data-science\dataset\clean\A\A_0304.wav
A_0305.wav,A,1.0,16000,0.08,0.620972,D:\STUPEN\Heartz\data-science\dataset\clean\A\A_0305.wav
A_0306.wav,A,1.0,16000,0.075895,0.589203,D:\STUPEN\Heartz\data-science\dataset\clean\A\A_0306.wav
A_0307.wav,A,1.0,16000,0.064498,0.525421,D:\STUPEN\Heartz\data-science\dataset\clean\A\A_0307.wav
A_0308.wav,A,1.0,16000,0.066933,0.477631,D:\STUPEN\Heartz\data-science\dataset\clean\A\A_0308.wav
A_0309.wav,A,1.0,16000,0.066933,0.540253,D:\STUPEN\Heartz\data-science\dataset\clean\A\A_0309.wav
A_0310.wav,A,1.0,16000,0.069282,0.538177,D:\STUPEN\Heartz\data-science\dataset\clean\A\A_0310.wav
A_0311.wav,A,1.0,16000,0.069282,0.495422,D:\STUPEN\Heartz\data-science\dataset\clean\A\A_0311.wav
A_0312.wav,A,1.0,16000,0.069282,0.558289,D:\STUPEN\Heartz\data-science\dataset\clean\A\A_0312.wav
A_0313.wav,A,1.0,16000,0.069282,0.445038,D:\STUPEN\Heartz\data-science\dataset\clean\A\A_0313.wav
A_0314.wav,A,1.0,16000,0.071554,0.435791,D:\STUPEN\Heartz\data-science\dataset\clean\A\A_0314.wav
A_0315.wav,A,1.0,16000,0.069282,0.605682,D:\STUPEN\Heartz\data-science\dataset\clean\A\A_0315.wav
A_0316.wav,A,1.0,16000,0.073756,0.563171,D:\STUPEN\Heartz\data-science\dataset\clean\A\A_0316.wav
A_0317.wav,A,1.0,16000,0.064498,0.550781,D:\STUPEN\Heartz\data-science\dataset\clean\A\A_0317.wav
A_0318.wav,A,1.0,16000,0.069282,0.633179,D:\STUPEN\Heartz\data-science\dataset\clean\A\A_0318.wav
A_0319.wav,A,1.0,16000,0.064498,0.587463,D:\STUPEN\Heartz\data-science\dataset\clean\A\A_0319.wav
A_0320.wav,A,1.0,16000,0.064498,0.48584,D:\STUPEN\Heartz\data-science\dataset\clean\A\A_0320.wav
A_0321.wav,A,1.0,16000,0.061968,0.631531,D:\STUPEN\Heartz\data-science\dataset\clean\A\A_0321.wav
A_0322.wav,A,1.0,16000,0.064498,0.469757,D:\STUPEN\Heartz\data-science\dataset\clean\A\A_0322.wav
A_0323.wav,A,1.0,16000,0.066933,0.475922,D:\STUPEN\Heartz\data-science\dataset\clean\A\A_0323.wav
A_0324.wav,A,1.0,16000,0.064498,0.458496,D:\STUPEN\Heartz\data-science\dataset\clean\A\A_0324.wav
A_0325.wav,A,1.0,16000,0.066933,0.581787,D:\STUPEN\Heartz\data-science\dataset\clean\A\A_0325.wav
A_0326.wav,A,1.0,16000,0.066933,0.516937,D:\STUPEN\Heartz\data-science\dataset\clean\A\A_0326.wav
A_0327.wav,A,1.0,16000,0.066933,0.569977,D:\STUPEN\Heartz\data-science\dataset\clean\A\A_0327.wav
A_0328.wav,A,1.0,16000,0.064498,0.599854,D:\STUPEN\Heartz\data-science\dataset\clean\A\A_0328.wav
A_0329.wav,A,1.0,16000,0.066933,0.491486,D:\STUPEN\Heartz\data-science\dataset\clean\A\A_0329.wav
A_0330.wav,A,1.0,16000,0.08,0.440247,D:\STUPEN\Heartz\data-science\dataset\clean\A\A_0330.wav
A_0331.wav,A,1.0,16000,0.08579,0.530914,D:\STUPEN\Heartz\data-science\dataset\clean\A\A_0331.wav
A_0332.wav,A,1.0,16000,0.08,0.471497,D:\STUPEN\Heartz\data-science\dataset\clean\A\A_0332.wav
A_0333.wav,A,1.0,16000,0.077974,0.510468,D:\STUPEN\Heartz\data-science\dataset\clean\A\A_0333.wav
A_0334.wav,A,1.0,16000,0.08,0.477509,D:\STUPEN\Heartz\data-science\dataset\clean\A\A_0334.wav
A_0335.wav,A,1.0,16000,0.081976,0.473236,D:\STUPEN\Heartz\data-science\dataset\clean\A\A_0335.wav
A_0336.wav,A,1.0,16000,0.081976,0.476135,D:\STUPEN\Heartz\data-science\dataset\clean\A\A_0336.wav
A_0337.wav,A,1.0,16000,0.077974,0.375854,D:\STUPEN\Heartz\data-science\dataset\clean\A\A_0337.wav
A_0338.wav,A,1.0,16000,0.073756,0.578705,D:\STUPEN\Heartz\data-science\dataset\clean\A\A_0338.wav
A_0339.wav,A,1.0,16000,0.064498,0.460907,D:\STUPEN\Heartz\data-science\dataset\clean\A\A_0339.wav
A_0340.wav,A,1.0,16000,0.064498,0.457275,D:\STUPEN\Heartz\data-science\dataset\clean\A\A_0340.wav
A_0341.wav,A,1.0,16000,0.066933,0.514679,D:\STUPEN\Heartz\data-science\dataset\clean\A\A_0341.wav
A_0342.wav,A,1.0,16000,0.064498,0.480743,D:\STUPEN\Heartz\data-science\dataset\clean\A\A_0342.wav
A_0343.wav,A,1.0,16000,0.069282,0.506805,D:\STUPEN\Heartz\data-science\dataset\clean\A\A_0343.wav
A_0344.wav,A,1.0,16000,0.066933,0.496307,D:\STUPEN\Heartz\data-science\dataset\clean\A\A_0344.wav
A_0345.wav,A,1.0,16000,0.069282,0.549164,D:\STUPEN\Heartz\data-science\dataset\clean\A\A_0345.wav
A_0346.wav,A,1.0,16000,0.061968,0.474518,D:\STUPEN\Heartz\data-science\dataset\clean\A\A_0346.wav
A_0347.wav,A,1.0,16000,0.066933,0.524933,D:\STUPEN\Heartz\data-science\dataset\clean\A\A_0347.wav
A_0348.wav,A,1.0,16000,0.066933,0.596039,D:\STUPEN\Heartz\data-science\dataset\clean\A\A_0348.wav
A_0349.wav,A,1.0,16000,0.064498,0.517822,D:\STUPEN\Heartz\data-science\dataset\clean\A\A_0349.wav
A_0350.wav,A,1.0,16000,0.064498,0.535156,D:\STUPEN\Heartz\data-science\dataset\clean\A\A_0350.wav
A_0351.wav,A,1.0,16000,0.064498,0.490356,D:\STUPEN\Heartz\data-science\dataset\clean\A\A_0351.wav
A_0352.wav,A,1.0,16000,0.066933,0.542847,D:\STUPEN\Heartz\data-science\dataset\clean\A\A_0352.wav
A_0353.wav,A,1.0,16000,0.064498,0.542755,D:\STUPEN\Heartz\data-science\dataset\clean\A\A_0353.wav
A_0354.wav,A,1.0,16000,0.061968,0.581787,D:\STUPEN\Heartz\data-science\dataset\clean\A\A_0354.wav
A_0355.wav,A,1.0,16000,0.064498,0.646179,D:\STUPEN\Heartz\data-science\dataset\clean\A\A_0355.wav
A_0356.wav,A,1.0,16000,0.064498,0.596924,D:\STUPEN\Heartz\data-science\dataset\clean\A\A_0356.wav
A_0357.wav,A,1.0,16000,0.066933,0.512726,D:\STUPEN\Heartz\data-science\dataset\clean\A\A_0357.wav
A_0358.wav,A,1.0,16000,0.066933,0.499786,D:\STUPEN\Heartz\data-science\dataset\clean\A\A_0358.wav
A_0359.wav,A,1.0,16000,0.066933,0.481567,D:\STUPEN\Heartz\data-science\dataset\clean\A\A_0359.wav
A_0360.wav,A,1.0,16000,0.066933,0.494202,D:\STUPEN\Heartz\data-science\dataset\clean\A\A_0360.wav
A_0361.wav,A,1.0,16000,0.066933,0.520508,D:\STUPEN\Heartz\data-science\dataset\clean\A\A_0361.wav
A_0362.wav,A,1.0,16000,0.064498,0.521484,D:\STUPEN\Heartz\data-science\dataset\clean\A\A_0362.wav
A_0363.wav,A,1.0,16000,0.064498,0.543732,D:\STUPEN\Heartz\data-science\dataset\clean\A\A_0363.wav
A_0364.wav,A,1.0,16000,0.061968,0.585052,D:\STUPEN\Heartz\data-science\dataset\clean\A\A_0364.wav
A_0365.wav,A,1.0,16000,0.064498,0.679871,D:\STUPEN\Heartz\data-science\dataset\clean\A\A_0365.wav
A_0366.wav,A,1.0,16000,0.064498,0.572174,D:\STUPEN\Heartz\data-science\dataset\clean\A\A_0366.wav
A_0367.wav,A,1.0,16000,0.064498,0.550385,D:\STUPEN\Heartz\data-science\dataset\clean\A\A_0367.wav
A_0368.wav,A,1.0,16000,0.061968,0.526154,D:\STUPEN\Heartz\data-science\dataset\clean\A\A_0368.wav
A_0369.wav,A,1.0,16000,0.064498,0.479675,D:\STUPEN\Heartz\data-science\dataset\clean\A\A_0369.wav
A_0370.wav,A,1.0,16000,0.064498,0.522888,D:\STUPEN\Heartz\data-science\dataset\clean\A\A_0370.wav
A_0371.wav,A,1.0,16000,0.061968,0.475128,D:\STUPEN\Heartz\data-science\dataset\clean\A\A_0371.wav
A_0372.wav,A,1.0,16000,0.066933,0.451721,D:\STUPEN\Heartz\data-science\dataset\clean\A\A_0372.wav
A_0373.wav,A,1.0,16000,0.069282,0.412567,D:\STUPEN\Heartz\data-science\dataset\clean\A\A_0373.wav
A_0374.wav,A,1.0,16000,0.069282,0.485199,D:\STUPEN\Heartz\data-science\dataset\clean\A\A_0374.wav
A_0375.wav,A,1.0,16000,0.064498,0.453888,D:\STUPEN\Heartz\data-science\dataset\clean\A\A_0375.wav
A_0376.wav,A,1.0,16000,0.066933,0.526611,D:\STUPEN\Heartz\data-science\dataset\clean\A\A_0376.wav
A_0377.wav,A,1.0,16000,0.061968,0.528839,D:\STUPEN\Heartz\data-science\dataset\clean\A\A_0377.wav
A_0378.wav,A,1.0,16000,0.064498,0.53009,D:\STUPEN\Heartz\data-science\dataset\clean\A\A_0378.wav
A_0379.wav,A,1.0,16000,0.064498,0.549866,D:\STUPEN\Heartz\data-science\dataset\clean\A\A_0379.wav
A_0380.wav,A,1.0,16000,0.064498,0.624115,D:\STUPEN\Heartz\data-science\dataset\clean\A\A_0380.wav
A_0381.wav,A,1.0,16000,0.069282,0.660339,D:\STUPEN\Heartz\data-science\dataset\clean\A\A_0381.wav
A_0382.wav,A,1.0,16000,0.071554,0.469879,D:\STUPEN\Heartz\data-science\dataset\clean\A\A_0382.wav
A_0383.wav,A,1.0,16000,0.071554,0.518738,D:\STUPEN\Heartz\data-science\dataset\clean\A\A_0383.wav
A_0384.wav,A,1.0,16000,0.071554,0.458923,D:\STUPEN\Heartz\data-science\dataset\clean\A\A_0384.wav
A_0385.wav,A,1.0,16000,0.069282,0.4711,D:\STUPEN\Heartz\data-science\dataset\clean\A\A_0385.wav
A_0386.wav,A,1.0,16000,0.061968,0.426086,D:\STUPEN\Heartz\data-science\dataset\clean\A\A_0386.wav
A_0387.wav,A,1.0,16000,0.061968,0.440369,D:\STUPEN\Heartz\data-science\dataset\clean\A\A_0387.wav
A_0388.wav,A,1.0,16000,0.064498,0.524567,D:\STUPEN\Heartz\data-science\dataset\clean\A\A_0388.wav
A_0389.wav,A,1.0,16000,0.064498,0.551758,D:\STUPEN\Heartz\data-science\dataset\clean\A\A_0389.wav
A_0390.wav,A,1.0,16000,0.066933,0.501465,D:\STUPEN\Heartz\data-science\dataset\clean\A\A_0390.wav
A_0391.wav,A,1.0,16000,0.066933,0.551178,D:\STUPEN\Heartz\data-science\dataset\clean\A\A_0391.wav
A_0392.wav,A,1.0,16000,0.066933,0.547394,D:\STUPEN\Heartz\data-science\dataset\clean\A\A_0392.wav
A_0393.wav,A,1.0,16000,0.066933,0.484528,D:\STUPEN\Heartz\data-science\dataset\clean\A\A_0393.wav
A_0394.wav,A,1.0,16000,0.071554,0.555695,D:\STUPEN\Heartz\data-science\dataset\clean\A\A_0394.wav
A_0395.wav,A,1.0,16000,0.073756,0.499847,D:\STUPEN\Heartz\data-science\dataset\clean\A\A_0395.wav
A_0396.wav,A,1.0,16000,0.069282,0.479553,D:\STUPEN\Heartz\data-science\dataset\clean\A\A_0396.wav
A_0397.wav,A,1.0,16000,0.069282,0.53598,D:\STUPEN\Heartz\data-science\dataset\clean\A\A_0397.wav
A_0398.wav,A,1.0,16000,0.066933,0.503571,D:\STUPEN\Heartz\data-science\dataset\clean\A\A_0398.wav
A_0399.wav,A,1.0,16000,0.066933,0.507294,D:\STUPEN\Heartz\data-science\dataset\clean\A\A_0399.wav
A_0400.wav,A,1.0,16000,0.066933,0.480438,D:\STUPEN\Heartz\data-science\dataset\clean\A\A_0400.wav
A_0401.wav,A,1.0,16000,0.064498,0.478577,D:\STUPEN\Heartz\data-science\dataset\clean\A\A_0401.wav
A_0402.wav,A,1.0,16000,0.064498,0.471039,D:\STUPEN\Heartz\data-science\dataset\clean\A\A_0402.wav
A_0403.wav,A,1.0,16000,0.069282,0.649567,D:\STUPEN\Heartz\data-science\dataset\clean\A\A_0403.wav
A_0404.wav,A,1.0,16000,0.069282,0.532135,D:\STUPEN\Heartz\data-science\dataset\clean\A\A_0404.wav
A_0405.wav,A,1.0,16000,0.071554,0.588562,D:\STUPEN\Heartz\data-science\dataset\clean\A\A_0405.wav
A_0406.wav,A,1.0,16000,0.069282,0.594666,D:\STUPEN\Heartz\data-science\dataset\clean\A\A_0406.wav
A_0407.wav,A,1.0,16000,0.075895,0.673645,D:\STUPEN\Heartz\data-science\dataset\clean\A\A_0407.wav
A_0408.wav,A,1.0,16000,0.073756,0.555084,D:\STUPEN\Heartz\data-science\dataset\clean\A\A_0408.wav
A_0409.wav,A,1.0,16000,0.066933,0.496674,D:\STUPEN\Heartz\data-science\dataset\clean\A\A_0409.wav
A_0410.wav,A,1.0,16000,0.071554,0.539124,D:\STUPEN\Heartz\data-science\dataset\clean\A\A_0410.wav
A_0411.wav,A,1.0,16000,0.075895,0.50177,D:\STUPEN\Heartz\data-science\dataset\clean\A\A_0411.wav
A_0412.wav,A,1.0,16000,0.069282,0.501648,D:\STUPEN\Heartz\data-science\dataset\clean\A\A_0412.wav
A_0413.wav,A,1.0,16000,0.064498,0.489502,D:\STUPEN\Heartz\data-science\dataset\clean\A\A_0413.wav
A_0414.wav,A,1.0,16000,0.066933,0.520905,D:\STUPEN\Heartz\data-science\dataset\clean\A\A_0414.wav
A_0415.wav,A,1.0,16000,0.071554,0.499634,D:\STUPEN\Heartz\data-science\dataset\clean\A\A_0415.wav
A_0416.wav,A,1.0,16000,0.069282,0.505737,D:\STUPEN\Heartz\data-science\dataset\clean\A\A_0416.wav
A_0417.wav,A,1.0,16000,0.075895,0.489319,D:\STUPEN\Heartz\data-science\dataset\clean\A\A_0417.wav
A_0418.wav,A,1.0,16000,0.073756,0.505157,D:\STUPEN\Heartz\data-science\dataset\clean\A\A_0418.wav
A_0419.wav,A,1.0,16000,0.075895,0.551239,D:\STUPEN\Heartz\data-science\dataset\clean\A\A_0419.wav
A_0420.wav,A,1.0,16000,0.08,0.620972,D:\STUPEN\Heartz\data-science\dataset\clean\A\A_0420.wav
A_0421.wav,A,1.0,16000,0.075895,0.589203,D:\STUPEN\Heartz\data-science\dataset\clean\A\A_0421.wav
A_0422.wav,A,1.0,16000,0.064498,0.525421,D:\STUPEN\Heartz\data-science\dataset\clean\A\A_0422.wav
A_0423.wav,A,1.0,16000,0.066933,0.477631,D:\STUPEN\Heartz\data-science\dataset\clean\A\A_0423.wav
A_0424.wav,A,1.0,16000,0.066933,0.540253,D:\STUPEN\Heartz\data-science\dataset\clean\A\A_0424.wav
A_0425.wav,A,1.0,16000,0.069282,0.538177,D:\STUPEN\Heartz\data-science\dataset\clean\A\A_0425.wav
A_0426.wav,A,1.0,16000,0.069282,0.495422,D:\STUPEN\Heartz\data-science\dataset\clean\A\A_0426.wav
A_0427.wav,A,1.0,16000,0.069282,0.558289,D:\STUPEN\Heartz\data-science\dataset\clean\A\A_0427.wav
A_0428.wav,A,1.0,16000,0.069282,0.445038,D:\STUPEN\Heartz\data-science\dataset\clean\A\A_0428.wav
A_0429.wav,A,1.0,16000,0.071554,0.435791,D:\STUPEN\Heartz\data-science\dataset\clean\A\A_0429.wav
A_0430.wav,A,1.0,16000,0.069282,0.605682,D:\STUPEN\Heartz\data-science\dataset\clean\A\A_0430.wav
A_0431.wav,A,1.0,16000,0.073756,0.563171,D:\STUPEN\Heartz\data-science\dataset\clean\A\A_0431.wav
A_0432.wav,A,1.0,16000,0.064498,0.550781,D:\STUPEN\Heartz\data-science\dataset\clean\A\A_0432.wav
A_0433.wav,A,1.0,16000,0.069282,0.633179,D:\STUPEN\Heartz\data-science\dataset\clean\A\A_0433.wav
A_0434.wav,A,1.0,16000,0.064498,0.587463,D:\STUPEN\Heartz\data-science\dataset\clean\A\A_0434.wav
A_0435.wav,A,1.0,16000,0.064498,0.48584,D:\STUPEN\Heartz\data-science\dataset\clean\A\A_0435.wav
A_0436.wav,A,1.0,16000,0.061968,0.631531,D:\STUPEN\Heartz\data-science\dataset\clean\A\A_0436.wav
A_0437.wav,A,1.0,16000,0.064498,0.469757,D:\STUPEN\Heartz\data-science\dataset\clean\A\A_0437.wav
A_0438.wav,A,1.0,16000,0.066933,0.475922,D:\STUPEN\Heartz\data-science\dataset\clean\A\A_0438.wav
A_0439.wav,A,1.0,16000,0.064498,0.458496,D:\STUPEN\Heartz\data-science\dataset\clean\A\A_0439.wav
A_0440.wav,A,1.0,16000,0.066933,0.581787,D:\STUPEN\Heartz\data-science\dataset\clean\A\A_0440.wav
A_0441.wav,A,1.0,16000,0.066933,0.516937,D:\STUPEN\Heartz\data-science\dataset\clean\A\A_0441.wav
A_0442.wav,A,1.0,16000,0.066933,0.569977,D:\STUPEN\Heartz\data-science\dataset\clean\A\A_0442.wav
A_0443.wav,A,1.0,16000,0.064498,0.599854,D:\STUPEN\Heartz\data-science\dataset\clean\A\A_0443.wav
A_0444.wav,A,1.0,16000,0.066933,0.491486,D:\STUPEN\Heartz\data-science\dataset\clean\A\A_0444.wav
A_0445.wav,A,1.0,16000,0.08,0.440247,D:\STUPEN\Heartz\data-science\dataset\clean\A\A_0445.wav
A_0446.wav,A,1.0,16000,0.08579,0.530914,D:\STUPEN\Heartz\data-science\dataset\clean\A\A_0446.wav
A_0447.wav,A,1.0,16000,0.08,0.471497,D:\STUPEN\Heartz\data-science\dataset\clean\A\A_0447.wav
A_0448.wav,A,1.0,16000,0.077974,0.510468,D:\STUPEN\Heartz\data-science\dataset\clean\A\A_0448.wav
A_0449.wav,A,1.0,16000,0.08,0.477509,D:\STUPEN\Heartz\data-science\dataset\clean\A\A_0449.wav
A_0450.wav,A,1.0,16000,0.081976,0.473236,D:\STUPEN\Heartz\data-science\dataset\clean\A\A_0450.wav
A_0451.wav,A,1.0,16000,0.081976,0.476135,D:\STUPEN\Heartz\data-science\dataset\clean\A\A_0451.wav
A_0452.wav,A,1.0,16000,0.077974,0.375854,D:\STUPEN\Heartz\data-science\dataset\clean\A\A_0452.wav
A_0453.wav,A,1.0,16000,0.073756,0.578705,D:\STUPEN\Heartz\data-science\dataset\clean\A\A_0453.wav
A_0454.wav,A,1.0,16000,0.064498,0.460907,D:\STUPEN\Heartz\data-science\dataset\clean\A\A_0454.wav
A_0455.wav,A,1.0,16000,0.064498,0.457275,D:\STUPEN\Heartz\data-science\dataset\clean\A\A_0455.wav
A_0456.wav,A,1.0,16000,0.066933,0.514679,D:\STUPEN\Heartz\data-science\dataset\clean\A\A_0456.wav
A_0457.wav,A,1.0,16000,0.064498,0.480743,D:\STUPEN\Heartz\data-science\dataset\clean\A\A_0457.wav
A_0458.wav,A,1.0,16000,0.069282,0.506805,D:\STUPEN\Heartz\data-science\dataset\clean\A\A_0458.wav
A_0459.wav,A,1.0,16000,0.066933,0.496307,D:\STUPEN\Heartz\data-science\dataset\clean\A\A_0459.wav
A_0460.wav,A,1.0,16000,0.069282,0.549164,D:\STUPEN\Heartz\data-science\dataset\clean\A\A_0460.wav
Ba_0001.wav,Ba,1.0,16000,0.054545,0.98999,D:\STUPEN\Heartz\data-science\dataset\clean\Ba\Ba_0001.wav
Ba_0002.wav,Ba,1.0,16000,0.066933,0.456299,D:\STUPEN\Heartz\data-science\dataset\clean\Ba\Ba_0002.wav
Ba_0003.wav,Ba,1.0,16000,0.066933,0.482574,D:\STUPEN\Heartz\data-science\dataset\clean\Ba\Ba_0003.wav
Ba_0004.wav,Ba,1.0,16000,0.075895,0.52005,D:\STUPEN\Heartz\data-science\dataset\clean\Ba\Ba_0004.wav
Ba_0005.wav,Ba,1.0,16000,0.08,0.299927,D:\STUPEN\Heartz\data-science\dataset\clean\Ba\Ba_0005.wav
Ba_0006.wav,Ba,1.0,16000,0.073756,0.527283,D:\STUPEN\Heartz\data-science\dataset\clean\Ba\Ba_0006.wav
Ba_0007.wav,Ba,1.0,16000,0.066933,0.488342,D:\STUPEN\Heartz\data-science\dataset\clean\Ba\Ba_0007.wav
Ba_0008.wav,Ba,1.0,16000,0.073756,0.475037,D:\STUPEN\Heartz\data-science\dataset\clean\Ba\Ba_0008.wav
Ba_0009.wav,Ba,1.0,16000,0.08579,0.393921,D:\STUPEN\Heartz\data-science\dataset\clean\Ba\Ba_0009.wav
Ba_0010.wav,Ba,1.0,16000,0.071554,0.349365,D:\STUPEN\Heartz\data-science\dataset\clean\Ba\Ba_0010.wav
Ba_0011.wav,Ba,1.0,16000,0.083905,0.32309,D:\STUPEN\Heartz\data-science\dataset\clean\Ba\Ba_0011.wav
Ba_0012.wav,Ba,1.0,16000,0.08,0.421661,D:\STUPEN\Heartz\data-science\dataset\clean\Ba\Ba_0012.wav
Ba_0013.wav,Ba,1.0,16000,0.077974,0.533142,D:\STUPEN\Heartz\data-science\dataset\clean\Ba\Ba_0013.wav
Ba_0014.wav,Ba,1.0,16000,0.077974,0.733887,D:\STUPEN\Heartz\data-science\dataset\clean\Ba\Ba_0014.wav
Ba_0015.wav,Ba,1.0,16000,0.069282,0.517914,D:\STUPEN\Heartz\data-science\dataset\clean\Ba\Ba_0015.wav
Ba_0016.wav,Ba,1.0,16000,0.071554,0.554443,D:\STUPEN\Heartz\data-science\dataset\clean\Ba\Ba_0016.wav
Ba_0017.wav,Ba,1.0,16000,0.073756,0.482635,D:\STUPEN\Heartz\data-science\dataset\clean\Ba\Ba_0017.wav
Ba_0018.wav,Ba,1.0,16000,0.075895,0.536316,D:\STUPEN\Heartz\data-science\dataset\clean\Ba\Ba_0018.wav
Ba_0019.wav,Ba,1.0,16000,0.077974,0.449829,D:\STUPEN\Heartz\data-science\dataset\clean\Ba\Ba_0019.wav
Ba_0020.wav,Ba,1.0,16000,0.099599,0.327942,D:\STUPEN\Heartz\data-science\dataset\clean\Ba\Ba_0020.wav
Ba_0021.wav,Ba,1.0,16000,0.092952,0.413849,D:\STUPEN\Heartz\data-science\dataset\clean\Ba\Ba_0021.wav
Ba_0022.wav,Ba,1.0,16000,0.089443,0.55896,D:\STUPEN\Heartz\data-science\dataset\clean\Ba\Ba_0022.wav
Ba_0023.wav,Ba,1.0,16000,0.094657,0.483887,D:\STUPEN\Heartz\data-science\dataset\clean\Ba\Ba_0023.wav
Ba_0024.wav,Ba,1.0,16000,0.091214,0.462372,D:\STUPEN\Heartz\data-science\dataset\clean\Ba\Ba_0024.wav
Ba_0025.wav,Ba,1.0,16000,0.091214,0.553802,D:\STUPEN\Heartz\data-science\dataset\clean\Ba\Ba_0025.wav
Ba_0026.wav,Ba,1.0,16000,0.075895,0.433014,D:\STUPEN\Heartz\data-science\dataset\clean\Ba\Ba_0026.wav
Ba_0027.wav,Ba,1.0,16000,0.08,0.712219,D:\STUPEN\Heartz\data-science\dataset\clean\Ba\Ba_0027.wav
Ba_0028.wav,Ba,1.0,16000,0.081976,0.435181,D:\STUPEN\Heartz\data-science\dataset\clean\Ba\Ba_0028.wav
Ba_0029.wav,Ba,1.0,16000,0.077974,0.555542,D:\STUPEN\Heartz\data-science\dataset\clean\Ba\Ba_0029.wav
Ba_0030.wav,Ba,1.0,16000,0.083905,0.524628,D:\STUPEN\Heartz\data-science\dataset\clean\Ba\Ba_0030.wav
Ba_0031.wav,Ba,1.0,16000,0.087636,0.490356,D:\STUPEN\Heartz\data-science\dataset\clean\Ba\Ba_0031.wav
Ba_0032.wav,Ba,1.0,16000,0.087636,0.460083,D:\STUPEN\Heartz\data-science\dataset\clean\Ba\Ba_0032.wav
Ba_0033.wav,Ba,1.0,16000,0.081976,0.369537,D:\STUPEN\Heartz\data-science\dataset\clean\Ba\Ba_0033.wav
Ba_0034.wav,Ba,1.0,16000,0.083905,0.383179,D:\STUPEN\Heartz\data-science\dataset\clean\Ba\Ba_0034.wav
Ba_0035.wav,Ba,1.0,16000,0.081976,0.449829,D:\STUPEN\Heartz\data-science\dataset\clean\Ba\Ba_0035.wav
Ba_0036.wav,Ba,1.0,16000,0.083905,0.422089,D:\STUPEN\Heartz\data-science\dataset\clean\Ba\Ba_0036.wav
Ba_0037.wav,Ba,1.0,16000,0.08,0.419617,D:\STUPEN\Heartz\data-science\dataset\clean\Ba\Ba_0037.wav
Ba_0038.wav,Ba,1.0,16000,0.077974,0.421814,D:\STUPEN\Heartz\data-science\dataset\clean\Ba\Ba_0038.wav
Ba_0039.wav,Ba,1.0,16000,0.083905,0.449249,D:\STUPEN\Heartz\data-science\dataset\clean\Ba\Ba_0039.wav
Ba_0040.wav,Ba,1.0,16000,0.066933,0.403168,D:\STUPEN\Heartz\data-science\dataset\clean\Ba\Ba_0040.wav
Ba_0041.wav,Ba,1.0,16000,0.061968,0.31546,D:\STUPEN\Heartz\data-science\dataset\clean\Ba\Ba_0041.wav
Ba_0042.wav,Ba,1.0,16000,0.083905,0.418182,D:\STUPEN\Heartz\data-science\dataset\clean\Ba\Ba_0042.wav
Ba_0043.wav,Ba,1.0,16000,0.081976,0.387329,D:\STUPEN\Heartz\data-science\dataset\clean\Ba\Ba_0043.wav
Ba_0044.wav,Ba,1.0,16000,0.073756,0.457703,D:\STUPEN\Heartz\data-science\dataset\clean\Ba\Ba_0044.wav
Ba_0045.wav,Ba,1.0,16000,0.069282,0.418793,D:\STUPEN\Heartz\data-science\dataset\clean\Ba\Ba_0045.wav
Ba_0046.wav,Ba,1.0,16000,0.087636,0.503204,D:\STUPEN\Heartz\data-science\dataset\clean\Ba\Ba_0046.wav
Ba_0047.wav,Ba,1.0,16000,0.075895,0.442413,D:\STUPEN\Heartz\data-science\dataset\clean\Ba\Ba_0047.wav
Ba_0048.wav,Ba,1.0,16000,0.092952,0.441101,D:\STUPEN\Heartz\data-science\dataset\clean\Ba\Ba_0048.wav
Ba_0049.wav,Ba,1.0,16000,0.08,0.433411,D:\STUPEN\Heartz\data-science\dataset\clean\Ba\Ba_0049.wav
Ba_0050.wav,Ba,1.0,16000,0.075894,0.548645,D:\STUPEN\Heartz\data-science\dataset\clean\Ba\Ba_0050.wav
Ba_0051.wav,Ba,1.0,16000,0.071554,0.447998,D:\STUPEN\Heartz\data-science\dataset\clean\Ba\Ba_0051.wav
Ba_0052.wav,Ba,1.0,16000,0.069282,0.390533,D:\STUPEN\Heartz\data-science\dataset\clean\Ba\Ba_0052.wav
Ba_0053.wav,Ba,1.0,16000,0.054545,0.98999,D:\STUPEN\Heartz\data-science\dataset\clean\Ba\Ba_0053.wav
Ba_0054.wav,Ba,1.0,16000,0.066933,0.456299,D:\STUPEN\Heartz\data-science\dataset\clean\Ba\Ba_0054.wav
Ba_0055.wav,Ba,1.0,16000,0.066933,0.482574,D:\STUPEN\Heartz\data-science\dataset\clean\Ba\Ba_0055.wav
Ba_0056.wav,Ba,1.0,16000,0.075895,0.52005,D:\STUPEN\Heartz\data-science\dataset\clean\Ba\Ba_0056.wav
Ba_0057.wav,Ba,1.0,16000,0.08,0.299927,D:\STUPEN\Heartz\data-science\dataset\clean\Ba\Ba_0057.wav
Ba_0058.wav,Ba,1.0,16000,0.073756,0.527283,D:\STUPEN\Heartz\data-science\dataset\clean\Ba\Ba_0058.wav
Ba_0059.wav,Ba,1.0,16000,0.066933,0.488342,D:\STUPEN\Heartz\data-science\dataset\clean\Ba\Ba_0059.wav
Ba_0060.wav,Ba,1.0,16000,0.073756,0.475037,D:\STUPEN\Heartz\data-science\dataset\clean\Ba\Ba_0060.wav
Ba_0061.wav,Ba,1.0,16000,0.08579,0.393921,D:\STUPEN\Heartz\data-science\dataset\clean\Ba\Ba_0061.wav
Ba_0062.wav,Ba,1.0,16000,0.071554,0.349365,D:\STUPEN\Heartz\data-science\dataset\clean\Ba\Ba_0062.wav
Ba_0063.wav,Ba,1.0,16000,0.083905,0.32309,D:\STUPEN\Heartz\data-science\dataset\clean\Ba\Ba_0063.wav
Ba_0064.wav,Ba,1.0,16000,0.08,0.421661,D:\STUPEN\Heartz\data-science\dataset\clean\Ba\Ba_0064.wav
Ba_0065.wav,Ba,1.0,16000,0.077974,0.533142,D:\STUPEN\Heartz\data-science\dataset\clean\Ba\Ba_0065.wav
Ba_0066.wav,Ba,1.0,16000,0.077974,0.733887,D:\STUPEN\Heartz\data-science\dataset\clean\Ba\Ba_0066.wav
Ba_0067.wav,Ba,1.0,16000,0.069282,0.517914,D:\STUPEN\Heartz\data-science\dataset\clean\Ba\Ba_0067.wav
Ba_0068.wav,Ba,1.0,16000,0.071554,0.554443,D:\STUPEN\Heartz\data-science\dataset\clean\Ba\Ba_0068.wav
Ba_0069.wav,Ba,1.0,16000,0.073756,0.482635,D:\STUPEN\Heartz\data-science\dataset\clean\Ba\Ba_0069.wav
Ba_0070.wav,Ba,1.0,16000,0.075895,0.536316,D:\STUPEN\Heartz\data-science\dataset\clean\Ba\Ba_0070.wav
Ba_0071.wav,Ba,1.0,16000,0.077974,0.449829,D:\STUPEN\Heartz\data-science\dataset\clean\Ba\Ba_0071.wav
Ba_0072.wav,Ba,1.0,16000,0.099599,0.327942,D:\STUPEN\Heartz\data-science\dataset\clean\Ba\Ba_0072.wav
Ba_0073.wav,Ba,1.0,16000,0.092952,0.413849,D:\STUPEN\Heartz\data-science\dataset\clean\Ba\Ba_0073.wav
Ba_0074.wav,Ba,1.0,16000,0.089443,0.55896,D:\STUPEN\Heartz\data-science\dataset\clean\Ba\Ba_0074.wav
Ba_0075.wav,Ba,1.0,16000,0.094657,0.483887,D:\STUPEN\Heartz\data-science\dataset\clean\Ba\Ba_0075.wav
Ba_0076.wav,Ba,1.0,16000,0.091214,0.462372,D:\STUPEN\Heartz\data-science\dataset\clean\Ba\Ba_0076.wav
Ba_0077.wav,Ba,1.0,16000,0.091214,0.553802,D:\STUPEN\Heartz\data-science\dataset\clean\Ba\Ba_0077.wav
Ba_0078.wav,Ba,1.0,16000,0.075895,0.433014,D:\STUPEN\Heartz\data-science\dataset\clean\Ba\Ba_0078.wav
Ba_0079.wav,Ba,1.0,16000,0.08,0.712219,D:\STUPEN\Heartz\data-science\dataset\clean\Ba\Ba_0079.wav
Ba_0080.wav,Ba,1.0,16000,0.081976,0.435181,D:\STUPEN\Heartz\data-science\dataset\clean\Ba\Ba_0080.wav
Ba_0081.wav,Ba,1.0,16000,0.077974,0.555542,D:\STUPEN\Heartz\data-science\dataset\clean\Ba\Ba_0081.wav
Ba_0082.wav,Ba,1.0,16000,0.083905,0.524628,D:\STUPEN\Heartz\data-science\dataset\clean\Ba\Ba_0082.wav
Ba_0083.wav,Ba,1.0,16000,0.087636,0.490356,D:\STUPEN\Heartz\data-science\dataset\clean\Ba\Ba_0083.wav
Ba_0084.wav,Ba,1.0,16000,0.087636,0.460083,D:\STUPEN\Heartz\data-science\dataset\clean\Ba\Ba_0084.wav
Ba_0085.wav,Ba,1.0,16000,0.081976,0.369537,D:\STUPEN\Heartz\data-science\dataset\clean\Ba\Ba_0085.wav
Ba_0086.wav,Ba,1.0,16000,0.083905,0.383179,D:\STUPEN\Heartz\data-science\dataset\clean\Ba\Ba_0086.wav
Ba_0087.wav,Ba,1.0,16000,0.081976,0.449829,D:\STUPEN\Heartz\data-science\dataset\clean\Ba\Ba_0087.wav
Ba_0088.wav,Ba,1.0,16000,0.083905,0.422089,D:\STUPEN\Heartz\data-science\dataset\clean\Ba\Ba_0088.wav
Ba_0089.wav,Ba,1.0,16000,0.08,0.419617,D:\STUPEN\Heartz\data-science\dataset\clean\Ba\Ba_0089.wav
Ba_0090.wav,Ba,1.0,16000,0.077974,0.421814,D:\STUPEN\Heartz\data-science\dataset\clean\Ba\Ba_0090.wav
Ba_0091.wav,Ba,1.0,16000,0.083905,0.449249,D:\STUPEN\Heartz\data-science\dataset\clean\Ba\Ba_0091.wav
Ba_0092.wav,Ba,1.0,16000,0.066933,0.403168,D:\STUPEN\Heartz\data-science\dataset\clean\Ba\Ba_0092.wav
Ba_0093.wav,Ba,1.0,16000,0.061968,0.31546,D:\STUPEN\Heartz\data-science\dataset\clean\Ba\Ba_0093.wav
Ba_0094.wav,Ba,1.0,16000,0.083905,0.418182,D:\STUPEN\Heartz\data-science\dataset\clean\Ba\Ba_0094.wav
Ba_0095.wav,Ba,1.0,16000,0.081976,0.387329,D:\STUPEN\Heartz\data-science\dataset\clean\Ba\Ba_0095.wav
Ba_0096.wav,Ba,1.0,16000,0.073756,0.457703,D:\STUPEN\Heartz\data-science\dataset\clean\Ba\Ba_0096.wav
Ba_0097.wav,Ba,1.0,16000,0.069282,0.418793,D:\STUPEN\Heartz\data-science\dataset\clean\Ba\Ba_0097.wav
Ba_0098.wav,Ba,1.0,16000,0.087636,0.503204,D:\STUPEN\Heartz\data-science\dataset\clean\Ba\Ba_0098.wav
Ba_0099.wav,Ba,1.0,16000,0.075895,0.442413,D:\STUPEN\Heartz\data-science\dataset\clean\Ba\Ba_0099.wav
Ba_0100.wav,Ba,1.0,16000,0.092952,0.441101,D:\STUPEN\Heartz\data-science\dataset\clean\Ba\Ba_0100.wav
Ba_0101.wav,Ba,1.0,16000,0.08,0.433411,D:\STUPEN\Heartz\data-science\dataset\clean\Ba\Ba_0101.wav
Ba_0102.wav,Ba,1.0,16000,0.075894,0.548645,D:\STUPEN\Heartz\data-science\dataset\clean\Ba\Ba_0102.wav
Ba_0103.wav,Ba,1.0,16000,0.071554,0.447998,D:\STUPEN\Heartz\data-science\dataset\clean\Ba\Ba_0103.wav
Ba_0104.wav,Ba,1.0,16000,0.069282,0.390533,D:\STUPEN\Heartz\data-science\dataset\clean\Ba\Ba_0104.wav
Ba_0105.wav,Ba,1.0,16000,0.054545,0.98999,D:\STUPEN\Heartz\data-science\dataset\clean\Ba\Ba_0105.wav
Ba_0106.wav,Ba,1.0,16000,0.066933,0.456299,D:\STUPEN\Heartz\data-science\dataset\clean\Ba\Ba_0106.wav
Ba_0107.wav,Ba,1.0,16000,0.066933,0.482574,D:\STUPEN\Heartz\data-science\dataset\clean\Ba\Ba_0107.wav
Ba_0108.wav,Ba,1.0,16000,0.075895,0.52005,D:\STUPEN\Heartz\data-science\dataset\clean\Ba\Ba_0108.wav
Ba_0109.wav,Ba,1.0,16000,0.08,0.299927,D:\STUPEN\Heartz\data-science\dataset\clean\Ba\Ba_0109.wav
Ba_0110.wav,Ba,1.0,16000,0.073756,0.527283,D:\STUPEN\Heartz\data-science\dataset\clean\Ba\Ba_0110.wav
Ba_0111.wav,Ba,1.0,16000,0.066933,0.488342,D:\STUPEN\Heartz\data-science\dataset\clean\Ba\Ba_0111.wav
Ba_0112.wav,Ba,1.0,16000,0.073756,0.475037,D:\STUPEN\Heartz\data-science\dataset\clean\Ba\Ba_0112.wav
Ba_0113.wav,Ba,1.0,16000,0.08579,0.393921,D:\STUPEN\Heartz\data-science\dataset\clean\Ba\Ba_0113.wav
Ba_0114.wav,Ba,1.0,16000,0.071554,0.349365,D:\STUPEN\Heartz\data-science\dataset\clean\Ba\Ba_0114.wav
Ba_0115.wav,Ba,1.0,16000,0.083905,0.32309,D:\STUPEN\Heartz\data-science\dataset\clean\Ba\Ba_0115.wav
Ba_0116.wav,Ba,1.0,16000,0.08,0.421661,D:\STUPEN\Heartz\data-science\dataset\clean\Ba\Ba_0116.wav
Ba_0117.wav,Ba,1.0,16000,0.077974,0.533142,D:\STUPEN\Heartz\data-science\dataset\clean\Ba\Ba_0117.wav
Ba_0118.wav,Ba,1.0,16000,0.077974,0.733887,D:\STUPEN\Heartz\data-science\dataset\clean\Ba\Ba_0118.wav
Ba_0119.wav,Ba,1.0,16000,0.069282,0.517914,D:\STUPEN\Heartz\data-science\dataset\clean\Ba\Ba_0119.wav
Ba_0120.wav,Ba,1.0,16000,0.071554,0.554443,D:\STUPEN\Heartz\data-science\dataset\clean\Ba\Ba_0120.wav
Ba_0121.wav,Ba,1.0,16000,0.073756,0.482635,D:\STUPEN\Heartz\data-science\dataset\clean\Ba\Ba_0121.wav
Ba_0122.wav,Ba,1.0,16000,0.075895,0.536316,D:\STUPEN\Heartz\data-science\dataset\clean\Ba\Ba_0122.wav
Ba_0123.wav,Ba,1.0,16000,0.077974,0.449829,D:\STUPEN\Heartz\data-science\dataset\clean\Ba\Ba_0123.wav
Ba_0124.wav,Ba,1.0,16000,0.099599,0.327942,D:\STUPEN\Heartz\data-science\dataset\clean\Ba\Ba_0124.wav
Ba_0125.wav,Ba,1.0,16000,0.092952,0.413849,D:\STUPEN\Heartz\data-science\dataset\clean\Ba\Ba_0125.wav
Ba_0126.wav,Ba,1.0,16000,0.089443,0.55896,D:\STUPEN\Heartz\data-science\dataset\clean\Ba\Ba_0126.wav
Ba_0127.wav,Ba,1.0,16000,0.094657,0.483887,D:\STUPEN\Heartz\data-science\dataset\clean\Ba\Ba_0127.wav
Ba_0128.wav,Ba,1.0,16000,0.091214,0.462372,D:\STUPEN\Heartz\data-science\dataset\clean\Ba\Ba_0128.wav
Ba_0129.wav,Ba,1.0,16000,0.091214,0.553802,D:\STUPEN\Heartz\data-science\dataset\clean\Ba\Ba_0129.wav
Ba_0130.wav,Ba,1.0,16000,0.075895,0.433014,D:\STUPEN\Heartz\data-science\dataset\clean\Ba\Ba_0130.wav
Ba_0131.wav,Ba,1.0,16000,0.08,0.712219,D:\STUPEN\Heartz\data-science\dataset\clean\Ba\Ba_0131.wav
Ba_0132.wav,Ba,1.0,16000,0.081976,0.435181,D:\STUPEN\Heartz\data-science\dataset\clean\Ba\Ba_0132.wav
Ba_0133.wav,Ba,1.0,16000,0.077974,0.555542,D:\STUPEN\Heartz\data-science\dataset\clean\Ba\Ba_0133.wav
Ba_0134.wav,Ba,1.0,16000,0.083905,0.524628,D:\STUPEN\Heartz\data-science\dataset\clean\Ba\Ba_0134.wav
Ba_0135.wav,Ba,1.0,16000,0.087636,0.490356,D:\STUPEN\Heartz\data-science\dataset\clean\Ba\Ba_0135.wav
Ba_0136.wav,Ba,1.0,16000,0.087636,0.460083,D:\STUPEN\Heartz\data-science\dataset\clean\Ba\Ba_0136.wav
Ba_0137.wav,Ba,1.0,16000,0.081976,0.369537,D:\STUPEN\Heartz\data-science\dataset\clean\Ba\Ba_0137.wav
Ba_0138.wav,Ba,1.0,16000,0.083905,0.383179,D:\STUPEN\Heartz\data-science\dataset\clean\Ba\Ba_0138.wav
Ba_0139.wav,Ba,1.0,16000,0.081976,0.449829,D:\STUPEN\Heartz\data-science\dataset\clean\Ba\Ba_0139.wav
Ba_0140.wav,Ba,1.0,16000,0.083905,0.422089,D:\STUPEN\Heartz\data-science\dataset\clean\Ba\Ba_0140.wav
Ba_0141.wav,Ba,1.0,16000,0.08,0.419617,D:\STUPEN\Heartz\data-science\dataset\clean\Ba\Ba_0141.wav
Ba_0142.wav,Ba,1.0,16000,0.077974,0.421814,D:\STUPEN\Heartz\data-science\dataset\clean\Ba\Ba_0142.wav
Ba_0143.wav,Ba,1.0,16000,0.083905,0.449249,D:\STUPEN\Heartz\data-science\dataset\clean\Ba\Ba_0143.wav
Ba_0144.wav,Ba,1.0,16000,0.066933,0.403168,D:\STUPEN\Heartz\data-science\dataset\clean\Ba\Ba_0144.wav
Ba_0145.wav,Ba,1.0,16000,0.061968,0.31546,D:\STUPEN\Heartz\data-science\dataset\clean\Ba\Ba_0145.wav
Ba_0146.wav,Ba,1.0,16000,0.083905,0.418182,D:\STUPEN\Heartz\data-science\dataset\clean\Ba\Ba_0146.wav
Ba_0147.wav,Ba,1.0,16000,0.081976,0.387329,D:\STUPEN\Heartz\data-science\dataset\clean\Ba\Ba_0147.wav
Ba_0148.wav,Ba,1.0,16000,0.073756,0.457703,D:\STUPEN\Heartz\data-science\dataset\clean\Ba\Ba_0148.wav
Ba_0149.wav,Ba,1.0,16000,0.069282,0.418793,D:\STUPEN\Heartz\data-science\dataset\clean\Ba\Ba_0149.wav
Ba_0150.wav,Ba,1.0,16000,0.087636,0.503204,D:\STUPEN\Heartz\data-science\dataset\clean\Ba\Ba_0150.wav
Ba_0151.wav,Ba,1.0,16000,0.075895,0.442413,D:\STUPEN\Heartz\data-science\dataset\clean\Ba\Ba_0151.wav
Ba_0152.wav,Ba,1.0,16000,0.092952,0.441101,D:\STUPEN\Heartz\data-science\dataset\clean\Ba\Ba_0152.wav
Ba_0153.wav,Ba,1.0,16000,0.08,0.433411,D:\STUPEN\Heartz\data-science\dataset\clean\Ba\Ba_0153.wav
Ba_0154.wav,Ba,1.0,16000,0.075894,0.548645,D:\STUPEN\Heartz\data-science\dataset\clean\Ba\Ba_0154.wav
Ba_0155.wav,Ba,1.0,16000,0.071554,0.447998,D:\STUPEN\Heartz\data-science\dataset\clean\Ba\Ba_0155.wav
Ba_0156.wav,Ba,1.0,16000,0.069282,0.390533,D:\STUPEN\Heartz\data-science\dataset\clean\Ba\Ba_0156.wav
Ba_0157.wav,Ba,1.0,16000,0.054545,0.98999,D:\STUPEN\Heartz\data-science\dataset\clean\Ba\Ba_0157.wav
Ba_0158.wav,Ba,1.0,16000,0.066933,0.456299,D:\STUPEN\Heartz\data-science\dataset\clean\Ba\Ba_0158.wav
Ba_0159.wav,Ba,1.0,16000,0.066933,0.482574,D:\STUPEN\Heartz\data-science\dataset\clean\Ba\Ba_0159.wav
Ba_0160.wav,Ba,1.0,16000,0.075895,0.52005,D:\STUPEN\Heartz\data-science\dataset\clean\Ba\Ba_0160.wav
Ba_0161.wav,Ba,1.0,16000,0.08,0.299927,D:\STUPEN\Heartz\data-science\dataset\clean\Ba\Ba_0161.wav
Ba_0162.wav,Ba,1.0,16000,0.073756,0.527283,D:\STUPEN\Heartz\data-science\dataset\clean\Ba\Ba_0162.wav
Ba_0163.wav,Ba,1.0,16000,0.066933,0.488342,D:\STUPEN\Heartz\data-science\dataset\clean\Ba\Ba_0163.wav
Ba_0164.wav,Ba,1.0,16000,0.073756,0.475037,D:\STUPEN\Heartz\data-science\dataset\clean\Ba\Ba_0164.wav
Ba_0165.wav,Ba,1.0,16000,0.08579,0.393921,D:\STUPEN\Heartz\data-science\dataset\clean\Ba\Ba_0165.wav
Ba_0166.wav,Ba,1.0,16000,0.071554,0.349365,D:\STUPEN\Heartz\data-science\dataset\clean\Ba\Ba_0166.wav
Ba_0167.wav,Ba,1.0,16000,0.083905,0.32309,D:\STUPEN\Heartz\data-science\dataset\clean\Ba\Ba_0167.wav
Ba_0168.wav,Ba,1.0,16000,0.08,0.421661,D:\STUPEN\Heartz\data-science\dataset\clean\Ba\Ba_0168.wav
Ba_0169.wav,Ba,1.0,16000,0.077974,0.533142,D:\STUPEN\Heartz\data-science\dataset\clean\Ba\Ba_0169.wav
Ba_0170.wav,Ba,1.0,16000,0.077974,0.733887,D:\STUPEN\Heartz\data-science\dataset\clean\Ba\Ba_0170.wav
Ba_0171.wav,Ba,1.0,16000,0.069282,0.517914,D:\STUPEN\Heartz\data-science\dataset\clean\Ba\Ba_0171.wav
Ba_0172.wav,Ba,1.0,16000,0.071554,0.554443,D:\STUPEN\Heartz\data-science\dataset\clean\Ba\Ba_0172.wav
Ba_0173.wav,Ba,1.0,16000,0.073756,0.482635,D:\STUPEN\Heartz\data-science\dataset\clean\Ba\Ba_0173.wav
Ba_0174.wav,Ba,1.0,16000,0.075895,0.536316,D:\STUPEN\Heartz\data-science\dataset\clean\Ba\Ba_0174.wav
Ba_0175.wav,Ba,1.0,16000,0.077974,0.449829,D:\STUPEN\Heartz\data-science\dataset\clean\Ba\Ba_0175.wav
Ba_0176.wav,Ba,1.0,16000,0.099599,0.327942,D:\STUPEN\Heartz\data-science\dataset\clean\Ba\Ba_0176.wav
Ba_0177.wav,Ba,1.0,16000,0.092952,0.413849,D:\STUPEN\Heartz\data-science\dataset\clean\Ba\Ba_0177.wav
Ba_0178.wav,Ba,1.0,16000,0.089443,0.55896,D:\STUPEN\Heartz\data-science\dataset\clean\Ba\Ba_0178.wav
Ba_0179.wav,Ba,1.0,16000,0.094657,0.483887,D:\STUPEN\Heartz\data-science\dataset\clean\Ba\Ba_0179.wav
Ba_0180.wav,Ba,1.0,16000,0.091214,0.462372,D:\STUPEN\Heartz\data-science\dataset\clean\Ba\Ba_0180.wav
Ba_0181.wav,Ba,1.0,16000,0.091214,0.553802,D:\STUPEN\Heartz\data-science\dataset\clean\Ba\Ba_0181.wav
Ba_0182.wav,Ba,1.0,16000,0.075895,0.433014,D:\STUPEN\Heartz\data-science\dataset\clean\Ba\Ba_0182.wav
Ba_0183.wav,Ba,1.0,16000,0.08,0.712219,D:\STUPEN\Heartz\data-science\dataset\clean\Ba\Ba_0183.wav
Ba_0184.wav,Ba,1.0,16000,0.081976,0.435181,D:\STUPEN\Heartz\data-science\dataset\clean\Ba\Ba_0184.wav
Ba_0185.wav,Ba,1.0,16000,0.077974,0.555542,D:\STUPEN\Heartz\data-science\dataset\clean\Ba\Ba_0185.wav
Ba_0186.wav,Ba,1.0,16000,0.083905,0.524628,D:\STUPEN\Heartz\data-science\dataset\clean\Ba\Ba_0186.wav
Ba_0187.wav,Ba,1.0,16000,0.087636,0.490356,D:\STUPEN\Heartz\data-science\dataset\clean\Ba\Ba_0187.wav
Ba_0188.wav,Ba,1.0,16000,0.087636,0.460083,D:\STUPEN\Heartz\data-science\dataset\clean\Ba\Ba_0188.wav
Ba_0189.wav,Ba,1.0,16000,0.081976,0.369537,D:\STUPEN\Heartz\data-science\dataset\clean\Ba\Ba_0189.wav
Ba_0190.wav,Ba,1.0,16000,0.083905,0.383179,D:\STUPEN\Heartz\data-science\dataset\clean\Ba\Ba_0190.wav
Ba_0191.wav,Ba,1.0,16000,0.081976,0.449829,D:\STUPEN\Heartz\data-science\dataset\clean\Ba\Ba_0191.wav
Ba_0192.wav,Ba,1.0,16000,0.083905,0.422089,D:\STUPEN\Heartz\data-science\dataset\clean\Ba\Ba_0192.wav
Ba_0193.wav,Ba,1.0,16000,0.08,0.419617,D:\STUPEN\Heartz\data-science\dataset\clean\Ba\Ba_0193.wav
Ba_0194.wav,Ba,1.0,16000,0.077974,0.421814,D:\STUPEN\Heartz\data-science\dataset\clean\Ba\Ba_0194.wav
Ba_0195.wav,Ba,1.0,16000,0.083905,0.449249,D:\STUPEN\Heartz\data-science\dataset\clean\Ba\Ba_0195.wav
Ba_0196.wav,Ba,1.0,16000,0.066933,0.403168,D:\STUPEN\Heartz\data-science\dataset\clean\Ba\Ba_0196.wav
Ba_0197.wav,Ba,1.0,16000,0.061968,0.31546,D:\STUPEN\Heartz\data-science\dataset\clean\Ba\Ba_0197.wav
Ba_0198.wav,Ba,1.0,16000,0.083905,0.418182,D:\STUPEN\Heartz\data-science\dataset\clean\Ba\Ba_0198.wav
Ba_0199.wav,Ba,1.0,16000,0.081976,0.387329,D:\STUPEN\Heartz\data-science\dataset\clean\Ba\Ba_0199.wav
Ba_0200.wav,Ba,1.0,16000,0.073756,0.457703,D:\STUPEN\Heartz\data-science\dataset\clean\Ba\Ba_0200.wav
Ba_0201.wav,Ba,1.0,16000,0.069282,0.418793,D:\STUPEN\Heartz\data-science\dataset\clean\Ba\Ba_0201.wav
Ba_0202.wav,Ba,1.0,16000,0.087636,0.503204,D:\STUPEN\Heartz\data-science\dataset\clean\Ba\Ba_0202.wav
Ba_0203.wav,Ba,1.0,16000,0.075895,0.442413,D:\STUPEN\Heartz\data-science\dataset\clean\Ba\Ba_0203.wav
Ba_0204.wav,Ba,1.0,16000,0.092952,0.441101,D:\STUPEN\Heartz\data-science\dataset\clean\Ba\Ba_0204.wav
Ba_0205.wav,Ba,1.0,16000,0.08,0.433411,D:\STUPEN\Heartz\data-science\dataset\clean\Ba\Ba_0205.wav
Ba_0206.wav,Ba,1.0,16000,0.075894,0.548645,D:\STUPEN\Heartz\data-science\dataset\clean\Ba\Ba_0206.wav
Ba_0207.wav,Ba,1.0,16000,0.071554,0.447998,D:\STUPEN\Heartz\data-science\dataset\clean\Ba\Ba_0207.wav
Ba_0208.wav,Ba,1.0,16000,0.069282,0.390533,D:\STUPEN\Heartz\data-science\dataset\clean\Ba\Ba_0208.wav
Be_0001.wav,Be,1.0,16000,0.066933,0.491272,D:\STUPEN\Heartz\data-science\dataset\clean\Be\Be_0001.wav
Be_0002.wav,Be,1.0,16000,0.069282,0.51239,D:\STUPEN\Heartz\data-science\dataset\clean\Be\Be_0002.wav
Be_0003.wav,Be,1.0,16000,0.069282,0.591644,D:\STUPEN\Heartz\data-science\dataset\clean\Be\Be_0003.wav
Be_0004.wav,Be,1.0,16000,0.069282,0.389496,D:\STUPEN\Heartz\data-science\dataset\clean\Be\Be_0004.wav
Be_0005.wav,Be,1.0,16000,0.066933,0.594513,D:\STUPEN\Heartz\data-science\dataset\clean\Be\Be_0005.wav
Be_0006.wav,Be,1.0,16000,0.071554,0.549133,D:\STUPEN\Heartz\data-science\dataset\clean\Be\Be_0006.wav
Be_0007.wav,Be,1.0,16000,0.069282,0.512512,D:\STUPEN\Heartz\data-science\dataset\clean\Be\Be_0007.wav
Be_0008.wav,Be,1.0,16000,0.069282,0.521088,D:\STUPEN\Heartz\data-science\dataset\clean\Be\Be_0008.wav
Be_0009.wav,Be,1.0,16000,0.066933,0.478943,D:\STUPEN\Heartz\data-science\dataset\clean\Be\Be_0009.wav
Be_0010.wav,Be,1.0,16000,0.069282,0.507294,D:\STUPEN\Heartz\data-science\dataset\clean\Be\Be_0010.wav
Be_0011.wav,Be,1.0,16000,0.071554,0.571472,D:\STUPEN\Heartz\data-science\dataset\clean\Be\Be_0011.wav
Be_0012.wav,Be,1.0,16000,0.071554,0.553497,D:\STUPEN\Heartz\data-science\dataset\clean\Be\Be_0012.wav
Be_0013.wav,Be,1.0,16000,0.071554,0.534851,D:\STUPEN\Heartz\data-science\dataset\clean\Be\Be_0013.wav
Be_0014.wav,Be,1.0,16000,0.069282,0.470306,D:\STUPEN\Heartz\data-science\dataset\clean\Be\Be_0014.wav
Be_0015.wav,Be,1.0,16000,0.069282,0.55014,D:\STUPEN\Heartz\data-science\dataset\clean\Be\Be_0015.wav
Be_0016.wav,Be,1.0,16000,0.069282,0.512085,D:\STUPEN\Heartz\data-science\dataset\clean\Be\Be_0016.wav
Be_0017.wav,Be,1.0,16000,0.066933,0.488281,D:\STUPEN\Heartz\data-science\dataset\clean\Be\Be_0017.wav
Be_0018.wav,Be,1.0,16000,0.069282,0.544617,D:\STUPEN\Heartz\data-science\dataset\clean\Be\Be_0018.wav
Be_0019.wav,Be,1.0,16000,0.069282,0.655121,D:\STUPEN\Heartz\data-science\dataset\clean\Be\Be_0019.wav
Be_0020.wav,Be,1.0,16000,0.069282,0.477966,D:\STUPEN\Heartz\data-science\dataset\clean\Be\Be_0020.wav
Be_0021.wav,Be,1.0,16000,0.071554,0.63562,D:\STUPEN\Heartz\data-science\dataset\clean\Be\Be_0021.wav
Be_0022.wav,Be,1.0,16000,0.071554,0.615967,D:\STUPEN\Heartz\data-science\dataset\clean\Be\Be_0022.wav
Be_0023.wav,Be,1.0,16000,0.064498,0.464325,D:\STUPEN\Heartz\data-science\dataset\clean\Be\Be_0023.wav
Be_0024.wav,Be,1.0,16000,0.071554,0.508667,D:\STUPEN\Heartz\data-science\dataset\clean\Be\Be_0024.wav
Be_0025.wav,Be,1.0,16000,0.071554,0.672516,D:\STUPEN\Heartz\data-science\dataset\clean\Be\Be_0025.wav
Be_0026.wav,Be,1.0,16000,0.071554,0.59494,D:\STUPEN\Heartz\data-science\dataset\clean\Be\Be_0026.wav
Be_0027.wav,Be,1.0,16000,0.071554,0.583191,D:\STUPEN\Heartz\data-science\dataset\clean\Be\Be_0027.wav
Be_0028.wav,Be,1.0,16000,0.069282,0.65332,D:\STUPEN\Heartz\data-science\dataset\clean\Be\Be_0028.wav
Be_0029.wav,Be,1.0,16000,0.066933,0.45224,D:\STUPEN\Heartz\data-science\dataset\clean\Be\Be_0029.wav
Be_0030.wav,Be,1.0,16000,0.069282,0.730286,D:\STUPEN\Heartz\data-science\dataset\clean\Be\Be_0030.wav
Be_0031.wav,Be,1.0,16000,0.071554,0.464935,D:\STUPEN\Heartz\data-science\dataset\clean\Be\Be_0031.wav
Be_0032.wav,Be,1.0,16000,0.077974,0.662781,D:\STUPEN\Heartz\data-science\dataset\clean\Be\Be_0032.wav
Be_0033.wav,Be,1.0,16000,0.075895,0.522888,D:\STUPEN\Heartz\data-science\dataset\clean\Be\Be_0033.wav
Be_0034.wav,Be,1.0,16000,0.093091,0.741638,D:\STUPEN\Heartz\data-science\dataset\clean\Be\Be_0034.wav
Be_0035.wav,Be,1.0,16000,0.066933,0.433563,D:\STUPEN\Heartz\data-science\dataset\clean\Be\Be_0035.wav
Be_0036.wav,Be,1.0,16000,0.071554,0.561676,D:\STUPEN\Heartz\data-science\dataset\clean\Be\Be_0036.wav
Be_0037.wav,Be,1.0,16000,0.069282,0.572723,D:\STUPEN\Heartz\data-science\dataset\clean\Be\Be_0037.wav
Be_0038.wav,Be,1.0,16000,0.077974,0.548523,D:\STUPEN\Heartz\data-science\dataset\clean\Be\Be_0038.wav
Be_0039.wav,Be,1.0,16000,0.077974,0.437714,D:\STUPEN\Heartz\data-science\dataset\clean\Be\Be_0039.wav
Be_0040.wav,Be,1.0,16000,0.071554,0.409241,D:\STUPEN\Heartz\data-science\dataset\clean\Be\Be_0040.wav
Be_0041.wav,Be,1.0,16000,0.077974,0.59082,D:\STUPEN\Heartz\data-science\dataset\clean\Be\Be_0041.wav
Be_0042.wav,Be,1.0,16000,0.073756,0.470947,D:\STUPEN\Heartz\data-science\dataset\clean\Be\Be_0042.wav
Be_0043.wav,Be,1.0,16000,0.069282,0.529236,D:\STUPEN\Heartz\data-science\dataset\clean\Be\Be_0043.wav
Be_0044.wav,Be,1.0,16000,0.069282,0.567352,D:\STUPEN\Heartz\data-science\dataset\clean\Be\Be_0044.wav
Be_0045.wav,Be,1.0,16000,0.071554,0.406799,D:\STUPEN\Heartz\data-science\dataset\clean\Be\Be_0045.wav
Be_0046.wav,Be,1.0,16000,0.071554,0.388855,D:\STUPEN\Heartz\data-science\dataset\clean\Be\Be_0046.wav
Be_0047.wav,Be,1.0,16000,0.064498,0.409698,D:\STUPEN\Heartz\data-science\dataset\clean\Be\Be_0047.wav
Be_0048.wav,Be,1.0,16000,0.069282,0.493347,D:\STUPEN\Heartz\data-science\dataset\clean\Be\Be_0048.wav
Be_0049.wav,Be,1.0,16000,0.064498,0.38028,D:\STUPEN\Heartz\data-science\dataset\clean\Be\Be_0049.wav
Be_0050.wav,Be,1.0,16000,0.066933,0.491272,D:\STUPEN\Heartz\data-science\dataset\clean\Be\Be_0050.wav
Be_0051.wav,Be,1.0,16000,0.069282,0.51239,D:\STUPEN\Heartz\data-science\dataset\clean\Be\Be_0051.wav
Be_0052.wav,Be,1.0,16000,0.069282,0.591644,D:\STUPEN\Heartz\data-science\dataset\clean\Be\Be_0052.wav
Be_0053.wav,Be,1.0,16000,0.069282,0.389496,D:\STUPEN\Heartz\data-science\dataset\clean\Be\Be_0053.wav
Be_0054.wav,Be,1.0,16000,0.066933,0.594513,D:\STUPEN\Heartz\data-science\dataset\clean\Be\Be_0054.wav
Be_0055.wav,Be,1.0,16000,0.071554,0.549133,D:\STUPEN\Heartz\data-science\dataset\clean\Be\Be_0055.wav
Be_0056.wav,Be,1.0,16000,0.069282,0.512512,D:\STUPEN\Heartz\data-science\dataset\clean\Be\Be_0056.wav
Be_0057.wav,Be,1.0,16000,0.069282,0.521088,D:\STUPEN\Heartz\data-science\dataset\clean\Be\Be_0057.wav
Be_0058.wav,Be,1.0,16000,0.066933,0.478943,D:\STUPEN\Heartz\data-science\dataset\clean\Be\Be_0058.wav
Be_0059.wav,Be,1.0,16000,0.069282,0.507294,D:\STUPEN\Heartz\data-science\dataset\clean\Be\Be_0059.wav
Be_0060.wav,Be,1.0,16000,0.071554,0.571472,D:\STUPEN\Heartz\data-science\dataset\clean\Be\Be_0060.wav
Be_0061.wav,Be,1.0,16000,0.071554,0.553497,D:\STUPEN\Heartz\data-science\dataset\clean\Be\Be_0061.wav
Be_0062.wav,Be,1.0,16000,0.071554,0.534851,D:\STUPEN\Heartz\data-science\dataset\clean\Be\Be_0062.wav
Be_0063.wav,Be,1.0,16000,0.069282,0.470306,D:\STUPEN\Heartz\data-science\dataset\clean\Be\Be_0063.wav
Be_0064.wav,Be,1.0,16000,0.069282,0.55014,D:\STUPEN\Heartz\data-science\dataset\clean\Be\Be_0064.wav
Be_0065.wav,Be,1.0,16000,0.069282,0.512085,D:\STUPEN\Heartz\data-science\dataset\clean\Be\Be_0065.wav
Be_0066.wav,Be,1.0,16000,0.066933,0.488281,D:\STUPEN\Heartz\data-science\dataset\clean\Be\Be_0066.wav
Be_0067.wav,Be,1.0,16000,0.069282,0.544617,D:\STUPEN\Heartz\data-science\dataset\clean\Be\Be_0067.wav
Be_0068.wav,Be,1.0,16000,0.069282,0.655121,D:\STUPEN\Heartz\data-science\dataset\clean\Be\Be_0068.wav
Be_0069.wav,Be,1.0,16000,0.069282,0.477966,D:\STUPEN\Heartz\data-science\dataset\clean\Be\Be_0069.wav
Be_0070.wav,Be,1.0,16000,0.071554,0.63562,D:\STUPEN\Heartz\data-science\dataset\clean\Be\Be_0070.wav
Be_0071.wav,Be,1.0,16000,0.071554,0.615967,D:\STUPEN\Heartz\data-science\dataset\clean\Be\Be_0071.wav
Be_0072.wav,Be,1.0,16000,0.064498,0.464325,D:\STUPEN\Heartz\data-science\dataset\clean\Be\Be_0072.wav
Be_0073.wav,Be,1.0,16000,0.071554,0.508667,D:\STUPEN\Heartz\data-science\dataset\clean\Be\Be_0073.wav
Be_0074.wav,Be,1.0,16000,0.071554,0.672516,D:\STUPEN\Heartz\data-science\dataset\clean\Be\Be_0074.wav
Be_0075.wav,Be,1.0,16000,0.071554,0.59494,D:\STUPEN\Heartz\data-science\dataset\clean\Be\Be_0075.wav
Be_0076.wav,Be,1.0,16000,0.071554,0.583191,D:\STUPEN\Heartz\data-science\dataset\clean\Be\Be_0076.wav
Be_0077.wav,Be,1.0,16000,0.069282,0.65332,D:\STUPEN\Heartz\data-science\dataset\clean\Be\Be_0077.wav
Be_0078.wav,Be,1.0,16000,0.066933,0.45224,D:\STUPEN\Heartz\data-science\dataset\clean\Be\Be_0078.wav
Be_0079.wav,Be,1.0,16000,0.069282,0.730286,D:\STUPEN\Heartz\data-science\dataset\clean\Be\Be_0079.wav
Be_0080.wav,Be,1.0,16000,0.071554,0.464935,D:\STUPEN\Heartz\data-science\dataset\clean\Be\Be_0080.wav
Be_0081.wav,Be,1.0,16000,0.077974,0.662781,D:\STUPEN\Heartz\data-science\dataset\clean\Be\Be_0081.wav
Be_0082.wav,Be,1.0,16000,0.075895,0.522888,D:\STUPEN\Heartz\data-science\dataset\clean\Be\Be_0082.wav
Be_0083.wav,Be,1.0,16000,0.093091,0.741638,D:\STUPEN\Heartz\data-science\dataset\clean\Be\Be_0083.wav
Be_0084.wav,Be,1.0,16000,0.066933,0.433563,D:\STUPEN\Heartz\data-science\dataset\clean\Be\Be_0084.wav
Be_0085.wav,Be,1.0,16000,0.071554,0.561676,D:\STUPEN\Heartz\data-science\dataset\clean\Be\Be_0085.wav
Be_0086.wav,Be,1.0,16000,0.069282,0.572723,D:\STUPEN\Heartz\data-science\dataset\clean\Be\Be_0086.wav
Be_0087.wav,Be,1.0,16000,0.077974,0.548523,D:\STUPEN\Heartz\data-science\dataset\clean\Be\Be_0087.wav
Be_0088.wav,Be,1.0,16000,0.077974,0.437714,D:\STUPEN\Heartz\data-science\dataset\clean\Be\Be_0088.wav
Be_0089.wav,Be,1.0,16000,0.071554,0.409241,D:\STUPEN\Heartz\data-science\dataset\clean\Be\Be_0089.wav
Be_0090.wav,Be,1.0,16000,0.077974,0.59082,D:\STUPEN\Heartz\data-science\dataset\clean\Be\Be_0090.wav
Be_0091.wav,Be,1.0,16000,0.073756,0.470947,D:\STUPEN\Heartz\data-science\dataset\clean\Be\Be_0091.wav
Be_0092.wav,Be,1.0,16000,0.069282,0.529236,D:\STUPEN\Heartz\data-science\dataset\clean\Be\Be_0092.wav
Be_0093.wav,Be,1.0,16000,0.069282,0.567352,D:\STUPEN\Heartz\data-science\dataset\clean\Be\Be_0093.wav
Be_0094.wav,Be,1.0,16000,0.071554,0.406799,D:\STUPEN\Heartz\data-science\dataset\clean\Be\Be_0094.wav
Be_0095.wav,Be,1.0,16000,0.071554,0.388855,D:\STUPEN\Heartz\data-science\dataset\clean\Be\Be_0095.wav
Be_0096.wav,Be,1.0,16000,0.064498,0.409698,D:\STUPEN\Heartz\data-science\dataset\clean\Be\Be_0096.wav
Be_0097.wav,Be,1.0,16000,0.069282,0.493347,D:\STUPEN\Heartz\data-science\dataset\clean\Be\Be_0097.wav
Be_0098.wav,Be,1.0,16000,0.064498,0.38028,D:\STUPEN\Heartz\data-science\dataset\clean\Be\Be_0098.wav
Be_0099.wav,Be,1.0,16000,0.066933,0.491272,D:\STUPEN\Heartz\data-science\dataset\clean\Be\Be_0099.wav
Be_0100.wav,Be,1.0,16000,0.069282,0.51239,D:\STUPEN\Heartz\data-science\dataset\clean\Be\Be_0100.wav
Be_0101.wav,Be,1.0,16000,0.069282,0.591644,D:\STUPEN\Heartz\data-science\dataset\clean\Be\Be_0101.wav
Be_0102.wav,Be,1.0,16000,0.069282,0.389496,D:\STUPEN\Heartz\data-science\dataset\clean\Be\Be_0102.wav
Be_0103.wav,Be,1.0,16000,0.066933,0.594513,D:\STUPEN\Heartz\data-science\dataset\clean\Be\Be_0103.wav
Be_0104.wav,Be,1.0,16000,0.071554,0.549133,D:\STUPEN\Heartz\data-science\dataset\clean\Be\Be_0104.wav
Be_0105.wav,Be,1.0,16000,0.069282,0.512512,D:\STUPEN\Heartz\data-science\dataset\clean\Be\Be_0105.wav
Be_0106.wav,Be,1.0,16000,0.069282,0.521088,D:\STUPEN\Heartz\data-science\dataset\clean\Be\Be_0106.wav
Be_0107.wav,Be,1.0,16000,0.066933,0.478943,D:\STUPEN\Heartz\data-science\dataset\clean\Be\Be_0107.wav
Be_0108.wav,Be,1.0,16000,0.069282,0.507294,D:\STUPEN\Heartz\data-science\dataset\clean\Be\Be_0108.wav
Be_0109.wav,Be,1.0,16000,0.071554,0.571472,D:\STUPEN\Heartz\data-science\dataset\clean\Be\Be_0109.wav
Be_0110.wav,Be,1.0,16000,0.071554,0.553497,D:\STUPEN\Heartz\data-science\dataset\clean\Be\Be_0110.wav
Be_0111.wav,Be,1.0,16000,0.071554,0.534851,D:\STUPEN\Heartz\data-science\dataset\clean\Be\Be_0111.wav
Be_0112.wav,Be,1.0,16000,0.069282,0.470306,D:\STUPEN\Heartz\data-science\dataset\clean\Be\Be_0112.wav
Be_0113.wav,Be,1.0,16000,0.069282,0.55014,D:\STUPEN\Heartz\data-science\dataset\clean\Be\Be_0113.wav
Be_0114.wav,Be,1.0,16000,0.069282,0.512085,D:\STUPEN\Heartz\data-science\dataset\clean\Be\Be_0114.wav
Be_0115.wav,Be,1.0,16000,0.066933,0.488281,D:\STUPEN\Heartz\data-science\dataset\clean\Be\Be_0115.wav
Be_0116.wav,Be,1.0,16000,0.069282,0.544617,D:\STUPEN\Heartz\data-science\dataset\clean\Be\Be_0116.wav
Be_0117.wav,Be,1.0,16000,0.069282,0.655121,D:\STUPEN\Heartz\data-science\dataset\clean\Be\Be_0117.wav
Be_0118.wav,Be,1.0,16000,0.069282,0.477966,D:\STUPEN\Heartz\data-science\dataset\clean\Be\Be_0118.wav
Be_0119.wav,Be,1.0,16000,0.071554,0.63562,D:\STUPEN\Heartz\data-science\dataset\clean\Be\Be_0119.wav
Be_0120.wav,Be,1.0,16000,0.071554,0.615967,D:\STUPEN\Heartz\data-science\dataset\clean\Be\Be_0120.wav
Be_0121.wav,Be,1.0,16000,0.064498,0.464325,D:\STUPEN\Heartz\data-science\dataset\clean\Be\Be_0121.wav
Be_0122.wav,Be,1.0,16000,0.071554,0.508667,D:\STUPEN\Heartz\data-science\dataset\clean\Be\Be_0122.wav
Be_0123.wav,Be,1.0,16000,0.071554,0.672516,D:\STUPEN\Heartz\data-science\dataset\clean\Be\Be_0123.wav
Be_0124.wav,Be,1.0,16000,0.071554,0.59494,D:\STUPEN\Heartz\data-science\dataset\clean\Be\Be_0124.wav
Be_0125.wav,Be,1.0,16000,0.071554,0.583191,D:\STUPEN\Heartz\data-science\dataset\clean\Be\Be_0125.wav
Be_0126.wav,Be,1.0,16000,0.069282,0.65332,D:\STUPEN\Heartz\data-science\dataset\clean\Be\Be_0126.wav
Be_0127.wav,Be,1.0,16000,0.066933,0.45224,D:\STUPEN\Heartz\data-science\dataset\clean\Be\Be_0127.wav
Be_0128.wav,Be,1.0,16000,0.069282,0.730286,D:\STUPEN\Heartz\data-science\dataset\clean\Be\Be_0128.wav
Be_0129.wav,Be,1.0,16000,0.071554,0.464935,D:\STUPEN\Heartz\data-science\dataset\clean\Be\Be_0129.wav
Be_0130.wav,Be,1.0,16000,0.077974,0.662781,D:\STUPEN\Heartz\data-science\dataset\clean\Be\Be_0130.wav
Be_0131.wav,Be,1.0,16000,0.075895,0.522888,D:\STUPEN\Heartz\data-science\dataset\clean\Be\Be_0131.wav
Be_0132.wav,Be,1.0,16000,0.093091,0.741638,D:\STUPEN\Heartz\data-science\dataset\clean\Be\Be_0132.wav
Be_0133.wav,Be,1.0,16000,0.066933,0.433563,D:\STUPEN\Heartz\data-science\dataset\clean\Be\Be_0133.wav
Be_0134.wav,Be,1.0,16000,0.071554,0.561676,D:\STUPEN\Heartz\data-science\dataset\clean\Be\Be_0134.wav
Be_0135.wav,Be,1.0,16000,0.069282,0.572723,D:\STUPEN\Heartz\data-science\dataset\clean\Be\Be_0135.wav
Be_0136.wav,Be,1.0,16000,0.077974,0.548523,D:\STUPEN\Heartz\data-science\dataset\clean\Be\Be_0136.wav
Be_0137.wav,Be,1.0,16000,0.077974,0.437714,D:\STUPEN\Heartz\data-science\dataset\clean\Be\Be_0137.wav
Be_0138.wav,Be,1.0,16000,0.071554,0.409241,D:\STUPEN\Heartz\data-science\dataset\clean\Be\Be_0138.wav
Be_0139.wav,Be,1.0,16000,0.077974,0.59082,D:\STUPEN\Heartz\data-science\dataset\clean\Be\Be_0139.wav
Be_0140.wav,Be,1.0,16000,0.073756,0.470947,D:\STUPEN\Heartz\data-science\dataset\clean\Be\Be_0140.wav
Be_0141.wav,Be,1.0,16000,0.069282,0.529236,D:\STUPEN\Heartz\data-science\dataset\clean\Be\Be_0141.wav
Be_0142.wav,Be,1.0,16000,0.069282,0.567352,D:\STUPEN\Heartz\data-science\dataset\clean\Be\Be_0142.wav
Be_0143.wav,Be,1.0,16000,0.071554,0.406799,D:\STUPEN\Heartz\data-science\dataset\clean\Be\Be_0143.wav
Be_0144.wav,Be,1.0,16000,0.071554,0.388855,D:\STUPEN\Heartz\data-science\dataset\clean\Be\Be_0144.wav
Be_0145.wav,Be,1.0,16000,0.064498,0.409698,D:\STUPEN\Heartz\data-science\dataset\clean\Be\Be_0145.wav
Be_0146.wav,Be,1.0,16000,0.069282,0.493347,D:\STUPEN\Heartz\data-science\dataset\clean\Be\Be_0146.wav
Be_0147.wav,Be,1.0,16000,0.064498,0.38028,D:\STUPEN\Heartz\data-science\dataset\clean\Be\Be_0147.wav
Be_0148.wav,Be,1.0,16000,0.066933,0.491272,D:\STUPEN\Heartz\data-science\dataset\clean\Be\Be_0148.wav
Be_0149.wav,Be,1.0,16000,0.069282,0.51239,D:\STUPEN\Heartz\data-science\dataset\clean\Be\Be_0149.wav
Be_0150.wav,Be,1.0,16000,0.069282,0.591644,D:\STUPEN\Heartz\data-science\dataset\clean\Be\Be_0150.wav
Be_0151.wav,Be,1.0,16000,0.069282,0.389496,D:\STUPEN\Heartz\data-science\dataset\clean\Be\Be_0151.wav
Be_0152.wav,Be,1.0,16000,0.066933,0.594513,D:\STUPEN\Heartz\data-science\dataset\clean\Be\Be_0152.wav
Be_0153.wav,Be,1.0,16000,0.071554,0.549133,D:\STUPEN\Heartz\data-science\dataset\clean\Be\Be_0153.wav
Be_0154.wav,Be,1.0,16000,0.069282,0.512512,D:\STUPEN\Heartz\data-science\dataset\clean\Be\Be_0154.wav
Be_0155.wav,Be,1.0,16000,0.069282,0.521088,D:\STUPEN\Heartz\data-science\dataset\clean\Be\Be_0155.wav
Be_0156.wav,Be,1.0,16000,0.066933,0.478943,D:\STUPEN\Heartz\data-science\dataset\clean\Be\Be_0156.wav
Be_0157.wav,Be,1.0,16000,0.069282,0.507294,D:\STUPEN\Heartz\data-science\dataset\clean\Be\Be_0157.wav
Be_0158.wav,Be,1.0,16000,0.071554,0.571472,D:\STUPEN\Heartz\data-science\dataset\clean\Be\Be_0158.wav
Be_0159.wav,Be,1.0,16000,0.071554,0.553497,D:\STUPEN\Heartz\data-science\dataset\clean\Be\Be_0159.wav
Be_0160.wav,Be,1.0,16000,0.071554,0.534851,D:\STUPEN\Heartz\data-science\dataset\clean\Be\Be_0160.wav
Be_0161.wav,Be,1.0,16000,0.069282,0.470306,D:\STUPEN\Heartz\data-science\dataset\clean\Be\Be_0161.wav
Be_0162.wav,Be,1.0,16000,0.069282,0.55014,D:\STUPEN\Heartz\data-science\dataset\clean\Be\Be_0162.wav
Be_0163.wav,Be,1.0,16000,0.069282,0.512085,D:\STUPEN\Heartz\data-science\dataset\clean\Be\Be_0163.wav
Be_0164.wav,Be,1.0,16000,0.066933,0.488281,D:\STUPEN\Heartz\data-science\dataset\clean\Be\Be_0164.wav
Be_0165.wav,Be,1.0,16000,0.069282,0.544617,D:\STUPEN\Heartz\data-science\dataset\clean\Be\Be_0165.wav
Be_0166.wav,Be,1.0,16000,0.069282,0.655121,D:\STUPEN\Heartz\data-science\dataset\clean\Be\Be_0166.wav
Be_0167.wav,Be,1.0,16000,0.069282,0.477966,D:\STUPEN\Heartz\data-science\dataset\clean\Be\Be_0167.wav
Be_0168.wav,Be,1.0,16000,0.071554,0.63562,D:\STUPEN\Heartz\data-science\dataset\clean\Be\Be_0168.wav
Be_0169.wav,Be,1.0,16000,0.071554,0.615967,D:\STUPEN\Heartz\data-science\dataset\clean\Be\Be_0169.wav
Be_0170.wav,Be,1.0,16000,0.064498,0.464325,D:\STUPEN\Heartz\data-science\dataset\clean\Be\Be_0170.wav
Be_0171.wav,Be,1.0,16000,0.071554,0.508667,D:\STUPEN\Heartz\data-science\dataset\clean\Be\Be_0171.wav
Be_0172.wav,Be,1.0,16000,0.071554,0.672516,D:\STUPEN\Heartz\data-science\dataset\clean\Be\Be_0172.wav
Be_0173.wav,Be,1.0,16000,0.071554,0.59494,D:\STUPEN\Heartz\data-science\dataset\clean\Be\Be_0173.wav
Be_0174.wav,Be,1.0,16000,0.071554,0.583191,D:\STUPEN\Heartz\data-science\dataset\clean\Be\Be_0174.wav
Be_0175.wav,Be,1.0,16000,0.069282,0.65332,D:\STUPEN\Heartz\data-science\dataset\clean\Be\Be_0175.wav
Be_0176.wav,Be,1.0,16000,0.066933,0.45224,D:\STUPEN\Heartz\data-science\dataset\clean\Be\Be_0176.wav
Be_0177.wav,Be,1.0,16000,0.069282,0.730286,D:\STUPEN\Heartz\data-science\dataset\clean\Be\Be_0177.wav
Be_0178.wav,Be,1.0,16000,0.071554,0.464935,D:\STUPEN\Heartz\data-science\dataset\clean\Be\Be_0178.wav
Be_0179.wav,Be,1.0,16000,0.077974,0.662781,D:\STUPEN\Heartz\data-science\dataset\clean\Be\Be_0179.wav
Be_0180.wav,Be,1.0,16000,0.075895,0.522888,D:\STUPEN\Heartz\data-science\dataset\clean\Be\Be_0180.wav
Be_0181.wav,Be,1.0,16000,0.093091,0.741638,D:\STUPEN\Heartz\data-science\dataset\clean\Be\Be_0181.wav
Be_0182.wav,Be,1.0,16000,0.066933,0.433563,D:\STUPEN\Heartz\data-science\dataset\clean\Be\Be_0182.wav
Be_0183.wav,Be,1.0,16000,0.071554,0.561676,D:\STUPEN\Heartz\data-science\dataset\clean\Be\Be_0183.wav
Be_0184.wav,Be,1.0,16000,0.069282,0.572723,D:\STUPEN\Heartz\data-science\dataset\clean\Be\Be_0184.wav
Be_0185.wav,Be,1.0,16000,0.077974,0.548523,D:\STUPEN\Heartz\data-science\dataset\clean\Be\Be_0185.wav
Be_0186.wav,Be,1.0,16000,0.077974,0.437714,D:\STUPEN\Heartz\data-science\dataset\clean\Be\Be_0186.wav
Be_0187.wav,Be,1.0,16000,0.071554,0.409241,D:\STUPEN\Heartz\data-science\dataset\clean\Be\Be_0187.wav
Be_0188.wav,Be,1.0,16000,0.077974,0.59082,D:\STUPEN\Heartz\data-science\dataset\clean\Be\Be_0188.wav
Be_0189.wav,Be,1.0,16000,0.073756,0.470947,D:\STUPEN\Heartz\data-science\dataset\clean\Be\Be_0189.wav
Be_0190.wav,Be,1.0,16000,0.069282,0.529236,D:\STUPEN\Heartz\data-science\dataset\clean\Be\Be_0190.wav
Be_0191.wav,Be,1.0,16000,0.069282,0.567352,D:\STUPEN\Heartz\data-science\dataset\clean\Be\Be_0191.wav
Be_0192.wav,Be,1.0,16000,0.071554,0.406799,D:\STUPEN\Heartz\data-science\dataset\clean\Be\Be_0192.wav
Be_0193.wav,Be,1.0,16000,0.071554,0.388855,D:\STUPEN\Heartz\data-science\dataset\clean\Be\Be_0193.wav
Be_0194.wav,Be,1.0,16000,0.064498,0.409698,D:\STUPEN\Heartz\data-science\dataset\clean\Be\Be_0194.wav
Be_0195.wav,Be,1.0,16000,0.069282,0.493347,D:\STUPEN\Heartz\data-science\dataset\clean\Be\Be_0195.wav
Be_0196.wav,Be,1.0,16000,0.064498,0.38028,D:\STUPEN\Heartz\data-science\dataset\clean\Be\Be_0196.wav
Be2_0001.wav,Be2,1.0,16000,0.066933,0.468658,D:\STUPEN\Heartz\data-science\dataset\clean\Be2\Be2_0001.wav
Be2_0002.wav,Be2,1.0,16000,0.073756,0.518829,D:\STUPEN\Heartz\data-science\dataset\clean\Be2\Be2_0002.wav
Be2_0003.wav,Be2,1.0,16000,0.073756,0.46759,D:\STUPEN\Heartz\data-science\dataset\clean\Be2\Be2_0003.wav
Be2_0004.wav,Be2,1.0,16000,0.073756,0.484833,D:\STUPEN\Heartz\data-science\dataset\clean\Be2\Be2_0004.wav
Be2_0005.wav,Be2,1.0,16000,0.075895,0.534058,D:\STUPEN\Heartz\data-science\dataset\clean\Be2\Be2_0005.wav
Be2_0006.wav,Be2,1.0,16000,0.073756,0.54538,D:\STUPEN\Heartz\data-science\dataset\clean\Be2\Be2_0006.wav
Be2_0007.wav,Be2,1.0,16000,0.071554,0.466339,D:\STUPEN\Heartz\data-science\dataset\clean\Be2\Be2_0007.wav
Be2_0008.wav,Be2,1.0,16000,0.073756,0.453186,D:\STUPEN\Heartz\data-science\dataset\clean\Be2\Be2_0008.wav
Be2_0009.wav,Be2,1.0,16000,0.073756,0.551086,D:\STUPEN\Heartz\data-science\dataset\clean\Be2\Be2_0009.wav
Be2_0010.wav,Be2,1.0,16000,0.071554,0.476105,D:\STUPEN\Heartz\data-science\dataset\clean\Be2\Be2_0010.wav
Be2_0011.wav,Be2,1.0,16000,0.075895,0.502167,D:\STUPEN\Heartz\data-science\dataset\clean\Be2\Be2_0011.wav
Be2_0012.wav,Be2,1.0,16000,0.073756,0.554474,D:\STUPEN\Heartz\data-science\dataset\clean\Be2\Be2_0012.wav
Be2_0013.wav,Be2,1.0,16000,0.071554,0.66272,D:\STUPEN\Heartz\data-science\dataset\clean\Be2\Be2_0013.wav
Be2_0014.wav,Be2,1.0,16000,0.075895,0.446381,D:\STUPEN\Heartz\data-science\dataset\clean\Be2\Be2_0014.wav
Be2_0015.wav,Be2,1.0,16000,0.071554,0.460022,D:\STUPEN\Heartz\data-science\dataset\clean\Be2\Be2_0015.wav
Be2_0016.wav,Be2,1.0,16000,0.071554,0.400238,D:\STUPEN\Heartz\data-science\dataset\clean\Be2\Be2_0016.wav
Be2_0017.wav,Be2,1.0,16000,0.066933,0.496826,D:\STUPEN\Heartz\data-science\dataset\clean\Be2\Be2_0017.wav
Be2_0018.wav,Be2,1.0,16000,0.073756,0.563324,D:\STUPEN\Heartz\data-science\dataset\clean\Be2\Be2_0018.wav
Be2_0019.wav,Be2,1.0,16000,0.077974,0.538544,D:\STUPEN\Heartz\data-science\dataset\clean\Be2\Be2_0019.wav
Be2_0020.wav,Be2,1.0,16000,0.071554,0.457153,D:\STUPEN\Heartz\data-science\dataset\clean\Be2\Be2_0020.wav
Be2_0021.wav,Be2,1.0,16000,0.073756,0.592468,D:\STUPEN\Heartz\data-science\dataset\clean\Be2\Be2_0021.wav
Be2_0022.wav,Be2,1.0,16000,0.075895,0.552277,D:\STUPEN\Heartz\data-science\dataset\clean\Be2\Be2_0022.wav
Be2_0023.wav,Be2,1.0,16000,0.075895,0.582977,D:\STUPEN\Heartz\data-science\dataset\clean\Be2\Be2_0023.wav
Be2_0024.wav,Be2,1.0,16000,0.073756,0.509949,D:\STUPEN\Heartz\data-science\dataset\clean\Be2\Be2_0024.wav
Be2_0025.wav,Be2,1.0,16000,0.077974,0.606079,D:\STUPEN\Heartz\data-science\dataset\clean\Be2\Be2_0025.wav
Be2_0026.wav,Be2,1.0,16000,0.073756,0.448944,D:\STUPEN\Heartz\data-science\dataset\clean\Be2\Be2_0026.wav
Be2_0027.wav,Be2,1.0,16000,0.075895,0.428497,D:\STUPEN\Heartz\data-science\dataset\clean\Be2\Be2_0027.wav
Be2_0028.wav,Be2,1.0,16000,0.075895,0.449982,D:\STUPEN\Heartz\data-science\dataset\clean\Be2\Be2_0028.wav
Be2_0029.wav,Be2,1.0,16000,0.066933,0.609406,D:\STUPEN\Heartz\data-science\dataset\clean\Be2\Be2_0029.wav
Be2_0030.wav,Be2,1.0,16000,0.071554,0.479584,D:\STUPEN\Heartz\data-science\dataset\clean\Be2\Be2_0030.wav
Be2_0031.wav,Be2,1.0,16000,0.071554,0.537933,D:\STUPEN\Heartz\data-science\dataset\clean\Be2\Be2_0031.wav
Be2_0032.wav,Be2,1.0,16000,0.073756,0.394104,D:\STUPEN\Heartz\data-science\dataset\clean\Be2\Be2_0032.wav
Be2_0033.wav,Be2,1.0,16000,0.073756,0.575317,D:\STUPEN\Heartz\data-science\dataset\clean\Be2\Be2_0033.wav
Be2_0034.wav,Be2,1.0,16000,0.069282,0.449524,D:\STUPEN\Heartz\data-science\dataset\clean\Be2\Be2_0034.wav
Be2_0035.wav,Be2,1.0,16000,0.071554,0.575439,D:\STUPEN\Heartz\data-science\dataset\clean\Be2\Be2_0035.wav
Be2_0036.wav,Be2,1.0,16000,0.073756,0.459961,D:\STUPEN\Heartz\data-science\dataset\clean\Be2\Be2_0036.wav
Be2_0037.wav,Be2,1.0,16000,0.066933,0.368622,D:\STUPEN\Heartz\data-science\dataset\clean\Be2\Be2_0037.wav
Be2_0038.wav,Be2,1.0,16000,0.069282,0.406677,D:\STUPEN\Heartz\data-science\dataset\clean\Be2\Be2_0038.wav
Be2_0039.wav,Be2,1.0,16000,0.071554,0.616608,D:\STUPEN\Heartz\data-science\dataset\clean\Be2\Be2_0039.wav
Be2_0040.wav,Be2,1.0,16000,0.073756,0.440277,D:\STUPEN\Heartz\data-science\dataset\clean\Be2\Be2_0040.wav
Be2_0041.wav,Be2,1.0,16000,0.066933,0.465942,D:\STUPEN\Heartz\data-science\dataset\clean\Be2\Be2_0041.wav
Be2_0042.wav,Be2,1.0,16000,0.071554,0.698853,D:\STUPEN\Heartz\data-science\dataset\clean\Be2\Be2_0042.wav
Be2_0043.wav,Be2,1.0,16000,0.069282,0.560455,D:\STUPEN\Heartz\data-science\dataset\clean\Be2\Be2_0043.wav
Be2_0044.wav,Be2,1.0,16000,0.092794,0.687347,D:\STUPEN\Heartz\data-science\dataset\clean\Be2\Be2_0044.wav
Be2_0045.wav,Be2,1.0,16000,0.069282,0.575928,D:\STUPEN\Heartz\data-science\dataset\clean\Be2\Be2_0045.wav
Be2_0046.wav,Be2,1.0,16000,0.066933,0.569794,D:\STUPEN\Heartz\data-science\dataset\clean\Be2\Be2_0046.wav
Be2_0047.wav,Be2,1.0,16000,0.069282,0.554352,D:\STUPEN\Heartz\data-science\dataset\clean\Be2\Be2_0047.wav
Be2_0048.wav,Be2,1.0,16000,0.066933,0.375183,D:\STUPEN\Heartz\data-science\dataset\clean\Be2\Be2_0048.wav
Be2_0049.wav,Be2,1.0,16000,0.066933,0.371613,D:\STUPEN\Heartz\data-science\dataset\clean\Be2\Be2_0049.wav
Be2_0050.wav,Be2,1.0,16000,0.066933,0.624603,D:\STUPEN\Heartz\data-science\dataset\clean\Be2\Be2_0050.wav
Be2_0051.wav,Be2,1.0,16000,0.069282,0.531677,D:\STUPEN\Heartz\data-science\dataset\clean\Be2\Be2_0051.wav
Be2_0052.wav,Be2,1.0,16000,0.066933,0.468658,D:\STUPEN\Heartz\data-science\dataset\clean\Be2\Be2_0052.wav
Be2_0053.wav,Be2,1.0,16000,0.073756,0.518829,D:\STUPEN\Heartz\data-science\dataset\clean\Be2\Be2_0053.wav
Be2_0054.wav,Be2,1.0,16000,0.073756,0.46759,D:\STUPEN\Heartz\data-science\dataset\clean\Be2\Be2_0054.wav
Be2_0055.wav,Be2,1.0,16000,0.073756,0.484833,D:\STUPEN\Heartz\data-science\dataset\clean\Be2\Be2_0055.wav
Be2_0056.wav,Be2,1.0,16000,0.075895,0.534058,D:\STUPEN\Heartz\data-science\dataset\clean\Be2\Be2_0056.wav
Be2_0057.wav,Be2,1.0,16000,0.073756,0.54538,D:\STUPEN\Heartz\data-science\dataset\clean\Be2\Be2_0057.wav
Be2_0058.wav,Be2,1.0,16000,0.071554,0.466339,D:\STUPEN\Heartz\data-science\dataset\clean\Be2\Be2_0058.wav
Be2_0059.wav,Be2,1.0,16000,0.073756,0.453186,D:\STUPEN\Heartz\data-science\dataset\clean\Be2\Be2_0059.wav
Be2_0060.wav,Be2,1.0,16000,0.073756,0.551086,D:\STUPEN\Heartz\data-science\dataset\clean\Be2\Be2_0060.wav
Be2_0061.wav,Be2,1.0,16000,0.071554,0.476105,D:\STUPEN\Heartz\data-science\dataset\clean\Be2\Be2_0061.wav
Be2_0062.wav,Be2,1.0,16000,0.075895,0.502167,D:\STUPEN\Heartz\data-science\dataset\clean\Be2\Be2_0062.wav
Be2_0063.wav,Be2,1.0,16000,0.073756,0.554474,D:\STUPEN\Heartz\data-science\dataset\clean\Be2\Be2_0063.wav
Be2_0064.wav,Be2,1.0,16000,0.071554,0.66272,D:\STUPEN\Heartz\data-science\dataset\clean\Be2\Be2_0064.wav
Be2_0065.wav,Be2,1.0,16000,0.075895,0.446381,D:\STUPEN\Heartz\data-science\dataset\clean\Be2\Be2_0065.wav
Be2_0066.wav,Be2,1.0,16000,0.071554,0.460022,D:\STUPEN\Heartz\data-science\dataset\clean\Be2\Be2_0066.wav
Be2_0067.wav,Be2,1.0,16000,0.071554,0.400238,D:\STUPEN\Heartz\data-science\dataset\clean\Be2\Be2_0067.wav
Be2_0068.wav,Be2,1.0,16000,0.066933,0.496826,D:\STUPEN\Heartz\data-science\dataset\clean\Be2\Be2_0068.wav
Be2_0069.wav,Be2,1.0,16000,0.073756,0.563324,D:\STUPEN\Heartz\data-science\dataset\clean\Be2\Be2_0069.wav
Be2_0070.wav,Be2,1.0,16000,0.077974,0.538544,D:\STUPEN\Heartz\data-science\dataset\clean\Be2\Be2_0070.wav
Be2_0071.wav,Be2,1.0,16000,0.071554,0.457153,D:\STUPEN\Heartz\data-science\dataset\clean\Be2\Be2_0071.wav
Be2_0072.wav,Be2,1.0,16000,0.073756,0.592468,D:\STUPEN\Heartz\data-science\dataset\clean\Be2\Be2_0072.wav
Be2_0073.wav,Be2,1.0,16000,0.075895,0.552277,D:\STUPEN\Heartz\data-science\dataset\clean\Be2\Be2_0073.wav
Be2_0074.wav,Be2,1.0,16000,0.075895,0.582977,D:\STUPEN\Heartz\data-science\dataset\clean\Be2\Be2_0074.wav
Be2_0075.wav,Be2,1.0,16000,0.073756,0.509949,D:\STUPEN\Heartz\data-science\dataset\clean\Be2\Be2_0075.wav
Be2_0076.wav,Be2,1.0,16000,0.077974,0.606079,D:\STUPEN\Heartz\data-science\dataset\clean\Be2\Be2_0076.wav
Be2_0077.wav,Be2,1.0,16000,0.073756,0.448944,D:\STUPEN\Heartz\data-science\dataset\clean\Be2\Be2_0077.wav
Be2_0078.wav,Be2,1.0,16000,0.075895,0.428497,D:\STUPEN\Heartz\data-science\dataset\clean\Be2\Be2_0078.wav
Be2_0079.wav,Be2,1.0,16000,0.075895,0.449982,D:\STUPEN\Heartz\data-science\dataset\clean\Be2\Be2_0079.wav
Be2_0080.wav,Be2,1.0,16000,0.066933,0.609406,D:\STUPEN\Heartz\data-science\dataset\clean\Be2\Be2_0080.wav
Be2_0081.wav,Be2,1.0,16000,0.071554,0.479584,D:\STUPEN\Heartz\data-science\dataset\clean\Be2\Be2_0081.wav
Be2_0082.wav,Be2,1.0,16000,0.071554,0.537933,D:\STUPEN\Heartz\data-science\dataset\clean\Be2\Be2_0082.wav
Be2_0083.wav,Be2,1.0,16000,0.073756,0.394104,D:\STUPEN\Heartz\data-science\dataset\clean\Be2\Be2_0083.wav
Be2_0084.wav,Be2,1.0,16000,0.073756,0.575317,D:\STUPEN\Heartz\data-science\dataset\clean\Be2\Be2_0084.wav
Be2_0085.wav,Be2,1.0,16000,0.069282,0.449524,D:\STUPEN\Heartz\data-science\dataset\clean\Be2\Be2_0085.wav
Be2_0086.wav,Be2,1.0,16000,0.071554,0.575439,D:\STUPEN\Heartz\data-science\dataset\clean\Be2\Be2_0086.wav
Be2_0087.wav,Be2,1.0,16000,0.073756,0.459961,D:\STUPEN\Heartz\data-science\dataset\clean\Be2\Be2_0087.wav
Be2_0088.wav,Be2,1.0,16000,0.066933,0.368622,D:\STUPEN\Heartz\data-science\dataset\clean\Be2\Be2_0088.wav
Be2_0089.wav,Be2,1.0,16000,0.069282,0.406677,D:\STUPEN\Heartz\data-science\dataset\clean\Be2\Be2_0089.wav
Be2_0090.wav,Be2,1.0,16000,0.071554,0.616608,D:\STUPEN\Heartz\data-science\dataset\clean\Be2\Be2_0090.wav
Be2_0091.wav,Be2,1.0,16000,0.073756,0.440277,D:\STUPEN\Heartz\data-science\dataset\clean\Be2\Be2_0091.wav
Be2_0092.wav,Be2,1.0,16000,0.066933,0.465942,D:\STUPEN\Heartz\data-science\dataset\clean\Be2\Be2_0092.wav
Be2_0093.wav,Be2,1.0,16000,0.071554,0.698853,D:\STUPEN\Heartz\data-science\dataset\clean\Be2\Be2_0093.wav
Be2_0094.wav,Be2,1.0,16000,0.069282,0.560455,D:\STUPEN\Heartz\data-science\dataset\clean\Be2\Be2_0094.wav
Be2_0095.wav,Be2,1.0,16000,0.092794,0.687347,D:\STUPEN\Heartz\data-science\dataset\clean\Be2\Be2_0095.wav
Be2_0096.wav,Be2,1.0,16000,0.069282,0.575928,D:\STUPEN\Heartz\data-science\dataset\clean\Be2\Be2_0096.wav
Be2_0097.wav,Be2,1.0,16000,0.066933,0.569794,D:\STUPEN\Heartz\data-science\dataset\clean\Be2\Be2_0097.wav
Be2_0098.wav,Be2,1.0,16000,0.069282,0.554352,D:\STUPEN\Heartz\data-science\dataset\clean\Be2\Be2_0098.wav
Be2_0099.wav,Be2,1.0,16000,0.066933,0.375183,D:\STUPEN\Heartz\data-science\dataset\clean\Be2\Be2_0099.wav
Be2_0100.wav,Be2,1.0,16000,0.066933,0.371613,D:\STUPEN\Heartz\data-science\dataset\clean\Be2\Be2_0100.wav
Be2_0101.wav,Be2,1.0,16000,0.066933,0.624603,D:\STUPEN\Heartz\data-science\dataset\clean\Be2\Be2_0101.wav
Be2_0102.wav,Be2,1.0,16000,0.069282,0.531677,D:\STUPEN\Heartz\data-science\dataset\clean\Be2\Be2_0102.wav
Be2_0103.wav,Be2,1.0,16000,0.066933,0.468658,D:\STUPEN\Heartz\data-science\dataset\clean\Be2\Be2_0103.wav
Be2_0104.wav,Be2,1.0,16000,0.073756,0.518829,D:\STUPEN\Heartz\data-science\dataset\clean\Be2\Be2_0104.wav
Be2_0105.wav,Be2,1.0,16000,0.073756,0.46759,D:\STUPEN\Heartz\data-science\dataset\clean\Be2\Be2_0105.wav
Be2_0106.wav,Be2,1.0,16000,0.073756,0.484833,D:\STUPEN\Heartz\data-science\dataset\clean\Be2\Be2_0106.wav
Be2_0107.wav,Be2,1.0,16000,0.075895,0.534058,D:\STUPEN\Heartz\data-science\dataset\clean\Be2\Be2_0107.wav
Be2_0108.wav,Be2,1.0,16000,0.073756,0.54538,D:\STUPEN\Heartz\data-science\dataset\clean\Be2\Be2_0108.wav
Be2_0109.wav,Be2,1.0,16000,0.071554,0.466339,D:\STUPEN\Heartz\data-science\dataset\clean\Be2\Be2_0109.wav
Be2_0110.wav,Be2,1.0,16000,0.073756,0.453186,D:\STUPEN\Heartz\data-science\dataset\clean\Be2\Be2_0110.wav
Be2_0111.wav,Be2,1.0,16000,0.073756,0.551086,D:\STUPEN\Heartz\data-science\dataset\clean\Be2\Be2_0111.wav
Be2_0112.wav,Be2,1.0,16000,0.071554,0.476105,D:\STUPEN\Heartz\data-science\dataset\clean\Be2\Be2_0112.wav
Be2_0113.wav,Be2,1.0,16000,0.075895,0.502167,D:\STUPEN\Heartz\data-science\dataset\clean\Be2\Be2_0113.wav
Be2_0114.wav,Be2,1.0,16000,0.073756,0.554474,D:\STUPEN\Heartz\data-science\dataset\clean\Be2\Be2_0114.wav
Be2_0115.wav,Be2,1.0,16000,0.071554,0.66272,D:\STUPEN\Heartz\data-science\dataset\clean\Be2\Be2_0115.wav
Be2_0116.wav,Be2,1.0,16000,0.075895,0.446381,D:\STUPEN\Heartz\data-science\dataset\clean\Be2\Be2_0116.wav
Be2_0117.wav,Be2,1.0,16000,0.071554,0.460022,D:\STUPEN\Heartz\data-science\dataset\clean\Be2\Be2_0117.wav
Be2_0118.wav,Be2,1.0,16000,0.071554,0.400238,D:\STUPEN\Heartz\data-science\dataset\clean\Be2\Be2_0118.wav
Be2_0119.wav,Be2,1.0,16000,0.066933,0.496826,D:\STUPEN\Heartz\data-science\dataset\clean\Be2\Be2_0119.wav
Be2_0120.wav,Be2,1.0,16000,0.073756,0.563324,D:\STUPEN\Heartz\data-science\dataset\clean\Be2\Be2_0120.wav
Be2_0121.wav,Be2,1.0,16000,0.077974,0.538544,D:\STUPEN\Heartz\data-science\dataset\clean\Be2\Be2_0121.wav
Be2_0122.wav,Be2,1.0,16000,0.071554,0.457153,D:\STUPEN\Heartz\data-science\dataset\clean\Be2\Be2_0122.wav
Be2_0123.wav,Be2,1.0,16000,0.073756,0.592468,D:\STUPEN\Heartz\data-science\dataset\clean\Be2\Be2_0123.wav
Be2_0124.wav,Be2,1.0,16000,0.075895,0.552277,D:\STUPEN\Heartz\data-science\dataset\clean\Be2\Be2_0124.wav
Be2_0125.wav,Be2,1.0,16000,0.075895,0.582977,D:\STUPEN\Heartz\data-science\dataset\clean\Be2\Be2_0125.wav
Be2_0126.wav,Be2,1.0,16000,0.073756,0.509949,D:\STUPEN\Heartz\data-science\dataset\clean\Be2\Be2_0126.wav
Be2_0127.wav,Be2,1.0,16000,0.077974,0.606079,D:\STUPEN\Heartz\data-science\dataset\clean\Be2\Be2_0127.wav
Be2_0128.wav,Be2,1.0,16000,0.073756,0.448944,D:\STUPEN\Heartz\data-science\dataset\clean\Be2\Be2_0128.wav
Be2_0129.wav,Be2,1.0,16000,0.075895,0.428497,D:\STUPEN\Heartz\data-science\dataset\clean\Be2\Be2_0129.wav
Be2_0130.wav,Be2,1.0,16000,0.075895,0.449982,D:\STUPEN\Heartz\data-science\dataset\clean\Be2\Be2_0130.wav
Be2_0131.wav,Be2,1.0,16000,0.066933,0.609406,D:\STUPEN\Heartz\data-science\dataset\clean\Be2\Be2_0131.wav
Be2_0132.wav,Be2,1.0,16000,0.071554,0.479584,D:\STUPEN\Heartz\data-science\dataset\clean\Be2\Be2_0132.wav
Be2_0133.wav,Be2,1.0,16000,0.071554,0.537933,D:\STUPEN\Heartz\data-science\dataset\clean\Be2\Be2_0133.wav
Be2_0134.wav,Be2,1.0,16000,0.073756,0.394104,D:\STUPEN\Heartz\data-science\dataset\clean\Be2\Be2_0134.wav
Be2_0135.wav,Be2,1.0,16000,0.073756,0.575317,D:\STUPEN\Heartz\data-science\dataset\clean\Be2\Be2_0135.wav
Be2_0136.wav,Be2,1.0,16000,0.069282,0.449524,D:\STUPEN\Heartz\data-science\dataset\clean\Be2\Be2_0136.wav
Be2_0137.wav,Be2,1.0,16000,0.071554,0.575439,D:\STUPEN\Heartz\data-science\dataset\clean\Be2\Be2_0137.wav
Be2_0138.wav,Be2,1.0,16000,0.073756,0.459961,D:\STUPEN\Heartz\data-science\dataset\clean\Be2\Be2_0138.wav
Be2_0139.wav,Be2,1.0,16000,0.066933,0.368622,D:\STUPEN\Heartz\data-science\dataset\clean\Be2\Be2_0139.wav
Be2_0140.wav,Be2,1.0,16000,0.069282,0.406677,D:\STUPEN\Heartz\data-science\dataset\clean\Be2\Be2_0140.wav
Be2_0141.wav,Be2,1.0,16000,0.071554,0.616608,D:\STUPEN\Heartz\data-science\dataset\clean\Be2\Be2_0141.wav
Be2_0142.wav,Be2,1.0,16000,0.073756,0.440277,D:\STUPEN\Heartz\data-science\dataset\clean\Be2\Be2_0142.wav
Be2_0143.wav,Be2,1.0,16000,0.066933,0.465942,D:\STUPEN\Heartz\data-science\dataset\clean\Be2\Be2_0143.wav
Be2_0144.wav,Be2,1.0,16000,0.071554,0.698853,D:\STUPEN\Heartz\data-science\dataset\clean\Be2\Be2_0144.wav
Be2_0145.wav,Be2,1.0,16000,0.069282,0.560455,D:\STUPEN\Heartz\data-science\dataset\clean\Be2\Be2_0145.wav
Be2_0146.wav,Be2,1.0,16000,0.092794,0.687347,D:\STUPEN\Heartz\data-science\dataset\clean\Be2\Be2_0146.wav
Be2_0147.wav,Be2,1.0,16000,0.069282,0.575928,D:\STUPEN\Heartz\data-science\dataset\clean\Be2\Be2_0147.wav
Be2_0148.wav,Be2,1.0,16000,0.066933,0.569794,D:\STUPEN\Heartz\data-science\dataset\clean\Be2\Be2_0148.wav
Be2_0149.wav,Be2,1.0,16000,0.069282,0.554352,D:\STUPEN\Heartz\data-science\dataset\clean\Be2\Be2_0149.wav
Be2_0150.wav,Be2,1.0,16000,0.066933,0.375183,D:\STUPEN\Heartz\data-science\dataset\clean\Be2\Be2_0150.wav
Be2_0151.wav,Be2,1.0,16000,0.066933,0.371613,D:\STUPEN\Heartz\data-science\dataset\clean\Be2\Be2_0151.wav
Be2_0152.wav,Be2,1.0,16000,0.066933,0.624603,D:\STUPEN\Heartz\data-science\dataset\clean\Be2\Be2_0152.wav
Be2_0153.wav,Be2,1.0,16000,0.069282,0.531677,D:\STUPEN\Heartz\data-science\dataset\clean\Be2\Be2_0153.wav
Be2_0154.wav,Be2,1.0,16000,0.066933,0.468658,D:\STUPEN\Heartz\data-science\dataset\clean\Be2\Be2_0154.wav
Be2_0155.wav,Be2,1.0,16000,0.073756,0.518829,D:\STUPEN\Heartz\data-science\dataset\clean\Be2\Be2_0155.wav
Be2_0156.wav,Be2,1.0,16000,0.073756,0.46759,D:\STUPEN\Heartz\data-science\dataset\clean\Be2\Be2_0156.wav
Be2_0157.wav,Be2,1.0,16000,0.073756,0.484833,D:\STUPEN\Heartz\data-science\dataset\clean\Be2\Be2_0157.wav
Be2_0158.wav,Be2,1.0,16000,0.075895,0.534058,D:\STUPEN\Heartz\data-science\dataset\clean\Be2\Be2_0158.wav
Be2_0159.wav,Be2,1.0,16000,0.073756,0.54538,D:\STUPEN\Heartz\data-science\dataset\clean\Be2\Be2_0159.wav
Be2_0160.wav,Be2,1.0,16000,0.071554,0.466339,D:\STUPEN\Heartz\data-science\dataset\clean\Be2\Be2_0160.wav
Be2_0161.wav,Be2,1.0,16000,0.073756,0.453186,D:\STUPEN\Heartz\data-science\dataset\clean\Be2\Be2_0161.wav
Be2_0162.wav,Be2,1.0,16000,0.073756,0.551086,D:\STUPEN\Heartz\data-science\dataset\clean\Be2\Be2_0162.wav
Be2_0163.wav,Be2,1.0,16000,0.071554,0.476105,D:\STUPEN\Heartz\data-science\dataset\clean\Be2\Be2_0163.wav
Be2_0164.wav,Be2,1.0,16000,0.075895,0.502167,D:\STUPEN\Heartz\data-science\dataset\clean\Be2\Be2_0164.wav
Be2_0165.wav,Be2,1.0,16000,0.073756,0.554474,D:\STUPEN\Heartz\data-science\dataset\clean\Be2\Be2_0165.wav
Be2_0166.wav,Be2,1.0,16000,0.071554,0.66272,D:\STUPEN\Heartz\data-science\dataset\clean\Be2\Be2_0166.wav
Be2_0167.wav,Be2,1.0,16000,0.075895,0.446381,D:\STUPEN\Heartz\data-science\dataset\clean\Be2\Be2_0167.wav
Be2_0168.wav,Be2,1.0,16000,0.071554,0.460022,D:\STUPEN\Heartz\data-science\dataset\clean\Be2\Be2_0168.wav
Be2_0169.wav,Be2,1.0,16000,0.071554,0.400238,D:\STUPEN\Heartz\data-science\dataset\clean\Be2\Be2_0169.wav
Be2_0170.wav,Be2,1.0,16000,0.066933,0.496826,D:\STUPEN\Heartz\data-science\dataset\clean\Be2\Be2_0170.wav
Be2_0171.wav,Be2,1.0,16000,0.073756,0.563324,D:\STUPEN\Heartz\data-science\dataset\clean\Be2\Be2_0171.wav
Be2_0172.wav,Be2,1.0,16000,0.077974,0.538544,D:\STUPEN\Heartz\data-science\dataset\clean\Be2\Be2_0172.wav
Be2_0173.wav,Be2,1.0,16000,0.071554,0.457153,D:\STUPEN\Heartz\data-science\dataset\clean\Be2\Be2_0173.wav
Be2_0174.wav,Be2,1.0,16000,0.073756,0.592468,D:\STUPEN\Heartz\data-science\dataset\clean\Be2\Be2_0174.wav
Be2_0175.wav,Be2,1.0,16000,0.075895,0.552277,D:\STUPEN\Heartz\data-science\dataset\clean\Be2\Be2_0175.wav
Be2_0176.wav,Be2,1.0,16000,0.075895,0.582977,D:\STUPEN\Heartz\data-science\dataset\clean\Be2\Be2_0176.wav
Be2_0177.wav,Be2,1.0,16000,0.073756,0.509949,D:\STUPEN\Heartz\data-science\dataset\clean\Be2\Be2_0177.wav
Be2_0178.wav,Be2,1.0,16000,0.077974,0.606079,D:\STUPEN\Heartz\data-science\dataset\clean\Be2\Be2_0178.wav
Be2_0179.wav,Be2,1.0,16000,0.073756,0.448944,D:\STUPEN\Heartz\data-science\dataset\clean\Be2\Be2_0179.wav
Be2_0180.wav,Be2,1.0,16000,0.075895,0.428497,D:\STUPEN\Heartz\data-science\dataset\clean\Be2\Be2_0180.wav
Be2_0181.wav,Be2,1.0,16000,0.075895,0.449982,D:\STUPEN\Heartz\data-science\dataset\clean\Be2\Be2_0181.wav
Be2_0182.wav,Be2,1.0,16000,0.066933,0.609406,D:\STUPEN\Heartz\data-science\dataset\clean\Be2\Be2_0182.wav
Be2_0183.wav,Be2,1.0,16000,0.071554,0.479584,D:\STUPEN\Heartz\data-science\dataset\clean\Be2\Be2_0183.wav
Be2_0184.wav,Be2,1.0,16000,0.071554,0.537933,D:\STUPEN\Heartz\data-science\dataset\clean\Be2\Be2_0184.wav
Be2_0185.wav,Be2,1.0,16000,0.073756,0.394104,D:\STUPEN\Heartz\data-science\dataset\clean\Be2\Be2_0185.wav
Be2_0186.wav,Be2,1.0,16000,0.073756,0.575317,D:\STUPEN\Heartz\data-science\dataset\clean\Be2\Be2_0186.wav
Be2_0187.wav,Be2,1.0,16000,0.069282,0.449524,D:\STUPEN\Heartz\data-science\dataset\clean\Be2\Be2_0187.wav
Be2_0188.wav,Be2,1.0,16000,0.071554,0.575439,D:\STUPEN\Heartz\data-science\dataset\clean\Be2\Be2_0188.wav
Be2_0189.wav,Be2,1.0,16000,0.073756,0.459961,D:\STUPEN\Heartz\data-science\dataset\clean\Be2\Be2_0189.wav
Be2_0190.wav,Be2,1.0,16000,0.066933,0.368622,D:\STUPEN\Heartz\data-science\dataset\clean\Be2\Be2_0190.wav
Be2_0191.wav,Be2,1.0,16000,0.069282,0.406677,D:\STUPEN\Heartz\data-science\dataset\clean\Be2\Be2_0191.wav
Be2_0192.wav,Be2,1.0,16000,0.071554,0.616608,D:\STUPEN\Heartz\data-science\dataset\clean\Be2\Be2_0192.wav
Be2_0193.wav,Be2,1.0,16000,0.073756,0.440277,D:\STUPEN\Heartz\data-science\dataset\clean\Be2\Be2_0193.wav
Be2_0194.wav,Be2,1.0,16000,0.066933,0.465942,D:\STUPEN\Heartz\data-science\dataset\clean\Be2\Be2_0194.wav
Be2_0195.wav,Be2,1.0,16000,0.071554,0.698853,D:\STUPEN\Heartz\data-science\dataset\clean\Be2\Be2_0195.wav
Be2_0196.wav,Be2,1.0,16000,0.069282,0.560455,D:\STUPEN\Heartz\data-science\dataset\clean\Be2\Be2_0196.wav
Be2_0197.wav,Be2,1.0,16000,0.092794,0.687347,D:\STUPEN\Heartz\data-science\dataset\clean\Be2\Be2_0197.wav
Be2_0198.wav,Be2,1.0,16000,0.069282,0.575928,D:\STUPEN\Heartz\data-science\dataset\clean\Be2\Be2_0198.wav
Be2_0199.wav,Be2,1.0,16000,0.066933,0.569794,D:\STUPEN\Heartz\data-science\dataset\clean\Be2\Be2_0199.wav
Be2_0200.wav,Be2,1.0,16000,0.069282,0.554352,D:\STUPEN\Heartz\data-science\dataset\clean\Be2\Be2_0200.wav
Be2_0201.wav,Be2,1.0,16000,0.066933,0.375183,D:\STUPEN\Heartz\data-science\dataset\clean\Be2\Be2_0201.wav
Be2_0202.wav,Be2,1.0,16000,0.066933,0.371613,D:\STUPEN\Heartz\data-science\dataset\clean\Be2\Be2_0202.wav
Be2_0203.wav,Be2,1.0,16000,0.066933,0.624603,D:\STUPEN\Heartz\data-science\dataset\clean\Be2\Be2_0203.wav
Be2_0204.wav,Be2,1.0,16000,0.069282,0.531677,D:\STUPEN\Heartz\data-science\dataset\clean\Be2\Be2_0204.wav
Be3_0001.wav,Be3,1.0,16000,0.069282,0.407257,D:\STUPEN\Heartz\data-science\dataset\clean\Be3\Be3_0001.wav
Be3_0002.wav,Be3,1.0,16000,0.071554,0.411682,D:\STUPEN\Heartz\data-science\dataset\clean\Be3\Be3_0002.wav
Be3_0003.wav,Be3,1.0,16000,0.071554,0.363281,D:\STUPEN\Heartz\data-science\dataset\clean\Be3\Be3_0003.wav
Be3_0004.wav,Be3,1.0,16000,0.069282,0.367706,D:\STUPEN\Heartz\data-science\dataset\clean\Be3\Be3_0004.wav
Be3_0005.wav,Be3,1.0,16000,0.066933,0.318207,D:\STUPEN\Heartz\data-science\dataset\clean\Be3\Be3_0005.wav
Be3_0006.wav,Be3,1.0,16000,0.066933,0.479034,D:\STUPEN\Heartz\data-science\dataset\clean\Be3\Be3_0006.wav
Be3_0007.wav,Be3,1.0,16000,0.069282,0.47348,D:\STUPEN\Heartz\data-science\dataset\clean\Be3\Be3_0007.wav
Be3_0008.wav,Be3,1.0,16000,0.069282,0.406311,D:\STUPEN\Heartz\data-science\dataset\clean\Be3\Be3_0008.wav
Be3_0009.wav,Be3,1.0,16000,0.066933,0.309998,D:\STUPEN\Heartz\data-science\dataset\clean\Be3\Be3_0009.wav
Be3_0010.wav,Be3,1.0,16000,0.064498,0.353119,D:\STUPEN\Heartz\data-science\dataset\clean\Be3\Be3_0010.wav
Be3_0011.wav,Be3,1.0,16000,0.061968,0.332794,D:\STUPEN\Heartz\data-science\dataset\clean\Be3\Be3_0011.wav
Be3_0012.wav,Be3,1.0,16000,0.069282,0.467377,D:\STUPEN\Heartz\data-science\dataset\clean\Be3\Be3_0012.wav
Be3_0013.wav,Be3,1.0,16000,0.069282,0.457794,D:\STUPEN\Heartz\data-science\dataset\clean\Be3\Be3_0013.wav
Be3_0014.wav,Be3,1.0,16000,0.069282,0.423187,D:\STUPEN\Heartz\data-science\dataset\clean\Be3\Be3_0014.wav
Be3_0015.wav,Be3,1.0,16000,0.071554,0.493073,D:\STUPEN\Heartz\data-science\dataset\clean\Be3\Be3_0015.wav
Be3_0016.wav,Be3,1.0,16000,0.071554,0.535828,D:\STUPEN\Heartz\data-science\dataset\clean\Be3\Be3_0016.wav
Be3_0017.wav,Be3,1.0,16000,0.071554,0.523956,D:\STUPEN\Heartz\data-science\dataset\clean\Be3\Be3_0017.wav
Be3_0018.wav,Be3,1.0,16000,0.064498,0.394135,D:\STUPEN\Heartz\data-science\dataset\clean\Be3\Be3_0018.wav
Be3_0019.wav,Be3,1.0,16000,0.066933,0.441772,D:\STUPEN\Heartz\data-science\dataset\clean\Be3\Be3_0019.wav
Be3_0020.wav,Be3,1.0,16000,0.073756,0.451324,D:\STUPEN\Heartz\data-science\dataset\clean\Be3\Be3_0020.wav
Be3_0021.wav,Be3,1.0,16000,0.071554,0.437164,D:\STUPEN\Heartz\data-science\dataset\clean\Be3\Be3_0021.wav
Be3_0022.wav,Be3,1.0,16000,0.064498,0.331116,D:\STUPEN\Heartz\data-science\dataset\clean\Be3\Be3_0022.wav
Be3_0023.wav,Be3,1.0,16000,0.071554,0.377289,D:\STUPEN\Heartz\data-science\dataset\clean\Be3\Be3_0023.wav
Be3_0024.wav,Be3,1.0,16000,0.071554,0.372894,D:\STUPEN\Heartz\data-science\dataset\clean\Be3\Be3_0024.wav
Be3_0025.wav,Be3,1.0,16000,0.073756,0.486664,D:\STUPEN\Heartz\data-science\dataset\clean\Be3\Be3_0025.wav
Be3_0026.wav,Be3,1.0,16000,0.073756,0.471069,D:\STUPEN\Heartz\data-science\dataset\clean\Be3\Be3_0026.wav
Be3_0027.wav,Be3,1.0,16000,0.069282,0.450745,D:\STUPEN\Heartz\data-science\dataset\clean\Be3\Be3_0027.wav
Be3_0028.wav,Be3,1.0,16000,0.071554,0.402985,D:\STUPEN\Heartz\data-science\dataset\clean\Be3\Be3_0028.wav
Be3_0029.wav,Be3,1.0,16000,0.069282,0.433441,D:\STUPEN\Heartz\data-science\dataset\clean\Be3\Be3_0029.wav
Be3_0030.wav,Be3,1.0,16000,0.069282,0.413147,D:\STUPEN\Heartz\data-science\dataset\clean\Be3\Be3_0030.wav
Be3_0031.wav,Be3,1.0,16000,0.066933,0.44696,D:\STUPEN\Heartz\data-science\dataset\clean\Be3\Be3_0031.wav
Be3_0032.wav,Be3,1.0,16000,0.069282,0.391022,D:\STUPEN\Heartz\data-science\dataset\clean\Be3\Be3_0032.wav
Be3_0033.wav,Be3,1.0,16000,0.073756,0.491699,D:\STUPEN\Heartz\data-science\dataset\clean\Be3\Be3_0033.wav
Be3_0034.wav,Be3,1.0,16000,0.066933,0.41214,D:\STUPEN\Heartz\data-science\dataset\clean\Be3\Be3_0034.wav
Be3_0035.wav,Be3,1.0,16000,0.066933,0.331421,D:\STUPEN\Heartz\data-science\dataset\clean\Be3\Be3_0035.wav
Be3_0036.wav,Be3,1.0,16000,0.071554,0.516388,D:\STUPEN\Heartz\data-science\dataset\clean\Be3\Be3_0036.wav
Be3_0037.wav,Be3,1.0,16000,0.069282,0.519531,D:\STUPEN\Heartz\data-science\dataset\clean\Be3\Be3_0037.wav
Be3_0038.wav,Be3,1.0,16000,0.071554,0.545654,D:\STUPEN\Heartz\data-science\dataset\clean\Be3\Be3_0038.wav
Be3_0039.wav,Be3,1.0,16000,0.069282,0.578064,D:\STUPEN\Heartz\data-science\dataset\clean\Be3\Be3_0039.wav
Be3_0040.wav,Be3,1.0,16000,0.066933,0.410614,D:\STUPEN\Heartz\data-science\dataset\clean\Be3\Be3_0040.wav
Be3_0041.wav,Be3,1.0,16000,0.069282,0.364929,D:\STUPEN\Heartz\data-science\dataset\clean\Be3\Be3_0041.wav
Be3_0042.wav,Be3,1.0,16000,0.066933,0.391632,D:\STUPEN\Heartz\data-science\dataset\clean\Be3\Be3_0042.wav
Be3_0043.wav,Be3,1.0,16000,0.064498,0.318329,D:\STUPEN\Heartz\data-science\dataset\clean\Be3\Be3_0043.wav
Be3_0044.wav,Be3,1.0,16000,0.069282,0.394806,D:\STUPEN\Heartz\data-science\dataset\clean\Be3\Be3_0044.wav
Be3_0045.wav,Be3,1.0,16000,0.066933,0.390991,D:\STUPEN\Heartz\data-science\dataset\clean\Be3\Be3_0045.wav
Be3_0046.wav,Be3,1.0,16000,0.066933,0.5159,D:\STUPEN\Heartz\data-science\dataset\clean\Be3\Be3_0046.wav
Be3_0047.wav,Be3,1.0,16000,0.069282,0.455444,D:\STUPEN\Heartz\data-science\dataset\clean\Be3\Be3_0047.wav
Be3_0048.wav,Be3,1.0,16000,0.069282,0.543182,D:\STUPEN\Heartz\data-science\dataset\clean\Be3\Be3_0048.wav
Be3_0049.wav,Be3,1.0,16000,0.066933,0.358246,D:\STUPEN\Heartz\data-science\dataset\clean\Be3\Be3_0049.wav
Be3_0050.wav,Be3,1.0,16000,0.069282,0.407257,D:\STUPEN\Heartz\data-science\dataset\clean\Be3\Be3_0050.wav
Be3_0051.wav,Be3,1.0,16000,0.071554,0.411682,D:\STUPEN\Heartz\data-science\dataset\clean\Be3\Be3_0051.wav
Be3_0052.wav,Be3,1.0,16000,0.071554,0.363281,D:\STUPEN\Heartz\data-science\dataset\clean\Be3\Be3_0052.wav
Be3_0053.wav,Be3,1.0,16000,0.069282,0.367706,D:\STUPEN\Heartz\data-science\dataset\clean\Be3\Be3_0053.wav
Be3_0054.wav,Be3,1.0,16000,0.066933,0.318207,D:\STUPEN\Heartz\data-science\dataset\clean\Be3\Be3_0054.wav
Be3_0055.wav,Be3,1.0,16000,0.066933,0.479034,D:\STUPEN\Heartz\data-science\dataset\clean\Be3\Be3_0055.wav
Be3_0056.wav,Be3,1.0,16000,0.069282,0.47348,D:\STUPEN\Heartz\data-science\dataset\clean\Be3\Be3_0056.wav
Be3_0057.wav,Be3,1.0,16000,0.069282,0.406311,D:\STUPEN\Heartz\data-science\dataset\clean\Be3\Be3_0057.wav
Be3_0058.wav,Be3,1.0,16000,0.066933,0.309998,D:\STUPEN\Heartz\data-science\dataset\clean\Be3\Be3_0058.wav
Be3_0059.wav,Be3,1.0,16000,0.064498,0.353119,D:\STUPEN\Heartz\data-science\dataset\clean\Be3\Be3_0059.wav
Be3_0060.wav,Be3,1.0,16000,0.061968,0.332794,D:\STUPEN\Heartz\data-science\dataset\clean\Be3\Be3_0060.wav
Be3_0061.wav,Be3,1.0,16000,0.069282,0.467377,D:\STUPEN\Heartz\data-science\dataset\clean\Be3\Be3_0061.wav
Be3_0062.wav,Be3,1.0,16000,0.069282,0.457794,D:\STUPEN\Heartz\data-science\dataset\clean\Be3\Be3_0062.wav
Be3_0063.wav,Be3,1.0,16000,0.069282,0.423187,D:\STUPEN\Heartz\data-science\dataset\clean\Be3\Be3_0063.wav
Be3_0064.wav,Be3,1.0,16000,0.071554,0.493073,D:\STUPEN\Heartz\data-science\dataset\clean\Be3\Be3_0064.wav
Be3_0065.wav,Be3,1.0,16000,0.071554,0.535828,D:\STUPEN\Heartz\data-science\dataset\clean\Be3\Be3_0065.wav
Be3_0066.wav,Be3,1.0,16000,0.071554,0.523956,D:\STUPEN\Heartz\data-science\dataset\clean\Be3\Be3_0066.wav
Be3_0067.wav,Be3,1.0,16000,0.064498,0.394135,D:\STUPEN\Heartz\data-science\dataset\clean\Be3\Be3_0067.wav
Be3_0068.wav,Be3,1.0,16000,0.066933,0.441772,D:\STUPEN\Heartz\data-science\dataset\clean\Be3\Be3_0068.wav
Be3_0069.wav,Be3,1.0,16000,0.073756,0.451324,D:\STUPEN\Heartz\data-science\dataset\clean\Be3\Be3_0069.wav
Be3_0070.wav,Be3,1.0,16000,0.071554,0.437164,D:\STUPEN\Heartz\data-science\dataset\clean\Be3\Be3_0070.wav
Be3_0071.wav,Be3,1.0,16000,0.064498,0.331116,D:\STUPEN\Heartz\data-science\dataset\clean\Be3\Be3_0071.wav
Be3_0072.wav,Be3,1.0,16000,0.071554,0.377289,D:\STUPEN\Heartz\data-science\dataset\clean\Be3\Be3_0072.wav
Be3_0073.wav,Be3,1.0,16000,0.071554,0.372894,D:\STUPEN\Heartz\data-science\dataset\clean\Be3\Be3_0073.wav
Be3_0074.wav,Be3,1.0,16000,0.073756,0.486664,D:\STUPEN\Heartz\data-science\dataset\clean\Be3\Be3_0074.wav
Be3_0075.wav,Be3,1.0,16000,0.073756,0.471069,D:\STUPEN\Heartz\data-science\dataset\clean\Be3\Be3_0075.wav
Be3_0076.wav,Be3,1.0,16000,0.069282,0.450745,D:\STUPEN\Heartz\data-science\dataset\clean\Be3\Be3_0076.wav
Be3_0077.wav,Be3,1.0,16000,0.071554,0.402985,D:\STUPEN\Heartz\data-science\dataset\clean\Be3\Be3_0077.wav
Be3_0078.wav,Be3,1.0,16000,0.069282,0.433441,D:\STUPEN\Heartz\data-science\dataset\clean\Be3\Be3_0078.wav
Be3_0079.wav,Be3,1.0,16000,0.069282,0.413147,D:\STUPEN\Heartz\data-science\dataset\clean\Be3\Be3_0079.wav
Be3_0080.wav,Be3,1.0,16000,0.066933,0.44696,D:\STUPEN\Heartz\data-science\dataset\clean\Be3\Be3_0080.wav
Be3_0081.wav,Be3,1.0,16000,0.069282,0.391022,D:\STUPEN\Heartz\data-science\dataset\clean\Be3\Be3_0081.wav
Be3_0082.wav,Be3,1.0,16000,0.073756,0.491699,D:\STUPEN\Heartz\data-science\dataset\clean\Be3\Be3_0082.wav
Be3_0083.wav,Be3,1.0,16000,0.066933,0.41214,D:\STUPEN\Heartz\data-science\dataset\clean\Be3\Be3_0083.wav
Be3_0084.wav,Be3,1.0,16000,0.066933,0.331421,D:\STUPEN\Heartz\data-science\dataset\clean\Be3\Be3_0084.wav
Be3_0085.wav,Be3,1.0,16000,0.071554,0.516388,D:\STUPEN\Heartz\data-science\dataset\clean\Be3\Be3_0085.wav
Be3_0086.wav,Be3,1.0,16000,0.069282,0.519531,D:\STUPEN\Heartz\data-science\dataset\clean\Be3\Be3_0086.wav
Be3_0087.wav,Be3,1.0,16000,0.071554,0.545654,D:\STUPEN\Heartz\data-science\dataset\clean\Be3\Be3_0087.wav
Be3_0088.wav,Be3,1.0,16000,0.069282,0.578064,D:\STUPEN\Heartz\data-science\dataset\clean\Be3\Be3_0088.wav
Be3_0089.wav,Be3,1.0,16000,0.066933,0.410614,D:\STUPEN\Heartz\data-science\dataset\clean\Be3\Be3_0089.wav
Be3_0090.wav,Be3,1.0,16000,0.069282,0.364929,D:\STUPEN\Heartz\data-science\dataset\clean\Be3\Be3_0090.wav
Be3_0091.wav,Be3,1.0,16000,0.066933,0.391632,D:\STUPEN\Heartz\data-science\dataset\clean\Be3\Be3_0091.wav
Be3_0092.wav,Be3,1.0,16000,0.064498,0.318329,D:\STUPEN\Heartz\data-science\dataset\clean\Be3\Be3_0092.wav
Be3_0093.wav,Be3,1.0,16000,0.069282,0.394806,D:\STUPEN\Heartz\data-science\dataset\clean\Be3\Be3_0093.wav
Be3_0094.wav,Be3,1.0,16000,0.066933,0.390991,D:\STUPEN\Heartz\data-science\dataset\clean\Be3\Be3_0094.wav
Be3_0095.wav,Be3,1.0,16000,0.066933,0.5159,D:\STUPEN\Heartz\data-science\dataset\clean\Be3\Be3_0095.wav
Be3_0096.wav,Be3,1.0,16000,0.069282,0.455444,D:\STUPEN\Heartz\data-science\dataset\clean\Be3\Be3_0096.wav
Be3_0097.wav,Be3,1.0,16000,0.069282,0.543182,D:\STUPEN\Heartz\data-science\dataset\clean\Be3\Be3_0097.wav
Be3_0098.wav,Be3,1.0,16000,0.066933,0.358246,D:\STUPEN\Heartz\data-science\dataset\clean\Be3\Be3_0098.wav
Be3_0099.wav,Be3,1.0,16000,0.069282,0.407257,D:\STUPEN\Heartz\data-science\dataset\clean\Be3\Be3_0099.wav
Be3_0100.wav,Be3,1.0,16000,0.071554,0.411682,D:\STUPEN\Heartz\data-science\dataset\clean\Be3\Be3_0100.wav
Be3_0101.wav,Be3,1.0,16000,0.071554,0.363281,D:\STUPEN\Heartz\data-science\dataset\clean\Be3\Be3_0101.wav
Be3_0102.wav,Be3,1.0,16000,0.069282,0.367706,D:\STUPEN\Heartz\data-science\dataset\clean\Be3\Be3_0102.wav
Be3_0103.wav,Be3,1.0,16000,0.066933,0.318207,D:\STUPEN\Heartz\data-science\dataset\clean\Be3\Be3_0103.wav
Be3_0104.wav,Be3,1.0,16000,0.066933,0.479034,D:\STUPEN\Heartz\data-science\dataset\clean\Be3\Be3_0104.wav
Be3_0105.wav,Be3,1.0,16000,0.069282,0.47348,D:\STUPEN\Heartz\data-science\dataset\clean\Be3\Be3_0105.wav
Be3_0106.wav,Be3,1.0,16000,0.069282,0.406311,D:\STUPEN\Heartz\data-science\dataset\clean\Be3\Be3_0106.wav
Be3_0107.wav,Be3,1.0,16000,0.066933,0.309998,D:\STUPEN\Heartz\data-science\dataset\clean\Be3\Be3_0107.wav
Be3_0108.wav,Be3,1.0,16000,0.064498,0.353119,D:\STUPEN\Heartz\data-science\dataset\clean\Be3\Be3_0108.wav
Be3_0109.wav,Be3,1.0,16000,0.061968,0.332794,D:\STUPEN\Heartz\data-science\dataset\clean\Be3\Be3_0109.wav
Be3_0110.wav,Be3,1.0,16000,0.069282,0.467377,D:\STUPEN\Heartz\data-science\dataset\clean\Be3\Be3_0110.wav
Be3_0111.wav,Be3,1.0,16000,0.069282,0.457794,D:\STUPEN\Heartz\data-science\dataset\clean\Be3\Be3_0111.wav
Be3_0112.wav,Be3,1.0,16000,0.069282,0.423187,D:\STUPEN\Heartz\data-science\dataset\clean\Be3\Be3_0112.wav
Be3_0113.wav,Be3,1.0,16000,0.071554,0.493073,D:\STUPEN\Heartz\data-science\dataset\clean\Be3\Be3_0113.wav
Be3_0114.wav,Be3,1.0,16000,0.071554,0.535828,D:\STUPEN\Heartz\data-science\dataset\clean\Be3\Be3_0114.wav
Be3_0115.wav,Be3,1.0,16000,0.071554,0.523956,D:\STUPEN\Heartz\data-science\dataset\clean\Be3\Be3_0115.wav
Be3_0116.wav,Be3,1.0,16000,0.064498,0.394135,D:\STUPEN\Heartz\data-science\dataset\clean\Be3\Be3_0116.wav
Be3_0117.wav,Be3,1.0,16000,0.066933,0.441772,D:\STUPEN\Heartz\data-science\dataset\clean\Be3\Be3_0117.wav
Be3_0118.wav,Be3,1.0,16000,0.073756,0.451324,D:\STUPEN\Heartz\data-science\dataset\clean\Be3\Be3_0118.wav
Be3_0119.wav,Be3,1.0,16000,0.071554,0.437164,D:\STUPEN\Heartz\data-science\dataset\clean\Be3\Be3_0119.wav
Be3_0120.wav,Be3,1.0,16000,0.064498,0.331116,D:\STUPEN\Heartz\data-science\dataset\clean\Be3\Be3_0120.wav
Be3_0121.wav,Be3,1.0,16000,0.071554,0.377289,D:\STUPEN\Heartz\data-science\dataset\clean\Be3\Be3_0121.wav
Be3_0122.wav,Be3,1.0,16000,0.071554,0.372894,D:\STUPEN\Heartz\data-science\dataset\clean\Be3\Be3_0122.wav
Be3_0123.wav,Be3,1.0,16000,0.073756,0.486664,D:\STUPEN\Heartz\data-science\dataset\clean\Be3\Be3_0123.wav
Be3_0124.wav,Be3,1.0,16000,0.073756,0.471069,D:\STUPEN\Heartz\data-science\dataset\clean\Be3\Be3_0124.wav
Be3_0125.wav,Be3,1.0,16000,0.069282,0.450745,D:\STUPEN\Heartz\data-science\dataset\clean\Be3\Be3_0125.wav
Be3_0126.wav,Be3,1.0,16000,0.071554,0.402985,D:\STUPEN\Heartz\data-science\dataset\clean\Be3\Be3_0126.wav
Be3_0127.wav,Be3,1.0,16000,0.069282,0.433441,D:\STUPEN\Heartz\data-science\dataset\clean\Be3\Be3_0127.wav
Be3_0128.wav,Be3,1.0,16000,0.069282,0.413147,D:\STUPEN\Heartz\data-science\dataset\clean\Be3\Be3_0128.wav
Be3_0129.wav,Be3,1.0,16000,0.066933,0.44696,D:\STUPEN\Heartz\data-science\dataset\clean\Be3\Be3_0129.wav
Be3_0130.wav,Be3,1.0,16000,0.069282,0.391022,D:\STUPEN\Heartz\data-science\dataset\clean\Be3\Be3_0130.wav
Be3_0131.wav,Be3,1.0,16000,0.073756,0.491699,D:\STUPEN\Heartz\data-science\dataset\clean\Be3\Be3_0131.wav
Be3_0132.wav,Be3,1.0,16000,0.066933,0.41214,D:\STUPEN\Heartz\data-science\dataset\clean\Be3\Be3_0132.wav
Be3_0133.wav,Be3,1.0,16000,0.066933,0.331421,D:\STUPEN\Heartz\data-science\dataset\clean\Be3\Be3_0133.wav
Be3_0134.wav,Be3,1.0,16000,0.071554,0.516388,D:\STUPEN\Heartz\data-science\dataset\clean\Be3\Be3_0134.wav
Be3_0135.wav,Be3,1.0,16000,0.069282,0.519531,D:\STUPEN\Heartz\data-science\dataset\clean\Be3\Be3_0135.wav
Be3_0136.wav,Be3,1.0,16000,0.071554,0.545654,D:\STUPEN\Heartz\data-science\dataset\clean\Be3\Be3_0136.wav
Be3_0137.wav,Be3,1.0,16000,0.069282,0.578064,D:\STUPEN\Heartz\data-science\dataset\clean\Be3\Be3_0137.wav
Be3_0138.wav,Be3,1.0,16000,0.066933,0.410614,D:\STUPEN\Heartz\data-science\dataset\clean\Be3\Be3_0138.wav
Be3_0139.wav,Be3,1.0,16000,0.069282,0.364929,D:\STUPEN\Heartz\data-science\dataset\clean\Be3\Be3_0139.wav
Be3_0140.wav,Be3,1.0,16000,0.066933,0.391632,D:\STUPEN\Heartz\data-science\dataset\clean\Be3\Be3_0140.wav
Be3_0141.wav,Be3,1.0,16000,0.064498,0.318329,D:\STUPEN\Heartz\data-science\dataset\clean\Be3\Be3_0141.wav
Be3_0142.wav,Be3,1.0,16000,0.069282,0.394806,D:\STUPEN\Heartz\data-science\dataset\clean\Be3\Be3_0142.wav
Be3_0143.wav,Be3,1.0,16000,0.066933,0.390991,D:\STUPEN\Heartz\data-science\dataset\clean\Be3\Be3_0143.wav
Be3_0144.wav,Be3,1.0,16000,0.066933,0.5159,D:\STUPEN\Heartz\data-science\dataset\clean\Be3\Be3_0144.wav
Be3_0145.wav,Be3,1.0,16000,0.069282,0.455444,D:\STUPEN\Heartz\data-science\dataset\clean\Be3\Be3_0145.wav
Be3_0146.wav,Be3,1.0,16000,0.069282,0.543182,D:\STUPEN\Heartz\data-science\dataset\clean\Be3\Be3_0146.wav
Be3_0147.wav,Be3,1.0,16000,0.066933,0.358246,D:\STUPEN\Heartz\data-science\dataset\clean\Be3\Be3_0147.wav
Be3_0148.wav,Be3,1.0,16000,0.069282,0.407257,D:\STUPEN\Heartz\data-science\dataset\clean\Be3\Be3_0148.wav
Be3_0149.wav,Be3,1.0,16000,0.071554,0.411682,D:\STUPEN\Heartz\data-science\dataset\clean\Be3\Be3_0149.wav
Be3_0150.wav,Be3,1.0,16000,0.071554,0.363281,D:\STUPEN\Heartz\data-science\dataset\clean\Be3\Be3_0150.wav
Be3_0151.wav,Be3,1.0,16000,0.069282,0.367706,D:\STUPEN\Heartz\data-science\dataset\clean\Be3\Be3_0151.wav
Be3_0152.wav,Be3,1.0,16000,0.066933,0.318207,D:\STUPEN\Heartz\data-science\dataset\clean\Be3\Be3_0152.wav
Be3_0153.wav,Be3,1.0,16000,0.066933,0.479034,D:\STUPEN\Heartz\data-science\dataset\clean\Be3\Be3_0153.wav
Be3_0154.wav,Be3,1.0,16000,0.069282,0.47348,D:\STUPEN\Heartz\data-science\dataset\clean\Be3\Be3_0154.wav
Be3_0155.wav,Be3,1.0,16000,0.069282,0.406311,D:\STUPEN\Heartz\data-science\dataset\clean\Be3\Be3_0155.wav
Be3_0156.wav,Be3,1.0,16000,0.066933,0.309998,D:\STUPEN\Heartz\data-science\dataset\clean\Be3\Be3_0156.wav
Be3_0157.wav,Be3,1.0,16000,0.064498,0.353119,D:\STUPEN\Heartz\data-science\dataset\clean\Be3\Be3_0157.wav
Be3_0158.wav,Be3,1.0,16000,0.061968,0.332794,D:\STUPEN\Heartz\data-science\dataset\clean\Be3\Be3_0158.wav
Be3_0159.wav,Be3,1.0,16000,0.069282,0.467377,D:\STUPEN\Heartz\data-science\dataset\clean\Be3\Be3_0159.wav
Be3_0160.wav,Be3,1.0,16000,0.069282,0.457794,D:\STUPEN\Heartz\data-science\dataset\clean\Be3\Be3_0160.wav
Be3_0161.wav,Be3,1.0,16000,0.069282,0.423187,D:\STUPEN\Heartz\data-science\dataset\clean\Be3\Be3_0161.wav
Be3_0162.wav,Be3,1.0,16000,0.071554,0.493073,D:\STUPEN\Heartz\data-science\dataset\clean\Be3\Be3_0162.wav
Be3_0163.wav,Be3,1.0,16000,0.071554,0.535828,D:\STUPEN\Heartz\data-science\dataset\clean\Be3\Be3_0163.wav
Be3_0164.wav,Be3,1.0,16000,0.071554,0.523956,D:\STUPEN\Heartz\data-science\dataset\clean\Be3\Be3_0164.wav
Be3_0165.wav,Be3,1.0,16000,0.064498,0.394135,D:\STUPEN\Heartz\data-science\dataset\clean\Be3\Be3_0165.wav
Be3_0166.wav,Be3,1.0,16000,0.066933,0.441772,D:\STUPEN\Heartz\data-science\dataset\clean\Be3\Be3_0166.wav
Be3_0167.wav,Be3,1.0,16000,0.073756,0.451324,D:\STUPEN\Heartz\data-science\dataset\clean\Be3\Be3_0167.wav
Be3_0168.wav,Be3,1.0,16000,0.071554,0.437164,D:\STUPEN\Heartz\data-science\dataset\clean\Be3\Be3_0168.wav
Be3_0169.wav,Be3,1.0,16000,0.064498,0.331116,D:\STUPEN\Heartz\data-science\dataset\clean\Be3\Be3_0169.wav
Be3_0170.wav,Be3,1.0,16000,0.071554,0.377289,D:\STUPEN\Heartz\data-science\dataset\clean\Be3\Be3_0170.wav
Be3_0171.wav,Be3,1.0,16000,0.071554,0.372894,D:\STUPEN\Heartz\data-science\dataset\clean\Be3\Be3_0171.wav
Be3_0172.wav,Be3,1.0,16000,0.073756,0.486664,D:\STUPEN\Heartz\data-science\dataset\clean\Be3\Be3_0172.wav
Be3_0173.wav,Be3,1.0,16000,0.073756,0.471069,D:\STUPEN\Heartz\data-science\dataset\clean\Be3\Be3_0173.wav
Be3_0174.wav,Be3,1.0,16000,0.069282,0.450745,D:\STUPEN\Heartz\data-science\dataset\clean\Be3\Be3_0174.wav
Be3_0175.wav,Be3,1.0,16000,0.071554,0.402985,D:\STUPEN\Heartz\data-science\dataset\clean\Be3\Be3_0175.wav
Be3_0176.wav,Be3,1.0,16000,0.069282,0.433441,D:\STUPEN\Heartz\data-science\dataset\clean\Be3\Be3_0176.wav
Be3_0177.wav,Be3,1.0,16000,0.069282,0.413147,D:\STUPEN\Heartz\data-science\dataset\clean\Be3\Be3_0177.wav
Be3_0178.wav,Be3,1.0,16000,0.066933,0.44696,D:\STUPEN\Heartz\data-science\dataset\clean\Be3\Be3_0178.wav
Be3_0179.wav,Be3,1.0,16000,0.069282,0.391022,D:\STUPEN\Heartz\data-science\dataset\clean\Be3\Be3_0179.wav
Be3_0180.wav,Be3,1.0,16000,0.073756,0.491699,D:\STUPEN\Heartz\data-science\dataset\clean\Be3\Be3_0180.wav
Be3_0181.wav,Be3,1.0,16000,0.066933,0.41214,D:\STUPEN\Heartz\data-science\dataset\clean\Be3\Be3_0181.wav
Be3_0182.wav,Be3,1.0,16000,0.066933,0.331421,D:\STUPEN\Heartz\data-science\dataset\clean\Be3\Be3_0182.wav
Be3_0183.wav,Be3,1.0,16000,0.071554,0.516388,D:\STUPEN\Heartz\data-science\dataset\clean\Be3\Be3_0183.wav
Be3_0184.wav,Be3,1.0,16000,0.069282,0.519531,D:\STUPEN\Heartz\data-science\dataset\clean\Be3\Be3_0184.wav
Be3_0185.wav,Be3,1.0,16000,0.071554,0.545654,D:\STUPEN\Heartz\data-science\dataset\clean\Be3\Be3_0185.wav
Be3_0186.wav,Be3,1.0,16000,0.069282,0.578064,D:\STUPEN\Heartz\data-science\dataset\clean\Be3\Be3_0186.wav
Be3_0187.wav,Be3,1.0,16000,0.066933,0.410614,D:\STUPEN\Heartz\data-science\dataset\clean\Be3\Be3_0187.wav
Be3_0188.wav,Be3,1.0,16000,0.069282,0.364929,D:\STUPEN\Heartz\data-science\dataset\clean\Be3\Be3_0188.wav
Be3_0189.wav,Be3,1.0,16000,0.066933,0.391632,D:\STUPEN\Heartz\data-science\dataset\clean\Be3\Be3_0189.wav
Be3_0190.wav,Be3,1.0,16000,0.064498,0.318329,D:\STUPEN\Heartz\data-science\dataset\clean\Be3\Be3_0190.wav
Be3_0191.wav,Be3,1.0,16000,0.069282,0.394806,D:\STUPEN\Heartz\data-science\dataset\clean\Be3\Be3_0191.wav
Be3_0192.wav,Be3,1.0,16000,0.066933,0.390991,D:\STUPEN\Heartz\data-science\dataset\clean\Be3\Be3_0192.wav
Be3_0193.wav,Be3,1.0,16000,0.066933,0.5159,D:\STUPEN\Heartz\data-science\dataset\clean\Be3\Be3_0193.wav
Be3_0194.wav,Be3,1.0,16000,0.069282,0.455444,D:\STUPEN\Heartz\data-science\dataset\clean\Be3\Be3_0194.wav
Be3_0195.wav,Be3,1.0,16000,0.069282,0.543182,D:\STUPEN\Heartz\data-science\dataset\clean\Be3\Be3_0195.wav
Be3_0196.wav,Be3,1.0,16000,0.066933,0.358246,D:\STUPEN\Heartz\data-science\dataset\clean\Be3\Be3_0196.wav
Bi_0001.wav,Bi,1.0,16000,0.075895,0.439148,D:\STUPEN\Heartz\data-science\dataset\clean\Bi\Bi_0001.wav
Bi_0002.wav,Bi,1.0,16000,0.069282,0.799744,D:\STUPEN\Heartz\data-science\dataset\clean\Bi\Bi_0002.wav
Bi_0003.wav,Bi,1.0,16000,0.064498,0.308624,D:\STUPEN\Heartz\data-science\dataset\clean\Bi\Bi_0003.wav
Bi_0004.wav,Bi,1.0,16000,0.069282,0.243164,D:\STUPEN\Heartz\data-science\dataset\clean\Bi\Bi_0004.wav
Bi_0005.wav,Bi,1.0,16000,0.069282,0.310547,D:\STUPEN\Heartz\data-science\dataset\clean\Bi\Bi_0005.wav
Bi_0006.wav,Bi,1.0,16000,0.066933,0.339752,D:\STUPEN\Heartz\data-science\dataset\clean\Bi\Bi_0006.wav
Bi_0007.wav,Bi,1.0,16000,0.069282,0.44632,D:\STUPEN\Heartz\data-science\dataset\clean\Bi\Bi_0007.wav
Bi_0008.wav,Bi,1.0,16000,0.069282,0.524017,D:\STUPEN\Heartz\data-science\dataset\clean\Bi\Bi_0008.wav
Bi_0009.wav,Bi,1.0,16000,0.075895,0.338593,D:\STUPEN\Heartz\data-science\dataset\clean\Bi\Bi_0009.wav
Bi_0010.wav,Bi,1.0,16000,0.075895,0.291351,D:\STUPEN\Heartz\data-science\dataset\clean\Bi\Bi_0010.wav
Bi_0011.wav,Bi,1.0,16000,0.073756,0.27652,D:\STUPEN\Heartz\data-science\dataset\clean\Bi\Bi_0011.wav
Bi_0012.wav,Bi,1.0,16000,0.073756,0.279694,D:\STUPEN\Heartz\data-science\dataset\clean\Bi\Bi_0012.wav
Bi_0013.wav,Bi,1.0,16000,0.066933,0.296875,D:\STUPEN\Heartz\data-science\dataset\clean\Bi\Bi_0013.wav
Bi_0014.wav,Bi,1.0,16000,0.061968,0.311005,D:\STUPEN\Heartz\data-science\dataset\clean\Bi\Bi_0014.wav
Bi_0015.wav,Bi,1.0,16000,0.064498,0.341095,D:\STUPEN\Heartz\data-science\dataset\clean\Bi\Bi_0015.wav
Bi_0016.wav,Bi,1.0,16000,0.066933,0.417206,D:\STUPEN\Heartz\data-science\dataset\clean\Bi\Bi_0016.wav
Bi_0017.wav,Bi,1.0,16000,0.075895,0.439148,D:\STUPEN\Heartz\data-science\dataset\clean\Bi\Bi_0017.wav
Bi_0018.wav,Bi,1.0,16000,0.069282,0.799744,D:\STUPEN\Heartz\data-science\dataset\clean\Bi\Bi_0018.wav
Bi_0019.wav,Bi,1.0,16000,0.064498,0.308624,D:\STUPEN\Heartz\data-science\dataset\clean\Bi\Bi_0019.wav
Bi_0020.wav,Bi,1.0,16000,0.069282,0.243164,D:\STUPEN\Heartz\data-science\dataset\clean\Bi\Bi_0020.wav
Bi_0021.wav,Bi,1.0,16000,0.069282,0.310547,D:\STUPEN\Heartz\data-science\dataset\clean\Bi\Bi_0021.wav
Bi_0022.wav,Bi,1.0,16000,0.066933,0.339752,D:\STUPEN\Heartz\data-science\dataset\clean\Bi\Bi_0022.wav
Bi_0023.wav,Bi,1.0,16000,0.069282,0.44632,D:\STUPEN\Heartz\data-science\dataset\clean\Bi\Bi_0023.wav
Bi_0024.wav,Bi,1.0,16000,0.069282,0.524017,D:\STUPEN\Heartz\data-science\dataset\clean\Bi\Bi_0024.wav
Bi_0025.wav,Bi,1.0,16000,0.075895,0.338593,D:\STUPEN\Heartz\data-science\dataset\clean\Bi\Bi_0025.wav
Bi_0026.wav,Bi,1.0,16000,0.075895,0.291351,D:\STUPEN\Heartz\data-science\dataset\clean\Bi\Bi_0026.wav
Bi_0027.wav,Bi,1.0,16000,0.073756,0.27652,D:\STUPEN\Heartz\data-science\dataset\clean\Bi\Bi_0027.wav
Bi_0028.wav,Bi,1.0,16000,0.073756,0.279694,D:\STUPEN\Heartz\data-science\dataset\clean\Bi\Bi_0028.wav
Bi_0029.wav,Bi,1.0,16000,0.066933,0.296875,D:\STUPEN\Heartz\data-science\dataset\clean\Bi\Bi_0029.wav
Bi_0030.wav,Bi,1.0,16000,0.061968,0.311005,D:\STUPEN\Heartz\data-science\dataset\clean\Bi\Bi_0030.wav
Bi_0031.wav,Bi,1.0,16000,0.064498,0.341095,D:\STUPEN\Heartz\data-science\dataset\clean\Bi\Bi_0031.wav
Bi_0032.wav,Bi,1.0,16000,0.066933,0.417206,D:\STUPEN\Heartz\data-science\dataset\clean\Bi\Bi_0032.wav
Bi_0033.wav,Bi,1.0,16000,0.075895,0.439148,D:\STUPEN\Heartz\data-science\dataset\clean\Bi\Bi_0033.wav
Bi_0034.wav,Bi,1.0,16000,0.069282,0.799744,D:\STUPEN\Heartz\data-science\dataset\clean\Bi\Bi_0034.wav
Bi_0035.wav,Bi,1.0,16000,0.064498,0.308624,D:\STUPEN\Heartz\data-science\dataset\clean\Bi\Bi_0035.wav
Bi_0036.wav,Bi,1.0,16000,0.069282,0.243164,D:\STUPEN\Heartz\data-science\dataset\clean\Bi\Bi_0036.wav
Bi_0037.wav,Bi,1.0,16000,0.069282,0.310547,D:\STUPEN\Heartz\data-science\dataset\clean\Bi\Bi_0037.wav
Bi_0038.wav,Bi,1.0,16000,0.066933,0.339752,D:\STUPEN\Heartz\data-science\dataset\clean\Bi\Bi_0038.wav
Bi_0039.wav,Bi,1.0,16000,0.069282,0.44632,D:\STUPEN\Heartz\data-science\dataset\clean\Bi\Bi_0039.wav
Bi_0040.wav,Bi,1.0,16000,0.069282,0.524017,D:\STUPEN\Heartz\data-science\dataset\clean\Bi\Bi_0040.wav
Bi_0041.wav,Bi,1.0,16000,0.075895,0.338593,D:\STUPEN\Heartz\data-science\dataset\clean\Bi\Bi_0041.wav
Bi_0042.wav,Bi,1.0,16000,0.075895,0.291351,D:\STUPEN\Heartz\data-science\dataset\clean\Bi\Bi_0042.wav
Bi_0043.wav,Bi,1.0,16000,0.073756,0.27652,D:\STUPEN\Heartz\data-science\dataset\clean\Bi\Bi_0043.wav
Bi_0044.wav,Bi,1.0,16000,0.073756,0.279694,D:\STUPEN\Heartz\data-science\dataset\clean\Bi\Bi_0044.wav
Bi_0045.wav,Bi,1.0,16000,0.066933,0.296875,D:\STUPEN\Heartz\data-science\dataset\clean\Bi\Bi_0045.wav
Bi_0046.wav,Bi,1.0,16000,0.061968,0.311005,D:\STUPEN\Heartz\data-science\dataset\clean\Bi\Bi_0046.wav
Bi_0047.wav,Bi,1.0,16000,0.064498,0.341095,D:\STUPEN\Heartz\data-science\dataset\clean\Bi\Bi_0047.wav
Bi_0048.wav,Bi,1.0,16000,0.066933,0.417206,D:\STUPEN\Heartz\data-science\dataset\clean\Bi\Bi_0048.wav
Bi_0049.wav,Bi,1.0,16000,0.075895,0.439148,D:\STUPEN\Heartz\data-science\dataset\clean\Bi\Bi_0049.wav
Bi_0050.wav,Bi,1.0,16000,0.069282,0.799744,D:\STUPEN\Heartz\data-science\dataset\clean\Bi\Bi_0050.wav
Bi_0051.wav,Bi,1.0,16000,0.064498,0.308624,D:\STUPEN\Heartz\data-science\dataset\clean\Bi\Bi_0051.wav
Bi_0052.wav,Bi,1.0,16000,0.069282,0.243164,D:\STUPEN\Heartz\data-science\dataset\clean\Bi\Bi_0052.wav
Bi_0053.wav,Bi,1.0,16000,0.069282,0.310547,D:\STUPEN\Heartz\data-science\dataset\clean\Bi\Bi_0053.wav
Bi_0054.wav,Bi,1.0,16000,0.066933,0.339752,D:\STUPEN\Heartz\data-science\dataset\clean\Bi\Bi_0054.wav
Bi_0055.wav,Bi,1.0,16000,0.069282,0.44632,D:\STUPEN\Heartz\data-science\dataset\clean\Bi\Bi_0055.wav
Bi_0056.wav,Bi,1.0,16000,0.069282,0.524017,D:\STUPEN\Heartz\data-science\dataset\clean\Bi\Bi_0056.wav
Bi_0057.wav,Bi,1.0,16000,0.075895,0.338593,D:\STUPEN\Heartz\data-science\dataset\clean\Bi\Bi_0057.wav
Bi_0058.wav,Bi,1.0,16000,0.075895,0.291351,D:\STUPEN\Heartz\data-science\dataset\clean\Bi\Bi_0058.wav
Bi_0059.wav,Bi,1.0,16000,0.073756,0.27652,D:\STUPEN\Heartz\data-science\dataset\clean\Bi\Bi_0059.wav
Bi_0060.wav,Bi,1.0,16000,0.073756,0.279694,D:\STUPEN\Heartz\data-science\dataset\clean\Bi\Bi_0060.wav
Bi_0061.wav,Bi,1.0,16000,0.066933,0.296875,D:\STUPEN\Heartz\data-science\dataset\clean\Bi\Bi_0061.wav
Bi_0062.wav,Bi,1.0,16000,0.061968,0.311005,D:\STUPEN\Heartz\data-science\dataset\clean\Bi\Bi_0062.wav
Bi_0063.wav,Bi,1.0,16000,0.064498,0.341095,D:\STUPEN\Heartz\data-science\dataset\clean\Bi\Bi_0063.wav
Bi_0064.wav,Bi,1.0,16000,0.066933,0.417206,D:\STUPEN\Heartz\data-science\dataset\clean\Bi\Bi_0064.wav
Bo_0001.wav,Bo,1.0,16000,0.069282,0.483643,D:\STUPEN\Heartz\data-science\dataset\clean\Bo\Bo_0001.wav
Bo_0002.wav,Bo,1.0,16000,0.071554,0.436615,D:\STUPEN\Heartz\data-science\dataset\clean\Bo\Bo_0002.wav
Bo_0003.wav,Bo,1.0,16000,0.073757,0.426392,D:\STUPEN\Heartz\data-science\dataset\clean\Bo\Bo_0003.wav
Bo_0004.wav,Bo,1.0,16000,0.069282,0.397003,D:\STUPEN\Heartz\data-science\dataset\clean\Bo\Bo_0004.wav
Bo_0005.wav,Bo,1.0,16000,0.071554,0.400513,D:\STUPEN\Heartz\data-science\dataset\clean\Bo\Bo_0005.wav
Bo_0006.wav,Bo,1.0,16000,0.069282,0.41626,D:\STUPEN\Heartz\data-science\dataset\clean\Bo\Bo_0006.wav
Bo_0007.wav,Bo,1.0,16000,0.073756,0.505402,D:\STUPEN\Heartz\data-science\dataset\clean\Bo\Bo_0007.wav
Bo_0008.wav,Bo,1.0,16000,0.069282,0.348724,D:\STUPEN\Heartz\data-science\dataset\clean\Bo\Bo_0008.wav
Bo_0009.wav,Bo,1.0,16000,0.071554,0.444977,D:\STUPEN\Heartz\data-science\dataset\clean\Bo\Bo_0009.wav
Bo_0010.wav,Bo,1.0,16000,0.075895,0.466858,D:\STUPEN\Heartz\data-science\dataset\clean\Bo\Bo_0010.wav
Bo_0011.wav,Bo,1.0,16000,0.073756,0.409637,D:\STUPEN\Heartz\data-science\dataset\clean\Bo\Bo_0011.wav
Bo_0012.wav,Bo,1.0,16000,0.075895,0.387726,D:\STUPEN\Heartz\data-science\dataset\clean\Bo\Bo_0012.wav
Bo_0013.wav,Bo,1.0,16000,0.073756,0.486542,D:\STUPEN\Heartz\data-science\dataset\clean\Bo\Bo_0013.wav
Bo_0014.wav,Bo,1.0,16000,0.069282,0.368622,D:\STUPEN\Heartz\data-science\dataset\clean\Bo\Bo_0014.wav
Bo_0015.wav,Bo,1.0,16000,0.069282,0.428314,D:\STUPEN\Heartz\data-science\dataset\clean\Bo\Bo_0015.wav
Bo_0016.wav,Bo,1.0,16000,0.069282,0.348145,D:\STUPEN\Heartz\data-science\dataset\clean\Bo\Bo_0016.wav
Bo_0017.wav,Bo,1.0,16000,0.075895,0.483246,D:\STUPEN\Heartz\data-science\dataset\clean\Bo\Bo_0017.wav
Bo_0018.wav,Bo,1.0,16000,0.073756,0.481232,D:\STUPEN\Heartz\data-science\dataset\clean\Bo\Bo_0018.wav
Bo_0019.wav,Bo,1.0,16000,0.073756,0.57959,D:\STUPEN\Heartz\data-science\dataset\clean\Bo\Bo_0019.wav
Bo_0020.wav,Bo,1.0,16000,0.077974,0.519196,D:\STUPEN\Heartz\data-science\dataset\clean\Bo\Bo_0020.wav
Bo_0021.wav,Bo,1.0,16000,0.073756,0.374084,D:\STUPEN\Heartz\data-science\dataset\clean\Bo\Bo_0021.wav
Bo_0022.wav,Bo,1.0,16000,0.071554,0.515991,D:\STUPEN\Heartz\data-science\dataset\clean\Bo\Bo_0022.wav
Bo_0023.wav,Bo,1.0,16000,0.069282,0.452271,D:\STUPEN\Heartz\data-science\dataset\clean\Bo\Bo_0023.wav
Bo_0024.wav,Bo,1.0,16000,0.066933,0.44577,D:\STUPEN\Heartz\data-science\dataset\clean\Bo\Bo_0024.wav
Bo_0025.wav,Bo,1.0,16000,0.071554,0.508606,D:\STUPEN\Heartz\data-science\dataset\clean\Bo\Bo_0025.wav
Bo_0026.wav,Bo,1.0,16000,0.066933,0.387299,D:\STUPEN\Heartz\data-science\dataset\clean\Bo\Bo_0026.wav
Bo_0027.wav,Bo,1.0,16000,0.069282,0.503876,D:\STUPEN\Heartz\data-science\dataset\clean\Bo\Bo_0027.wav
Bo_0028.wav,Bo,1.0,16000,0.066933,0.444275,D:\STUPEN\Heartz\data-science\dataset\clean\Bo\Bo_0028.wav
Bo_0029.wav,Bo,1.0,16000,0.071554,0.455383,D:\STUPEN\Heartz\data-science\dataset\clean\Bo\Bo_0029.wav
Bo_0030.wav,Bo,1.0,16000,0.073756,0.470917,D:\STUPEN\Heartz\data-science\dataset\clean\Bo\Bo_0030.wav
Bo_0031.wav,Bo,1.0,16000,0.069282,0.513092,D:\STUPEN\Heartz\data-science\dataset\clean\Bo\Bo_0031.wav
Bo_0032.wav,Bo,1.0,16000,0.064498,0.405396,D:\STUPEN\Heartz\data-science\dataset\clean\Bo\Bo_0032.wav
Bo_0033.wav,Bo,1.0,16000,0.069282,0.487488,D:\STUPEN\Heartz\data-science\dataset\clean\Bo\Bo_0033.wav
Bo_0034.wav,Bo,1.0,16000,0.066933,0.49649,D:\STUPEN\Heartz\data-science\dataset\clean\Bo\Bo_0034.wav
Bo_0035.wav,Bo,1.0,16000,0.071554,0.506744,D:\STUPEN\Heartz\data-science\dataset\clean\Bo\Bo_0035.wav
Bo_0036.wav,Bo,1.0,16000,0.069282,0.467163,D:\STUPEN\Heartz\data-science\dataset\clean\Bo\Bo_0036.wav
Bo_0037.wav,Bo,1.0,16000,0.071554,0.540314,D:\STUPEN\Heartz\data-science\dataset\clean\Bo\Bo_0037.wav
Bo_0038.wav,Bo,1.0,16000,0.066933,0.461853,D:\STUPEN\Heartz\data-science\dataset\clean\Bo\Bo_0038.wav
Bo_0039.wav,Bo,1.0,16000,0.066933,0.468201,D:\STUPEN\Heartz\data-science\dataset\clean\Bo\Bo_0039.wav
Bo_0040.wav,Bo,1.0,16000,0.069282,0.481903,D:\STUPEN\Heartz\data-science\dataset\clean\Bo\Bo_0040.wav
Bo_0041.wav,Bo,1.0,16000,0.069282,0.463623,D:\STUPEN\Heartz\data-science\dataset\clean\Bo\Bo_0041.wav
Bo_0042.wav,Bo,1.0,16000,0.069282,0.45224,D:\STUPEN\Heartz\data-science\dataset\clean\Bo\Bo_0042.wav
Bo_0043.wav,Bo,1.0,16000,0.069282,0.379089,D:\STUPEN\Heartz\data-science\dataset\clean\Bo\Bo_0043.wav
Bo_0044.wav,Bo,1.0,16000,0.073756,0.532288,D:\STUPEN\Heartz\data-science\dataset\clean\Bo\Bo_0044.wav
Bo_0045.wav,Bo,1.0,16000,0.071554,0.53241,D:\STUPEN\Heartz\data-science\dataset\clean\Bo\Bo_0045.wav
Bo_0046.wav,Bo,1.0,16000,0.073756,0.458588,D:\STUPEN\Heartz\data-science\dataset\clean\Bo\Bo_0046.wav
Bo_0047.wav,Bo,1.0,16000,0.075895,0.58725,D:\STUPEN\Heartz\data-science\dataset\clean\Bo\Bo_0047.wav
Bo_0048.wav,Bo,1.0,16000,0.071554,0.471741,D:\STUPEN\Heartz\data-science\dataset\clean\Bo\Bo_0048.wav
Bo_0049.wav,Bo,1.0,16000,0.069282,0.4552,D:\STUPEN\Heartz\data-science\dataset\clean\Bo\Bo_0049.wav
Bo_0050.wav,Bo,1.0,16000,0.071554,0.485077,D:\STUPEN\Heartz\data-science\dataset\clean\Bo\Bo_0050.wav
Bo_0051.wav,Bo,1.0,16000,0.069282,0.453461,D:\STUPEN\Heartz\data-science\dataset\clean\Bo\Bo_0051.wav
Bo_0052.wav,Bo,1.0,16000,0.073756,0.465302,D:\STUPEN\Heartz\data-science\dataset\clean\Bo\Bo_0052.wav
Bo_0053.wav,Bo,1.0,16000,0.069282,0.483643,D:\STUPEN\Heartz\data-science\dataset\clean\Bo\Bo_0053.wav
Bo_0054.wav,Bo,1.0,16000,0.071554,0.436615,D:\STUPEN\Heartz\data-science\dataset\clean\Bo\Bo_0054.wav
Bo_0055.wav,Bo,1.0,16000,0.073757,0.426392,D:\STUPEN\Heartz\data-science\dataset\clean\Bo\Bo_0055.wav
Bo_0056.wav,Bo,1.0,16000,0.069282,0.397003,D:\STUPEN\Heartz\data-science\dataset\clean\Bo\Bo_0056.wav
Bo_0057.wav,Bo,1.0,16000,0.071554,0.400513,D:\STUPEN\Heartz\data-science\dataset\clean\Bo\Bo_0057.wav
Bo_0058.wav,Bo,1.0,16000,0.069282,0.41626,D:\STUPEN\Heartz\data-science\dataset\clean\Bo\Bo_0058.wav
Bo_0059.wav,Bo,1.0,16000,0.073756,0.505402,D:\STUPEN\Heartz\data-science\dataset\clean\Bo\Bo_0059.wav
Bo_0060.wav,Bo,1.0,16000,0.069282,0.348724,D:\STUPEN\Heartz\data-science\dataset\clean\Bo\Bo_0060.wav
Bo_0061.wav,Bo,1.0,16000,0.071554,0.444977,D:\STUPEN\Heartz\data-science\dataset\clean\Bo\Bo_0061.wav
Bo_0062.wav,Bo,1.0,16000,0.075895,0.466858,D:\STUPEN\Heartz\data-science\dataset\clean\Bo\Bo_0062.wav
Bo_0063.wav,Bo,1.0,16000,0.073756,0.409637,D:\STUPEN\Heartz\data-science\dataset\clean\Bo\Bo_0063.wav
Bo_0064.wav,Bo,1.0,16000,0.075895,0.387726,D:\STUPEN\Heartz\data-science\dataset\clean\Bo\Bo_0064.wav
Bo_0065.wav,Bo,1.0,16000,0.073756,0.486542,D:\STUPEN\Heartz\data-science\dataset\clean\Bo\Bo_0065.wav
Bo_0066.wav,Bo,1.0,16000,0.069282,0.368622,D:\STUPEN\Heartz\data-science\dataset\clean\Bo\Bo_0066.wav
Bo_0067.wav,Bo,1.0,16000,0.069282,0.428314,D:\STUPEN\Heartz\data-science\dataset\clean\Bo\Bo_0067.wav
Bo_0068.wav,Bo,1.0,16000,0.069282,0.348145,D:\STUPEN\Heartz\data-science\dataset\clean\Bo\Bo_0068.wav
Bo_0069.wav,Bo,1.0,16000,0.075895,0.483246,D:\STUPEN\Heartz\data-science\dataset\clean\Bo\Bo_0069.wav
Bo_0070.wav,Bo,1.0,16000,0.073756,0.481232,D:\STUPEN\Heartz\data-science\dataset\clean\Bo\Bo_0070.wav
Bo_0071.wav,Bo,1.0,16000,0.073756,0.57959,D:\STUPEN\Heartz\data-science\dataset\clean\Bo\Bo_0071.wav
Bo_0072.wav,Bo,1.0,16000,0.077974,0.519196,D:\STUPEN\Heartz\data-science\dataset\clean\Bo\Bo_0072.wav
Bo_0073.wav,Bo,1.0,16000,0.073756,0.374084,D:\STUPEN\Heartz\data-science\dataset\clean\Bo\Bo_0073.wav
Bo_0074.wav,Bo,1.0,16000,0.071554,0.515991,D:\STUPEN\Heartz\data-science\dataset\clean\Bo\Bo_0074.wav
Bo_0075.wav,Bo,1.0,16000,0.069282,0.452271,D:\STUPEN\Heartz\data-science\dataset\clean\Bo\Bo_0075.wav
Bo_0076.wav,Bo,1.0,16000,0.066933,0.44577,D:\STUPEN\Heartz\data-science\dataset\clean\Bo\Bo_0076.wav
Bo_0077.wav,Bo,1.0,16000,0.071554,0.508606,D:\STUPEN\Heartz\data-science\dataset\clean\Bo\Bo_0077.wav
Bo_0078.wav,Bo,1.0,16000,0.066933,0.387299,D:\STUPEN\Heartz\data-science\dataset\clean\Bo\Bo_0078.wav
Bo_0079.wav,Bo,1.0,16000,0.069282,0.503876,D:\STUPEN\Heartz\data-science\dataset\clean\Bo\Bo_0079.wav
Bo_0080.wav,Bo,1.0,16000,0.066933,0.444275,D:\STUPEN\Heartz\data-science\dataset\clean\Bo\Bo_0080.wav
Bo_0081.wav,Bo,1.0,16000,0.071554,0.455383,D:\STUPEN\Heartz\data-science\dataset\clean\Bo\Bo_0081.wav
Bo_0082.wav,Bo,1.0,16000,0.073756,0.470917,D:\STUPEN\Heartz\data-science\dataset\clean\Bo\Bo_0082.wav
Bo_0083.wav,Bo,1.0,16000,0.069282,0.513092,D:\STUPEN\Heartz\data-science\dataset\clean\Bo\Bo_0083.wav
Bo_0084.wav,Bo,1.0,16000,0.064498,0.405396,D:\STUPEN\Heartz\data-science\dataset\clean\Bo\Bo_0084.wav
Bo_0085.wav,Bo,1.0,16000,0.069282,0.487488,D:\STUPEN\Heartz\data-science\dataset\clean\Bo\Bo_0085.wav
Bo_0086.wav,Bo,1.0,16000,0.066933,0.49649,D:\STUPEN\Heartz\data-science\dataset\clean\Bo\Bo_0086.wav
Bo_0087.wav,Bo,1.0,16000,0.071554,0.506744,D:\STUPEN\Heartz\data-science\dataset\clean\Bo\Bo_0087.wav
Bo_0088.wav,Bo,1.0,16000,0.069282,0.467163,D:\STUPEN\Heartz\data-science\dataset\clean\Bo\Bo_0088.wav
Bo_0089.wav,Bo,1.0,16000,0.071554,0.540314,D:\STUPEN\Heartz\data-science\dataset\clean\Bo\Bo_0089.wav
Bo_0090.wav,Bo,1.0,16000,0.066933,0.461853,D:\STUPEN\Heartz\data-science\dataset\clean\Bo\Bo_0090.wav
Bo_0091.wav,Bo,1.0,16000,0.066933,0.468201,D:\STUPEN\Heartz\data-science\dataset\clean\Bo\Bo_0091.wav
Bo_0092.wav,Bo,1.0,16000,0.069282,0.481903,D:\STUPEN\Heartz\data-science\dataset\clean\Bo\Bo_0092.wav
Bo_0093.wav,Bo,1.0,16000,0.069282,0.463623,D:\STUPEN\Heartz\data-science\dataset\clean\Bo\Bo_0093.wav
Bo_0094.wav,Bo,1.0,16000,0.069282,0.45224,D:\STUPEN\Heartz\data-science\dataset\clean\Bo\Bo_0094.wav
Bo_0095.wav,Bo,1.0,16000,0.069282,0.379089,D:\STUPEN\Heartz\data-science\dataset\clean\Bo\Bo_0095.wav
Bo_0096.wav,Bo,1.0,16000,0.073756,0.532288,D:\STUPEN\Heartz\data-science\dataset\clean\Bo\Bo_0096.wav
Bo_0097.wav,Bo,1.0,16000,0.071554,0.53241,D:\STUPEN\Heartz\data-science\dataset\clean\Bo\Bo_0097.wav
Bo_0098.wav,Bo,1.0,16000,0.073756,0.458588,D:\STUPEN\Heartz\data-science\dataset\clean\Bo\Bo_0098.wav
Bo_0099.wav,Bo,1.0,16000,0.075895,0.58725,D:\STUPEN\Heartz\data-science\dataset\clean\Bo\Bo_0099.wav
Bo_0100.wav,Bo,1.0,16000,0.071554,0.471741,D:\STUPEN\Heartz\data-science\dataset\clean\Bo\Bo_0100.wav
Bo_0101.wav,Bo,1.0,16000,0.069282,0.4552,D:\STUPEN\Heartz\data-science\dataset\clean\Bo\Bo_0101.wav
Bo_0102.wav,Bo,1.0,16000,0.071554,0.485077,D:\STUPEN\Heartz\data-science\dataset\clean\Bo\Bo_0102.wav
Bo_0103.wav,Bo,1.0,16000,0.069282,0.453461,D:\STUPEN\Heartz\data-science\dataset\clean\Bo\Bo_0103.wav
Bo_0104.wav,Bo,1.0,16000,0.073756,0.465302,D:\STUPEN\Heartz\data-science\dataset\clean\Bo\Bo_0104.wav
Bo_0105.wav,Bo,1.0,16000,0.069282,0.483643,D:\STUPEN\Heartz\data-science\dataset\clean\Bo\Bo_0105.wav
Bo_0106.wav,Bo,1.0,16000,0.071554,0.436615,D:\STUPEN\Heartz\data-science\dataset\clean\Bo\Bo_0106.wav
Bo_0107.wav,Bo,1.0,16000,0.073757,0.426392,D:\STUPEN\Heartz\data-science\dataset\clean\Bo\Bo_0107.wav
Bo_0108.wav,Bo,1.0,16000,0.069282,0.397003,D:\STUPEN\Heartz\data-science\dataset\clean\Bo\Bo_0108.wav
Bo_0109.wav,Bo,1.0,16000,0.071554,0.400513,D:\STUPEN\Heartz\data-science\dataset\clean\Bo\Bo_0109.wav
Bo_0110.wav,Bo,1.0,16000,0.069282,0.41626,D:\STUPEN\Heartz\data-science\dataset\clean\Bo\Bo_0110.wav
Bo_0111.wav,Bo,1.0,16000,0.073756,0.505402,D:\STUPEN\Heartz\data-science\dataset\clean\Bo\Bo_0111.wav
Bo_0112.wav,Bo,1.0,16000,0.069282,0.348724,D:\STUPEN\Heartz\data-science\dataset\clean\Bo\Bo_0112.wav
Bo_0113.wav,Bo,1.0,16000,0.071554,0.444977,D:\STUPEN\Heartz\data-science\dataset\clean\Bo\Bo_0113.wav
Bo_0114.wav,Bo,1.0,16000,0.075895,0.466858,D:\STUPEN\Heartz\data-science\dataset\clean\Bo\Bo_0114.wav
Bo_0115.wav,Bo,1.0,16000,0.073756,0.409637,D:\STUPEN\Heartz\data-science\dataset\clean\Bo\Bo_0115.wav
Bo_0116.wav,Bo,1.0,16000,0.075895,0.387726,D:\STUPEN\Heartz\data-science\dataset\clean\Bo\Bo_0116.wav
Bo_0117.wav,Bo,1.0,16000,0.073756,0.486542,D:\STUPEN\Heartz\data-science\dataset\clean\Bo\Bo_0117.wav
Bo_0118.wav,Bo,1.0,16000,0.069282,0.368622,D:\STUPEN\Heartz\data-science\dataset\clean\Bo\Bo_0118.wav
Bo_0119.wav,Bo,1.0,16000,0.069282,0.428314,D:\STUPEN\Heartz\data-science\dataset\clean\Bo\Bo_0119.wav
Bo_0120.wav,Bo,1.0,16000,0.069282,0.348145,D:\STUPEN\Heartz\data-science\dataset\clean\Bo\Bo_0120.wav
Bo_0121.wav,Bo,1.0,16000,0.075895,0.483246,D:\STUPEN\Heartz\data-science\dataset\clean\Bo\Bo_0121.wav
Bo_0122.wav,Bo,1.0,16000,0.073756,0.481232,D:\STUPEN\Heartz\data-science\dataset\clean\Bo\Bo_0122.wav
Bo_0123.wav,Bo,1.0,16000,0.073756,0.57959,D:\STUPEN\Heartz\data-science\dataset\clean\Bo\Bo_0123.wav
Bo_0124.wav,Bo,1.0,16000,0.077974,0.519196,D:\STUPEN\Heartz\data-science\dataset\clean\Bo\Bo_0124.wav
Bo_0125.wav,Bo,1.0,16000,0.073756,0.374084,D:\STUPEN\Heartz\data-science\dataset\clean\Bo\Bo_0125.wav
Bo_0126.wav,Bo,1.0,16000,0.071554,0.515991,D:\STUPEN\Heartz\data-science\dataset\clean\Bo\Bo_0126.wav
Bo_0127.wav,Bo,1.0,16000,0.069282,0.452271,D:\STUPEN\Heartz\data-science\dataset\clean\Bo\Bo_0127.wav
Bo_0128.wav,Bo,1.0,16000,0.066933,0.44577,D:\STUPEN\Heartz\data-science\dataset\clean\Bo\Bo_0128.wav
Bo_0129.wav,Bo,1.0,16000,0.071554,0.508606,D:\STUPEN\Heartz\data-science\dataset\clean\Bo\Bo_0129.wav
Bo_0130.wav,Bo,1.0,16000,0.066933,0.387299,D:\STUPEN\Heartz\data-science\dataset\clean\Bo\Bo_0130.wav
Bo_0131.wav,Bo,1.0,16000,0.069282,0.503876,D:\STUPEN\Heartz\data-science\dataset\clean\Bo\Bo_0131.wav
Bo_0132.wav,Bo,1.0,16000,0.066933,0.444275,D:\STUPEN\Heartz\data-science\dataset\clean\Bo\Bo_0132.wav
Bo_0133.wav,Bo,1.0,16000,0.071554,0.455383,D:\STUPEN\Heartz\data-science\dataset\clean\Bo\Bo_0133.wav
Bo_0134.wav,Bo,1.0,16000,0.073756,0.470917,D:\STUPEN\Heartz\data-science\dataset\clean\Bo\Bo_0134.wav
Bo_0135.wav,Bo,1.0,16000,0.069282,0.513092,D:\STUPEN\Heartz\data-science\dataset\clean\Bo\Bo_0135.wav
Bo_0136.wav,Bo,1.0,16000,0.064498,0.405396,D:\STUPEN\Heartz\data-science\dataset\clean\Bo\Bo_0136.wav
Bo_0137.wav,Bo,1.0,16000,0.069282,0.487488,D:\STUPEN\Heartz\data-science\dataset\clean\Bo\Bo_0137.wav
Bo_0138.wav,Bo,1.0,16000,0.066933,0.49649,D:\STUPEN\Heartz\data-science\dataset\clean\Bo\Bo_0138.wav
Bo_0139.wav,Bo,1.0,16000,0.071554,0.506744,D:\STUPEN\Heartz\data-science\dataset\clean\Bo\Bo_0139.wav
Bo_0140.wav,Bo,1.0,16000,0.069282,0.467163,D:\STUPEN\Heartz\data-science\dataset\clean\Bo\Bo_0140.wav
Bo_0141.wav,Bo,1.0,16000,0.071554,0.540314,D:\STUPEN\Heartz\data-science\dataset\clean\Bo\Bo_0141.wav
Bo_0142.wav,Bo,1.0,16000,0.066933,0.461853,D:\STUPEN\Heartz\data-science\dataset\clean\Bo\Bo_0142.wav
Bo_0143.wav,Bo,1.0,16000,0.066933,0.468201,D:\STUPEN\Heartz\data-science\dataset\clean\Bo\Bo_0143.wav
Bo_0144.wav,Bo,1.0,16000,0.069282,0.481903,D:\STUPEN\Heartz\data-science\dataset\clean\Bo\Bo_0144.wav
Bo_0145.wav,Bo,1.0,16000,0.069282,0.463623,D:\STUPEN\Heartz\data-science\dataset\clean\Bo\Bo_0145.wav
Bo_0146.wav,Bo,1.0,16000,0.069282,0.45224,D:\STUPEN\Heartz\data-science\dataset\clean\Bo\Bo_0146.wav
Bo_0147.wav,Bo,1.0,16000,0.069282,0.379089,D:\STUPEN\Heartz\data-science\dataset\clean\Bo\Bo_0147.wav
Bo_0148.wav,Bo,1.0,16000,0.073756,0.532288,D:\STUPEN\Heartz\data-science\dataset\clean\Bo\Bo_0148.wav
Bo_0149.wav,Bo,1.0,16000,0.071554,0.53241,D:\STUPEN\Heartz\data-science\dataset\clean\Bo\Bo_0149.wav
Bo_0150.wav,Bo,1.0,16000,0.073756,0.458588,D:\STUPEN\Heartz\data-science\dataset\clean\Bo\Bo_0150.wav
Bo_0151.wav,Bo,1.0,16000,0.075895,0.58725,D:\STUPEN\Heartz\data-science\dataset\clean\Bo\Bo_0151.wav
Bo_0152.wav,Bo,1.0,16000,0.071554,0.471741,D:\STUPEN\Heartz\data-science\dataset\clean\Bo\Bo_0152.wav
Bo_0153.wav,Bo,1.0,16000,0.069282,0.4552,D:\STUPEN\Heartz\data-science\dataset\clean\Bo\Bo_0153.wav
Bo_0154.wav,Bo,1.0,16000,0.071554,0.485077,D:\STUPEN\Heartz\data-science\dataset\clean\Bo\Bo_0154.wav
Bo_0155.wav,Bo,1.0,16000,0.069282,0.453461,D:\STUPEN\Heartz\data-science\dataset\clean\Bo\Bo_0155.wav
Bo_0156.wav,Bo,1.0,16000,0.073756,0.465302,D:\STUPEN\Heartz\data-science\dataset\clean\Bo\Bo_0156.wav
Bo_0157.wav,Bo,1.0,16000,0.069282,0.483643,D:\STUPEN\Heartz\data-science\dataset\clean\Bo\Bo_0157.wav
Bo_0158.wav,Bo,1.0,16000,0.071554,0.436615,D:\STUPEN\Heartz\data-science\dataset\clean\Bo\Bo_0158.wav
Bo_0159.wav,Bo,1.0,16000,0.073757,0.426392,D:\STUPEN\Heartz\data-science\dataset\clean\Bo\Bo_0159.wav
Bo_0160.wav,Bo,1.0,16000,0.069282,0.397003,D:\STUPEN\Heartz\data-science\dataset\clean\Bo\Bo_0160.wav
Bo_0161.wav,Bo,1.0,16000,0.071554,0.400513,D:\STUPEN\Heartz\data-science\dataset\clean\Bo\Bo_0161.wav
Bo_0162.wav,Bo,1.0,16000,0.069282,0.41626,D:\STUPEN\Heartz\data-science\dataset\clean\Bo\Bo_0162.wav
Bo_0163.wav,Bo,1.0,16000,0.073756,0.505402,D:\STUPEN\Heartz\data-science\dataset\clean\Bo\Bo_0163.wav
Bo_0164.wav,Bo,1.0,16000,0.069282,0.348724,D:\STUPEN\Heartz\data-science\dataset\clean\Bo\Bo_0164.wav
Bo_0165.wav,Bo,1.0,16000,0.071554,0.444977,D:\STUPEN\Heartz\data-science\dataset\clean\Bo\Bo_0165.wav
Bo_0166.wav,Bo,1.0,16000,0.075895,0.466858,D:\STUPEN\Heartz\data-science\dataset\clean\Bo\Bo_0166.wav
Bo_0167.wav,Bo,1.0,16000,0.073756,0.409637,D:\STUPEN\Heartz\data-science\dataset\clean\Bo\Bo_0167.wav
Bo_0168.wav,Bo,1.0,16000,0.075895,0.387726,D:\STUPEN\Heartz\data-science\dataset\clean\Bo\Bo_0168.wav
Bo_0169.wav,Bo,1.0,16000,0.073756,0.486542,D:\STUPEN\Heartz\data-science\dataset\clean\Bo\Bo_0169.wav
Bo_0170.wav,Bo,1.0,16000,0.069282,0.368622,D:\STUPEN\Heartz\data-science\dataset\clean\Bo\Bo_0170.wav
Bo_0171.wav,Bo,1.0,16000,0.069282,0.428314,D:\STUPEN\Heartz\data-science\dataset\clean\Bo\Bo_0171.wav
Bo_0172.wav,Bo,1.0,16000,0.069282,0.348145,D:\STUPEN\Heartz\data-science\dataset\clean\Bo\Bo_0172.wav
Bo_0173.wav,Bo,1.0,16000,0.075895,0.483246,D:\STUPEN\Heartz\data-science\dataset\clean\Bo\Bo_0173.wav
Bo_0174.wav,Bo,1.0,16000,0.073756,0.481232,D:\STUPEN\Heartz\data-science\dataset\clean\Bo\Bo_0174.wav
Bo_0175.wav,Bo,1.0,16000,0.073756,0.57959,D:\STUPEN\Heartz\data-science\dataset\clean\Bo\Bo_0175.wav
Bo_0176.wav,Bo,1.0,16000,0.077974,0.519196,D:\STUPEN\Heartz\data-science\dataset\clean\Bo\Bo_0176.wav
Bo_0177.wav,Bo,1.0,16000,0.073756,0.374084,D:\STUPEN\Heartz\data-science\dataset\clean\Bo\Bo_0177.wav
Bo_0178.wav,Bo,1.0,16000,0.071554,0.515991,D:\STUPEN\Heartz\data-science\dataset\clean\Bo\Bo_0178.wav
Bo_0179.wav,Bo,1.0,16000,0.069282,0.452271,D:\STUPEN\Heartz\data-science\dataset\clean\Bo\Bo_0179.wav
Bo_0180.wav,Bo,1.0,16000,0.066933,0.44577,D:\STUPEN\Heartz\data-science\dataset\clean\Bo\Bo_0180.wav
Bo_0181.wav,Bo,1.0,16000,0.071554,0.508606,D:\STUPEN\Heartz\data-science\dataset\clean\Bo\Bo_0181.wav
Bo_0182.wav,Bo,1.0,16000,0.066933,0.387299,D:\STUPEN\Heartz\data-science\dataset\clean\Bo\Bo_0182.wav
Bo_0183.wav,Bo,1.0,16000,0.069282,0.503876,D:\STUPEN\Heartz\data-science\dataset\clean\Bo\Bo_0183.wav
Bo_0184.wav,Bo,1.0,16000,0.066933,0.444275,D:\STUPEN\Heartz\data-science\dataset\clean\Bo\Bo_0184.wav
Bo_0185.wav,Bo,1.0,16000,0.071554,0.455383,D:\STUPEN\Heartz\data-science\dataset\clean\Bo\Bo_0185.wav
Bo_0186.wav,Bo,1.0,16000,0.073756,0.470917,D:\STUPEN\Heartz\data-science\dataset\clean\Bo\Bo_0186.wav
Bo_0187.wav,Bo,1.0,16000,0.069282,0.513092,D:\STUPEN\Heartz\data-science\dataset\clean\Bo\Bo_0187.wav
Bo_0188.wav,Bo,1.0,16000,0.064498,0.405396,D:\STUPEN\Heartz\data-science\dataset\clean\Bo\Bo_0188.wav
Bo_0189.wav,Bo,1.0,16000,0.069282,0.487488,D:\STUPEN\Heartz\data-science\dataset\clean\Bo\Bo_0189.wav
Bo_0190.wav,Bo,1.0,16000,0.066933,0.49649,D:\STUPEN\Heartz\data-science\dataset\clean\Bo\Bo_0190.wav
Bo_0191.wav,Bo,1.0,16000,0.071554,0.506744,D:\STUPEN\Heartz\data-science\dataset\clean\Bo\Bo_0191.wav
Bo_0192.wav,Bo,1.0,16000,0.069282,0.467163,D:\STUPEN\Heartz\data-science\dataset\clean\Bo\Bo_0192.wav
Bo_0193.wav,Bo,1.0,16000,0.071554,0.540314,D:\STUPEN\Heartz\data-science\dataset\clean\Bo\Bo_0193.wav
Bo_0194.wav,Bo,1.0,16000,0.066933,0.461853,D:\STUPEN\Heartz\data-science\dataset\clean\Bo\Bo_0194.wav
Bo_0195.wav,Bo,1.0,16000,0.066933,0.468201,D:\STUPEN\Heartz\data-science\dataset\clean\Bo\Bo_0195.wav
Bo_0196.wav,Bo,1.0,16000,0.069282,0.481903,D:\STUPEN\Heartz\data-science\dataset\clean\Bo\Bo_0196.wav
Bo_0197.wav,Bo,1.0,16000,0.069282,0.463623,D:\STUPEN\Heartz\data-science\dataset\clean\Bo\Bo_0197.wav
Bo_0198.wav,Bo,1.0,16000,0.069282,0.45224,D:\STUPEN\Heartz\data-science\dataset\clean\Bo\Bo_0198.wav
Bo_0199.wav,Bo,1.0,16000,0.069282,0.379089,D:\STUPEN\Heartz\data-science\dataset\clean\Bo\Bo_0199.wav
Bo_0200.wav,Bo,1.0,16000,0.073756,0.532288,D:\STUPEN\Heartz\data-science\dataset\clean\Bo\Bo_0200.wav
Bo_0201.wav,Bo,1.0,16000,0.071554,0.53241,D:\STUPEN\Heartz\data-science\dataset\clean\Bo\Bo_0201.wav
Bo_0202.wav,Bo,1.0,16000,0.073756,0.458588,D:\STUPEN\Heartz\data-science\dataset\clean\Bo\Bo_0202.wav
Bo_0203.wav,Bo,1.0,16000,0.075895,0.58725,D:\STUPEN\Heartz\data-science\dataset\clean\Bo\Bo_0203.wav
Bo_0204.wav,Bo,1.0,16000,0.071554,0.471741,D:\STUPEN\Heartz\data-science\dataset\clean\Bo\Bo_0204.wav
Bo_0205.wav,Bo,1.0,16000,0.069282,0.4552,D:\STUPEN\Heartz\data-science\dataset\clean\Bo\Bo_0205.wav
Bo_0206.wav,Bo,1.0,16000,0.071554,0.485077,D:\STUPEN\Heartz\data-science\dataset\clean\Bo\Bo_0206.wav
Bo_0207.wav,Bo,1.0,16000,0.069282,0.453461,D:\STUPEN\Heartz\data-science\dataset\clean\Bo\Bo_0207.wav
Bo_0208.wav,Bo,1.0,16000,0.073756,0.465302,D:\STUPEN\Heartz\data-science\dataset\clean\Bo\Bo_0208.wav
Bo2_0001.wav,Bo2,1.0,16000,0.069282,0.515717,D:\STUPEN\Heartz\data-science\dataset\clean\Bo2\Bo2_0001.wav
Bo2_0002.wav,Bo2,1.0,16000,0.073756,0.489441,D:\STUPEN\Heartz\data-science\dataset\clean\Bo2\Bo2_0002.wav
Bo2_0003.wav,Bo2,1.0,16000,0.071554,0.631653,D:\STUPEN\Heartz\data-science\dataset\clean\Bo2\Bo2_0003.wav
Bo2_0004.wav,Bo2,1.0,16000,0.073756,0.543396,D:\STUPEN\Heartz\data-science\dataset\clean\Bo2\Bo2_0004.wav
Bo2_0005.wav,Bo2,1.0,16000,0.073756,0.527924,D:\STUPEN\Heartz\data-science\dataset\clean\Bo2\Bo2_0005.wav
Bo2_0006.wav,Bo2,1.0,16000,0.071554,0.471069,D:\STUPEN\Heartz\data-science\dataset\clean\Bo2\Bo2_0006.wav
Bo2_0007.wav,Bo2,1.0,16000,0.069282,0.492828,D:\STUPEN\Heartz\data-science\dataset\clean\Bo2\Bo2_0007.wav
Bo2_0008.wav,Bo2,1.0,16000,0.071554,0.493286,D:\STUPEN\Heartz\data-science\dataset\clean\Bo2\Bo2_0008.wav
Bo2_0009.wav,Bo2,1.0,16000,0.069282,0.474701,D:\STUPEN\Heartz\data-science\dataset\clean\Bo2\Bo2_0009.wav
Bo2_0010.wav,Bo2,1.0,16000,0.066933,0.473877,D:\STUPEN\Heartz\data-science\dataset\clean\Bo2\Bo2_0010.wav
Bo2_0011.wav,Bo2,1.0,16000,0.071554,0.457489,D:\STUPEN\Heartz\data-science\dataset\clean\Bo2\Bo2_0011.wav
Bo2_0012.wav,Bo2,1.0,16000,0.071554,0.492889,D:\STUPEN\Heartz\data-science\dataset\clean\Bo2\Bo2_0012.wav
Bo2_0013.wav,Bo2,1.0,16000,0.071554,0.559174,D:\STUPEN\Heartz\data-science\dataset\clean\Bo2\Bo2_0013.wav
Bo2_0014.wav,Bo2,1.0,16000,0.069282,0.592865,D:\STUPEN\Heartz\data-science\dataset\clean\Bo2\Bo2_0014.wav
Bo2_0015.wav,Bo2,1.0,16000,0.064498,0.434631,D:\STUPEN\Heartz\data-science\dataset\clean\Bo2\Bo2_0015.wav
Bo2_0016.wav,Bo2,1.0,16000,0.069282,0.5737,D:\STUPEN\Heartz\data-science\dataset\clean\Bo2\Bo2_0016.wav
Bo2_0017.wav,Bo2,1.0,16000,0.069282,0.517975,D:\STUPEN\Heartz\data-science\dataset\clean\Bo2\Bo2_0017.wav
Bo2_0018.wav,Bo2,1.0,16000,0.073756,0.549408,D:\STUPEN\Heartz\data-science\dataset\clean\Bo2\Bo2_0018.wav
Bo2_0019.wav,Bo2,1.0,16000,0.071554,0.461578,D:\STUPEN\Heartz\data-science\dataset\clean\Bo2\Bo2_0019.wav
Bo2_0020.wav,Bo2,1.0,16000,0.069282,0.598358,D:\STUPEN\Heartz\data-science\dataset\clean\Bo2\Bo2_0020.wav
Bo2_0021.wav,Bo2,1.0,16000,0.069282,0.518829,D:\STUPEN\Heartz\data-science\dataset\clean\Bo2\Bo2_0021.wav
Bo2_0022.wav,Bo2,1.0,16000,0.075895,0.653961,D:\STUPEN\Heartz\data-science\dataset\clean\Bo2\Bo2_0022.wav
Bo2_0023.wav,Bo2,1.0,16000,0.071554,0.483307,D:\STUPEN\Heartz\data-science\dataset\clean\Bo2\Bo2_0023.wav
Bo2_0024.wav,Bo2,1.0,16000,0.073756,0.56546,D:\STUPEN\Heartz\data-science\dataset\clean\Bo2\Bo2_0024.wav
Bo2_0025.wav,Bo2,1.0,16000,0.073756,0.618378,D:\STUPEN\Heartz\data-science\dataset\clean\Bo2\Bo2_0025.wav
Bo2_0026.wav,Bo2,1.0,16000,0.077974,0.59903,D:\STUPEN\Heartz\data-science\dataset\clean\Bo2\Bo2_0026.wav
Bo2_0027.wav,Bo2,1.0,16000,0.073756,0.597687,D:\STUPEN\Heartz\data-science\dataset\clean\Bo2\Bo2_0027.wav
Bo2_0028.wav,Bo2,1.0,16000,0.066933,0.513123,D:\STUPEN\Heartz\data-science\dataset\clean\Bo2\Bo2_0028.wav
Bo2_0029.wav,Bo2,1.0,16000,0.073756,0.536835,D:\STUPEN\Heartz\data-science\dataset\clean\Bo2\Bo2_0029.wav
Bo2_0030.wav,Bo2,1.0,16000,0.071554,0.590393,D:\STUPEN\Heartz\data-science\dataset\clean\Bo2\Bo2_0030.wav
Bo2_0031.wav,Bo2,1.0,16000,0.069282,0.534851,D:\STUPEN\Heartz\data-science\dataset\clean\Bo2\Bo2_0031.wav
Bo2_0032.wav,Bo2,1.0,16000,0.073756,0.681488,D:\STUPEN\Heartz\data-science\dataset\clean\Bo2\Bo2_0032.wav
Bo2_0033.wav,Bo2,1.0,16000,0.075895,0.490631,D:\STUPEN\Heartz\data-science\dataset\clean\Bo2\Bo2_0033.wav
Bo2_0034.wav,Bo2,1.0,16000,0.069282,0.636993,D:\STUPEN\Heartz\data-science\dataset\clean\Bo2\Bo2_0034.wav
Bo2_0035.wav,Bo2,1.0,16000,0.066933,0.524506,D:\STUPEN\Heartz\data-science\dataset\clean\Bo2\Bo2_0035.wav
Bo2_0036.wav,Bo2,1.0,16000,0.066933,0.568848,D:\STUPEN\Heartz\data-science\dataset\clean\Bo2\Bo2_0036.wav
Bo2_0037.wav,Bo2,1.0,16000,0.069282,0.634979,D:\STUPEN\Heartz\data-science\dataset\clean\Bo2\Bo2_0037.wav
Bo2_0038.wav,Bo2,1.0,16000,0.073756,0.514801,D:\STUPEN\Heartz\data-science\dataset\clean\Bo2\Bo2_0038.wav
Bo2_0039.wav,Bo2,1.0,16000,0.069282,0.482941,D:\STUPEN\Heartz\data-science\dataset\clean\Bo2\Bo2_0039.wav
Bo2_0040.wav,Bo2,1.0,16000,0.069282,0.484253,D:\STUPEN\Heartz\data-science\dataset\clean\Bo2\Bo2_0040.wav
Bo2_0041.wav,Bo2,1.0,16000,0.071554,0.604889,D:\STUPEN\Heartz\data-science\dataset\clean\Bo2\Bo2_0041.wav
Bo2_0042.wav,Bo2,1.0,16000,0.071554,0.686707,D:\STUPEN\Heartz\data-science\dataset\clean\Bo2\Bo2_0042.wav
Bo2_0043.wav,Bo2,1.0,16000,0.073756,0.718109,D:\STUPEN\Heartz\data-science\dataset\clean\Bo2\Bo2_0043.wav
Bo2_0044.wav,Bo2,1.0,16000,0.069282,0.56134,D:\STUPEN\Heartz\data-science\dataset\clean\Bo2\Bo2_0044.wav
Bo2_0045.wav,Bo2,1.0,16000,0.073756,0.612976,D:\STUPEN\Heartz\data-science\dataset\clean\Bo2\Bo2_0045.wav
Bo2_0046.wav,Bo2,1.0,16000,0.071554,0.61142,D:\STUPEN\Heartz\data-science\dataset\clean\Bo2\Bo2_0046.wav
Bo2_0047.wav,Bo2,1.0,16000,0.071554,0.64209,D:\STUPEN\Heartz\data-science\dataset\clean\Bo2\Bo2_0047.wav
Bo2_0048.wav,Bo2,1.0,16000,0.071554,0.527924,D:\STUPEN\Heartz\data-science\dataset\clean\Bo2\Bo2_0048.wav
Bo2_0049.wav,Bo2,1.0,16000,0.071554,0.494171,D:\STUPEN\Heartz\data-science\dataset\clean\Bo2\Bo2_0049.wav
Bo2_0050.wav,Bo2,1.0,16000,0.069282,0.584442,D:\STUPEN\Heartz\data-science\dataset\clean\Bo2\Bo2_0050.wav
Bo2_0051.wav,Bo2,1.0,16000,0.073756,0.672791,D:\STUPEN\Heartz\data-science\dataset\clean\Bo2\Bo2_0051.wav
Bo2_0052.wav,Bo2,1.0,16000,0.073756,0.585022,D:\STUPEN\Heartz\data-science\dataset\clean\Bo2\Bo2_0052.wav
Bo2_0053.wav,Bo2,1.0,16000,0.069282,0.57547,D:\STUPEN\Heartz\data-science\dataset\clean\Bo2\Bo2_0053.wav
Bo2_0054.wav,Bo2,1.0,16000,0.066933,0.442383,D:\STUPEN\Heartz\data-science\dataset\clean\Bo2\Bo2_0054.wav
Bo2_0055.wav,Bo2,1.0,16000,0.069282,0.515717,D:\STUPEN\Heartz\data-science\dataset\clean\Bo2\Bo2_0055.wav
Bo2_0056.wav,Bo2,1.0,16000,0.073756,0.489441,D:\STUPEN\Heartz\data-science\dataset\clean\Bo2\Bo2_0056.wav
Bo2_0057.wav,Bo2,1.0,16000,0.071554,0.631653,D:\STUPEN\Heartz\data-science\dataset\clean\Bo2\Bo2_0057.wav
Bo2_0058.wav,Bo2,1.0,16000,0.073756,0.543396,D:\STUPEN\Heartz\data-science\dataset\clean\Bo2\Bo2_0058.wav
Bo2_0059.wav,Bo2,1.0,16000,0.073756,0.527924,D:\STUPEN\Heartz\data-science\dataset\clean\Bo2\Bo2_0059.wav
Bo2_0060.wav,Bo2,1.0,16000,0.071554,0.471069,D:\STUPEN\Heartz\data-science\dataset\clean\Bo2\Bo2_0060.wav
Bo2_0061.wav,Bo2,1.0,16000,0.069282,0.492828,D:\STUPEN\Heartz\data-science\dataset\clean\Bo2\Bo2_0061.wav
Bo2_0062.wav,Bo2,1.0,16000,0.071554,0.493286,D:\STUPEN\Heartz\data-science\dataset\clean\Bo2\Bo2_0062.wav
Bo2_0063.wav,Bo2,1.0,16000,0.069282,0.474701,D:\STUPEN\Heartz\data-science\dataset\clean\Bo2\Bo2_0063.wav
Bo2_0064.wav,Bo2,1.0,16000,0.066933,0.473877,D:\STUPEN\Heartz\data-science\dataset\clean\Bo2\Bo2_0064.wav
Bo2_0065.wav,Bo2,1.0,16000,0.071554,0.457489,D:\STUPEN\Heartz\data-science\dataset\clean\Bo2\Bo2_0065.wav
Bo2_0066.wav,Bo2,1.0,16000,0.071554,0.492889,D:\STUPEN\Heartz\data-science\dataset\clean\Bo2\Bo2_0066.wav
Bo2_0067.wav,Bo2,1.0,16000,0.071554,0.559174,D:\STUPEN\Heartz\data-science\dataset\clean\Bo2\Bo2_0067.wav
Bo2_0068.wav,Bo2,1.0,16000,0.069282,0.592865,D:\STUPEN\Heartz\data-science\dataset\clean\Bo2\Bo2_0068.wav
Bo2_0069.wav,Bo2,1.0,16000,0.064498,0.434631,D:\STUPEN\Heartz\data-science\dataset\clean\Bo2\Bo2_0069.wav
Bo2_0070.wav,Bo2,1.0,16000,0.069282,0.5737,D:\STUPEN\Heartz\data-science\dataset\clean\Bo2\Bo2_0070.wav
Bo2_0071.wav,Bo2,1.0,16000,0.069282,0.517975,D:\STUPEN\Heartz\data-science\dataset\clean\Bo2\Bo2_0071.wav
Bo2_0072.wav,Bo2,1.0,16000,0.073756,0.549408,D:\STUPEN\Heartz\data-science\dataset\clean\Bo2\Bo2_0072.wav
Bo2_0073.wav,Bo2,1.0,16000,0.071554,0.461578,D:\STUPEN\Heartz\data-science\dataset\clean\Bo2\Bo2_0073.wav
Bo2_0074.wav,Bo2,1.0,16000,0.069282,0.598358,D:\STUPEN\Heartz\data-science\dataset\clean\Bo2\Bo2_0074.wav
Bo2_0075.wav,Bo2,1.0,16000,0.069282,0.518829,D:\STUPEN\Heartz\data-science\dataset\clean\Bo2\Bo2_0075.wav
Bo2_0076.wav,Bo2,1.0,16000,0.075895,0.653961,D:\STUPEN\Heartz\data-science\dataset\clean\Bo2\Bo2_0076.wav
Bo2_0077.wav,Bo2,1.0,16000,0.071554,0.483307,D:\STUPEN\Heartz\data-science\dataset\clean\Bo2\Bo2_0077.wav
Bo2_0078.wav,Bo2,1.0,16000,0.073756,0.56546,D:\STUPEN\Heartz\data-science\dataset\clean\Bo2\Bo2_0078.wav
Bo2_0079.wav,Bo2,1.0,16000,0.073756,0.618378,D:\STUPEN\Heartz\data-science\dataset\clean\Bo2\Bo2_0079.wav
Bo2_0080.wav,Bo2,1.0,16000,0.077974,0.59903,D:\STUPEN\Heartz\data-science\dataset\clean\Bo2\Bo2_0080.wav
Bo2_0081.wav,Bo2,1.0,16000,0.073756,0.597687,D:\STUPEN\Heartz\data-science\dataset\clean\Bo2\Bo2_0081.wav
Bo2_0082.wav,Bo2,1.0,16000,0.066933,0.513123,D:\STUPEN\Heartz\data-science\dataset\clean\Bo2\Bo2_0082.wav
Bo2_0083.wav,Bo2,1.0,16000,0.073756,0.536835,D:\STUPEN\Heartz\data-science\dataset\clean\Bo2\Bo2_0083.wav
Bo2_0084.wav,Bo2,1.0,16000,0.071554,0.590393,D:\STUPEN\Heartz\data-science\dataset\clean\Bo2\Bo2_0084.wav
Bo2_0085.wav,Bo2,1.0,16000,0.069282,0.534851,D:\STUPEN\Heartz\data-science\dataset\clean\Bo2\Bo2_0085.wav
Bo2_0086.wav,Bo2,1.0,16000,0.073756,0.681488,D:\STUPEN\Heartz\data-science\dataset\clean\Bo2\Bo2_0086.wav
Bo2_0087.wav,Bo2,1.0,16000,0.075895,0.490631,D:\STUPEN\Heartz\data-science\dataset\clean\Bo2\Bo2_0087.wav
Bo2_0088.wav,Bo2,1.0,16000,0.069282,0.636993,D:\STUPEN\Heartz\data-science\dataset\clean\Bo2\Bo2_0088.wav
Bo2_0089.wav,Bo2,1.0,16000,0.066933,0.524506,D:\STUPEN\Heartz\data-science\dataset\clean\Bo2\Bo2_0089.wav
Bo2_0090.wav,Bo2,1.0,16000,0.066933,0.568848,D:\STUPEN\Heartz\data-science\dataset\clean\Bo2\Bo2_0090.wav
Bo2_0091.wav,Bo2,1.0,16000,0.069282,0.634979,D:\STUPEN\Heartz\data-science\dataset\clean\Bo2\Bo2_0091.wav
Bo2_0092.wav,Bo2,1.0,16000,0.073756,0.514801,D:\STUPEN\Heartz\data-science\dataset\clean\Bo2\Bo2_0092.wav
Bo2_0093.wav,Bo2,1.0,16000,0.069282,0.482941,D:\STUPEN\Heartz\data-science\dataset\clean\Bo2\Bo2_0093.wav
Bo2_0094.wav,Bo2,1.0,16000,0.069282,0.484253,D:\STUPEN\Heartz\data-science\dataset\clean\Bo2\Bo2_0094.wav
Bo2_0095.wav,Bo2,1.0,16000,0.071554,0.604889,D:\STUPEN\Heartz\data-science\dataset\clean\Bo2\Bo2_0095.wav
Bo2_0096.wav,Bo2,1.0,16000,0.071554,0.686707,D:\STUPEN\Heartz\data-science\dataset\clean\Bo2\Bo2_0096.wav
Bo2_0097.wav,Bo2,1.0,16000,0.073756,0.718109,D:\STUPEN\Heartz\data-science\dataset\clean\Bo2\Bo2_0097.wav
Bo2_0098.wav,Bo2,1.0,16000,0.069282,0.56134,D:\STUPEN\Heartz\data-science\dataset\clean\Bo2\Bo2_0098.wav
Bo2_0099.wav,Bo2,1.0,16000,0.073756,0.612976,D:\STUPEN\Heartz\data-science\dataset\clean\Bo2\Bo2_0099.wav
Bo2_0100.wav,Bo2,1.0,16000,0.071554,0.61142,D:\STUPEN\Heartz\data-science\dataset\clean\Bo2\Bo2_0100.wav
Bo2_0101.wav,Bo2,1.0,16000,0.071554,0.64209,D:\STUPEN\Heartz\data-science\dataset\clean\Bo2\Bo2_0101.wav
Bo2_0102.wav,Bo2,1.0,16000,0.071554,0.527924,D:\STUPEN\Heartz\data-science\dataset\clean\Bo2\Bo2_0102.wav
Bo2_0103.wav,Bo2,1.0,16000,0.071554,0.494171,D:\STUPEN\Heartz\data-science\dataset\clean\Bo2\Bo2_0103.wav
Bo2_0104.wav,Bo2,1.0,16000,0.069282,0.584442,D:\STUPEN\Heartz\data-science\dataset\clean\Bo2\Bo2_0104.wav
Bo2_0105.wav,Bo2,1.0,16000,0.073756,0.672791,D:\STUPEN\Heartz\data-science\dataset\clean\Bo2\Bo2_0105.wav
Bo2_0106.wav,Bo2,1.0,16000,0.073756,0.585022,D:\STUPEN\Heartz\data-science\dataset\clean\Bo2\Bo2_0106.wav
Bo2_0107.wav,Bo2,1.0,16000,0.069282,0.57547,D:\STUPEN\Heartz\data-science\dataset\clean\Bo2\Bo2_0107.wav
Bo2_0108.wav,Bo2,1.0,16000,0.066933,0.442383,D:\STUPEN\Heartz\data-science\dataset\clean\Bo2\Bo2_0108.wav
Bo2_0109.wav,Bo2,1.0,16000,0.069282,0.515717,D:\STUPEN\Heartz\data-science\dataset\clean\Bo2\Bo2_0109.wav
Bo2_0110.wav,Bo2,1.0,16000,0.073756,0.489441,D:\STUPEN\Heartz\data-science\dataset\clean\Bo2\Bo2_0110.wav
Bo2_0111.wav,Bo2,1.0,16000,0.071554,0.631653,D:\STUPEN\Heartz\data-science\dataset\clean\Bo2\Bo2_0111.wav
Bo2_0112.wav,Bo2,1.0,16000,0.073756,0.543396,D:\STUPEN\Heartz\data-science\dataset\clean\Bo2\Bo2_0112.wav
Bo2_0113.wav,Bo2,1.0,16000,0.073756,0.527924,D:\STUPEN\Heartz\data-science\dataset\clean\Bo2\Bo2_0113.wav
Bo2_0114.wav,Bo2,1.0,16000,0.071554,0.471069,D:\STUPEN\Heartz\data-science\dataset\clean\Bo2\Bo2_0114.wav
Bo2_0115.wav,Bo2,1.0,16000,0.069282,0.492828,D:\STUPEN\Heartz\data-science\dataset\clean\Bo2\Bo2_0115.wav
Bo2_0116.wav,Bo2,1.0,16000,0.071554,0.493286,D:\STUPEN\Heartz\data-science\dataset\clean\Bo2\Bo2_0116.wav
Bo2_0117.wav,Bo2,1.0,16000,0.069282,0.474701,D:\STUPEN\Heartz\data-science\dataset\clean\Bo2\Bo2_0117.wav
Bo2_0118.wav,Bo2,1.0,16000,0.066933,0.473877,D:\STUPEN\Heartz\data-science\dataset\clean\Bo2\Bo2_0118.wav
Bo2_0119.wav,Bo2,1.0,16000,0.071554,0.457489,D:\STUPEN\Heartz\data-science\dataset\clean\Bo2\Bo2_0119.wav
Bo2_0120.wav,Bo2,1.0,16000,0.071554,0.492889,D:\STUPEN\Heartz\data-science\dataset\clean\Bo2\Bo2_0120.wav
Bo2_0121.wav,Bo2,1.0,16000,0.071554,0.559174,D:\STUPEN\Heartz\data-science\dataset\clean\Bo2\Bo2_0121.wav
Bo2_0122.wav,Bo2,1.0,16000,0.069282,0.592865,D:\STUPEN\Heartz\data-science\dataset\clean\Bo2\Bo2_0122.wav
Bo2_0123.wav,Bo2,1.0,16000,0.064498,0.434631,D:\STUPEN\Heartz\data-science\dataset\clean\Bo2\Bo2_0123.wav
Bo2_0124.wav,Bo2,1.0,16000,0.069282,0.5737,D:\STUPEN\Heartz\data-science\dataset\clean\Bo2\Bo2_0124.wav
Bo2_0125.wav,Bo2,1.0,16000,0.069282,0.517975,D:\STUPEN\Heartz\data-science\dataset\clean\Bo2\Bo2_0125.wav
Bo2_0126.wav,Bo2,1.0,16000,0.073756,0.549408,D:\STUPEN\Heartz\data-science\dataset\clean\Bo2\Bo2_0126.wav
Bo2_0127.wav,Bo2,1.0,16000,0.071554,0.461578,D:\STUPEN\Heartz\data-science\dataset\clean\Bo2\Bo2_0127.wav
Bo2_0128.wav,Bo2,1.0,16000,0.069282,0.598358,D:\STUPEN\Heartz\data-science\dataset\clean\Bo2\Bo2_0128.wav
Bo2_0129.wav,Bo2,1.0,16000,0.069282,0.518829,D:\STUPEN\Heartz\data-science\dataset\clean\Bo2\Bo2_0129.wav
Bo2_0130.wav,Bo2,1.0,16000,0.075895,0.653961,D:\STUPEN\Heartz\data-science\dataset\clean\Bo2\Bo2_0130.wav
Bo2_0131.wav,Bo2,1.0,16000,0.071554,0.483307,D:\STUPEN\Heartz\data-science\dataset\clean\Bo2\Bo2_0131.wav
Bo2_0132.wav,Bo2,1.0,16000,0.073756,0.56546,D:\STUPEN\Heartz\data-science\dataset\clean\Bo2\Bo2_0132.wav
Bo2_0133.wav,Bo2,1.0,16000,0.073756,0.618378,D:\STUPEN\Heartz\data-science\dataset\clean\Bo2\Bo2_0133.wav
Bo2_0134.wav,Bo2,1.0,16000,0.077974,0.59903,D:\STUPEN\Heartz\data-science\dataset\clean\Bo2\Bo2_0134.wav
Bo2_0135.wav,Bo2,1.0,16000,0.073756,0.597687,D:\STUPEN\Heartz\data-science\dataset\clean\Bo2\Bo2_0135.wav
Bo2_0136.wav,Bo2,1.0,16000,0.066933,0.513123,D:\STUPEN\Heartz\data-science\dataset\clean\Bo2\Bo2_0136.wav
Bo2_0137.wav,Bo2,1.0,16000,0.073756,0.536835,D:\STUPEN\Heartz\data-science\dataset\clean\Bo2\Bo2_0137.wav
Bo2_0138.wav,Bo2,1.0,16000,0.071554,0.590393,D:\STUPEN\Heartz\data-science\dataset\clean\Bo2\Bo2_0138.wav
Bo2_0139.wav,Bo2,1.0,16000,0.069282,0.534851,D:\STUPEN\Heartz\data-science\dataset\clean\Bo2\Bo2_0139.wav
Bo2_0140.wav,Bo2,1.0,16000,0.073756,0.681488,D:\STUPEN\Heartz\data-science\dataset\clean\Bo2\Bo2_0140.wav
Bo2_0141.wav,Bo2,1.0,16000,0.075895,0.490631,D:\STUPEN\Heartz\data-science\dataset\clean\Bo2\Bo2_0141.wav
Bo2_0142.wav,Bo2,1.0,16000,0.069282,0.636993,D:\STUPEN\Heartz\data-science\dataset\clean\Bo2\Bo2_0142.wav
Bo2_0143.wav,Bo2,1.0,16000,0.066933,0.524506,D:\STUPEN\Heartz\data-science\dataset\clean\Bo2\Bo2_0143.wav
Bo2_0144.wav,Bo2,1.0,16000,0.066933,0.568848,D:\STUPEN\Heartz\data-science\dataset\clean\Bo2\Bo2_0144.wav
Bo2_0145.wav,Bo2,1.0,16000,0.069282,0.634979,D:\STUPEN\Heartz\data-science\dataset\clean\Bo2\Bo2_0145.wav
Bo2_0146.wav,Bo2,1.0,16000,0.073756,0.514801,D:\STUPEN\Heartz\data-science\dataset\clean\Bo2\Bo2_0146.wav
Bo2_0147.wav,Bo2,1.0,16000,0.069282,0.482941,D:\STUPEN\Heartz\data-science\dataset\clean\Bo2\Bo2_0147.wav
Bo2_0148.wav,Bo2,1.0,16000,0.069282,0.484253,D:\STUPEN\Heartz\data-science\dataset\clean\Bo2\Bo2_0148.wav
Bo2_0149.wav,Bo2,1.0,16000,0.071554,0.604889,D:\STUPEN\Heartz\data-science\dataset\clean\Bo2\Bo2_0149.wav
Bo2_0150.wav,Bo2,1.0,16000,0.071554,0.686707,D:\STUPEN\Heartz\data-science\dataset\clean\Bo2\Bo2_0150.wav
Bo2_0151.wav,Bo2,1.0,16000,0.073756,0.718109,D:\STUPEN\Heartz\data-science\dataset\clean\Bo2\Bo2_0151.wav
Bo2_0152.wav,Bo2,1.0,16000,0.069282,0.56134,D:\STUPEN\Heartz\data-science\dataset\clean\Bo2\Bo2_0152.wav
Bo2_0153.wav,Bo2,1.0,16000,0.073756,0.612976,D:\STUPEN\Heartz\data-science\dataset\clean\Bo2\Bo2_0153.wav
Bo2_0154.wav,Bo2,1.0,16000,0.071554,0.61142,D:\STUPEN\Heartz\data-science\dataset\clean\Bo2\Bo2_0154.wav
Bo2_0155.wav,Bo2,1.0,16000,0.071554,0.64209,D:\STUPEN\Heartz\data-science\dataset\clean\Bo2\Bo2_0155.wav
Bo2_0156.wav,Bo2,1.0,16000,0.071554,0.527924,D:\STUPEN\Heartz\data-science\dataset\clean\Bo2\Bo2_0156.wav
Bo2_0157.wav,Bo2,1.0,16000,0.071554,0.494171,D:\STUPEN\Heartz\data-science\dataset\clean\Bo2\Bo2_0157.wav
Bo2_0158.wav,Bo2,1.0,16000,0.069282,0.584442,D:\STUPEN\Heartz\data-science\dataset\clean\Bo2\Bo2_0158.wav
Bo2_0159.wav,Bo2,1.0,16000,0.073756,0.672791,D:\STUPEN\Heartz\data-science\dataset\clean\Bo2\Bo2_0159.wav
Bo2_0160.wav,Bo2,1.0,16000,0.073756,0.585022,D:\STUPEN\Heartz\data-science\dataset\clean\Bo2\Bo2_0160.wav
Bo2_0161.wav,Bo2,1.0,16000,0.069282,0.57547,D:\STUPEN\Heartz\data-science\dataset\clean\Bo2\Bo2_0161.wav
Bo2_0162.wav,Bo2,1.0,16000,0.066933,0.442383,D:\STUPEN\Heartz\data-science\dataset\clean\Bo2\Bo2_0162.wav
Bo2_0163.wav,Bo2,1.0,16000,0.069282,0.515717,D:\STUPEN\Heartz\data-science\dataset\clean\Bo2\Bo2_0163.wav
Bo2_0164.wav,Bo2,1.0,16000,0.073756,0.489441,D:\STUPEN\Heartz\data-science\dataset\clean\Bo2\Bo2_0164.wav
Bo2_0165.wav,Bo2,1.0,16000,0.071554,0.631653,D:\STUPEN\Heartz\data-science\dataset\clean\Bo2\Bo2_0165.wav
Bo2_0166.wav,Bo2,1.0,16000,0.073756,0.543396,D:\STUPEN\Heartz\data-science\dataset\clean\Bo2\Bo2_0166.wav
Bo2_0167.wav,Bo2,1.0,16000,0.073756,0.527924,D:\STUPEN\Heartz\data-science\dataset\clean\Bo2\Bo2_0167.wav
Bo2_0168.wav,Bo2,1.0,16000,0.071554,0.471069,D:\STUPEN\Heartz\data-science\dataset\clean\Bo2\Bo2_0168.wav
Bo2_0169.wav,Bo2,1.0,16000,0.069282,0.492828,D:\STUPEN\Heartz\data-science\dataset\clean\Bo2\Bo2_0169.wav
Bo2_0170.wav,Bo2,1.0,16000,0.071554,0.493286,D:\STUPEN\Heartz\data-science\dataset\clean\Bo2\Bo2_0170.wav
Bo2_0171.wav,Bo2,1.0,16000,0.069282,0.474701,D:\STUPEN\Heartz\data-science\dataset\clean\Bo2\Bo2_0171.wav
Bo2_0172.wav,Bo2,1.0,16000,0.066933,0.473877,D:\STUPEN\Heartz\data-science\dataset\clean\Bo2\Bo2_0172.wav
Bo2_0173.wav,Bo2,1.0,16000,0.071554,0.457489,D:\STUPEN\Heartz\data-science\dataset\clean\Bo2\Bo2_0173.wav
Bo2_0174.wav,Bo2,1.0,16000,0.071554,0.492889,D:\STUPEN\Heartz\data-science\dataset\clean\Bo2\Bo2_0174.wav
Bo2_0175.wav,Bo2,1.0,16000,0.071554,0.559174,D:\STUPEN\Heartz\data-science\dataset\clean\Bo2\Bo2_0175.wav
Bo2_0176.wav,Bo2,1.0,16000,0.069282,0.592865,D:\STUPEN\Heartz\data-science\dataset\clean\Bo2\Bo2_0176.wav
Bo2_0177.wav,Bo2,1.0,16000,0.064498,0.434631,D:\STUPEN\Heartz\data-science\dataset\clean\Bo2\Bo2_0177.wav
Bo2_0178.wav,Bo2,1.0,16000,0.069282,0.5737,D:\STUPEN\Heartz\data-science\dataset\clean\Bo2\Bo2_0178.wav
Bo2_0179.wav,Bo2,1.0,16000,0.069282,0.517975,D:\STUPEN\Heartz\data-science\dataset\clean\Bo2\Bo2_0179.wav
Bo2_0180.wav,Bo2,1.0,16000,0.073756,0.549408,D:\STUPEN\Heartz\data-science\dataset\clean\Bo2\Bo2_0180.wav
Bo2_0181.wav,Bo2,1.0,16000,0.071554,0.461578,D:\STUPEN\Heartz\data-science\dataset\clean\Bo2\Bo2_0181.wav
Bo2_0182.wav,Bo2,1.0,16000,0.069282,0.598358,D:\STUPEN\Heartz\data-science\dataset\clean\Bo2\Bo2_0182.wav
Bo2_0183.wav,Bo2,1.0,16000,0.069282,0.518829,D:\STUPEN\Heartz\data-science\dataset\clean\Bo2\Bo2_0183.wav
Bo2_0184.wav,Bo2,1.0,16000,0.075895,0.653961,D:\STUPEN\Heartz\data-science\dataset\clean\Bo2\Bo2_0184.wav
Bo2_0185.wav,Bo2,1.0,16000,0.071554,0.483307,D:\STUPEN\Heartz\data-science\dataset\clean\Bo2\Bo2_0185.wav
Bo2_0186.wav,Bo2,1.0,16000,0.073756,0.56546,D:\STUPEN\Heartz\data-science\dataset\clean\Bo2\Bo2_0186.wav
Bo2_0187.wav,Bo2,1.0,16000,0.073756,0.618378,D:\STUPEN\Heartz\data-science\dataset\clean\Bo2\Bo2_0187.wav
Bo2_0188.wav,Bo2,1.0,16000,0.077974,0.59903,D:\STUPEN\Heartz\data-science\dataset\clean\Bo2\Bo2_0188.wav
Bo2_0189.wav,Bo2,1.0,16000,0.073756,0.597687,D:\STUPEN\Heartz\data-science\dataset\clean\Bo2\Bo2_0189.wav
Bo2_0190.wav,Bo2,1.0,16000,0.066933,0.513123,D:\STUPEN\Heartz\data-science\dataset\clean\Bo2\Bo2_0190.wav
Bo2_0191.wav,Bo2,1.0,16000,0.073756,0.536835,D:\STUPEN\Heartz\data-science\dataset\clean\Bo2\Bo2_0191.wav
Bo2_0192.wav,Bo2,1.0,16000,0.071554,0.590393,D:\STUPEN\Heartz\data-science\dataset\clean\Bo2\Bo2_0192.wav
Bo2_0193.wav,Bo2,1.0,16000,0.069282,0.534851,D:\STUPEN\Heartz\data-science\dataset\clean\Bo2\Bo2_0193.wav
Bo2_0194.wav,Bo2,1.0,16000,0.073756,0.681488,D:\STUPEN\Heartz\data-science\dataset\clean\Bo2\Bo2_0194.wav
Bo2_0195.wav,Bo2,1.0,16000,0.075895,0.490631,D:\STUPEN\Heartz\data-science\dataset\clean\Bo2\Bo2_0195.wav
Bo2_0196.wav,Bo2,1.0,16000,0.069282,0.636993,D:\STUPEN\Heartz\data-science\dataset\clean\Bo2\Bo2_0196.wav
Bo2_0197.wav,Bo2,1.0,16000,0.066933,0.524506,D:\STUPEN\Heartz\data-science\dataset\clean\Bo2\Bo2_0197.wav
Bo2_0198.wav,Bo2,1.0,16000,0.066933,0.568848,D:\STUPEN\Heartz\data-science\dataset\clean\Bo2\Bo2_0198.wav
Bo2_0199.wav,Bo2,1.0,16000,0.069282,0.634979,D:\STUPEN\Heartz\data-science\dataset\clean\Bo2\Bo2_0199.wav
Bo2_0200.wav,Bo2,1.0,16000,0.073756,0.514801,D:\STUPEN\Heartz\data-science\dataset\clean\Bo2\Bo2_0200.wav
Bo2_0201.wav,Bo2,1.0,16000,0.069282,0.482941,D:\STUPEN\Heartz\data-science\dataset\clean\Bo2\Bo2_0201.wav
Bo2_0202.wav,Bo2,1.0,16000,0.069282,0.484253,D:\STUPEN\Heartz\data-science\dataset\clean\Bo2\Bo2_0202.wav
Bo2_0203.wav,Bo2,1.0,16000,0.071554,0.604889,D:\STUPEN\Heartz\data-science\dataset\clean\Bo2\Bo2_0203.wav
Bo2_0204.wav,Bo2,1.0,16000,0.071554,0.686707,D:\STUPEN\Heartz\data-science\dataset\clean\Bo2\Bo2_0204.wav
Bo2_0205.wav,Bo2,1.0,16000,0.073756,0.718109,D:\STUPEN\Heartz\data-science\dataset\clean\Bo2\Bo2_0205.wav
Bo2_0206.wav,Bo2,1.0,16000,0.069282,0.56134,D:\STUPEN\Heartz\data-science\dataset\clean\Bo2\Bo2_0206.wav
Bo2_0207.wav,Bo2,1.0,16000,0.073756,0.612976,D:\STUPEN\Heartz\data-science\dataset\clean\Bo2\Bo2_0207.wav
Bo2_0208.wav,Bo2,1.0,16000,0.071554,0.61142,D:\STUPEN\Heartz\data-science\dataset\clean\Bo2\Bo2_0208.wav
Bo2_0209.wav,Bo2,1.0,16000,0.071554,0.64209,D:\STUPEN\Heartz\data-science\dataset\clean\Bo2\Bo2_0209.wav
Bo2_0210.wav,Bo2,1.0,16000,0.071554,0.527924,D:\STUPEN\Heartz\data-science\dataset\clean\Bo2\Bo2_0210.wav
Bo2_0211.wav,Bo2,1.0,16000,0.071554,0.494171,D:\STUPEN\Heartz\data-science\dataset\clean\Bo2\Bo2_0211.wav
Bo2_0212.wav,Bo2,1.0,16000,0.069282,0.584442,D:\STUPEN\Heartz\data-science\dataset\clean\Bo2\Bo2_0212.wav
Bo2_0213.wav,Bo2,1.0,16000,0.073756,0.672791,D:\STUPEN\Heartz\data-science\dataset\clean\Bo2\Bo2_0213.wav
Bo2_0214.wav,Bo2,1.0,16000,0.073756,0.585022,D:\STUPEN\Heartz\data-science\dataset\clean\Bo2\Bo2_0214.wav
Bo2_0215.wav,Bo2,1.0,16000,0.069282,0.57547,D:\STUPEN\Heartz\data-science\dataset\clean\Bo2\Bo2_0215.wav
Bo2_0216.wav,Bo2,1.0,16000,0.066933,0.442383,D:\STUPEN\Heartz\data-science\dataset\clean\Bo2\Bo2_0216.wav
Bo3_0001.wav,Bo3,1.0,16000,0.075895,0.473328,D:\STUPEN\Heartz\data-science\dataset\clean\Bo3\Bo3_0001.wav
Bo3_0002.wav,Bo3,1.0,16000,0.075895,0.484589,D:\STUPEN\Heartz\data-science\dataset\clean\Bo3\Bo3_0002.wav
Bo3_0003.wav,Bo3,1.0,16000,0.069282,0.493317,D:\STUPEN\Heartz\data-science\dataset\clean\Bo3\Bo3_0003.wav
Bo3_0004.wav,Bo3,1.0,16000,0.069282,0.473297,D:\STUPEN\Heartz\data-science\dataset\clean\Bo3\Bo3_0004.wav
Bo3_0005.wav,Bo3,1.0,16000,0.069282,0.537079,D:\STUPEN\Heartz\data-science\dataset\clean\Bo3\Bo3_0005.wav
Bo3_0006.wav,Bo3,1.0,16000,0.071554,0.520233,D:\STUPEN\Heartz\data-science\dataset\clean\Bo3\Bo3_0006.wav
Bo3_0007.wav,Bo3,1.0,16000,0.073756,0.457489,D:\STUPEN\Heartz\data-science\dataset\clean\Bo3\Bo3_0007.wav
Bo3_0008.wav,Bo3,1.0,16000,0.071554,0.544556,D:\STUPEN\Heartz\data-science\dataset\clean\Bo3\Bo3_0008.wav
Bo3_0009.wav,Bo3,1.0,16000,0.073756,0.455627,D:\STUPEN\Heartz\data-science\dataset\clean\Bo3\Bo3_0009.wav
Bo3_0010.wav,Bo3,1.0,16000,0.073756,0.528015,D:\STUPEN\Heartz\data-science\dataset\clean\Bo3\Bo3_0010.wav
Bo3_0011.wav,Bo3,1.0,16000,0.069282,0.445587,D:\STUPEN\Heartz\data-science\dataset\clean\Bo3\Bo3_0011.wav
Bo3_0012.wav,Bo3,1.0,16000,0.071554,0.371735,D:\STUPEN\Heartz\data-science\dataset\clean\Bo3\Bo3_0012.wav
Bo3_0013.wav,Bo3,1.0,16000,0.069282,0.521759,D:\STUPEN\Heartz\data-science\dataset\clean\Bo3\Bo3_0013.wav
Bo3_0014.wav,Bo3,1.0,16000,0.069282,0.596588,D:\STUPEN\Heartz\data-science\dataset\clean\Bo3\Bo3_0014.wav
Bo3_0015.wav,Bo3,1.0,16000,0.066933,0.499481,D:\STUPEN\Heartz\data-science\dataset\clean\Bo3\Bo3_0015.wav
Bo3_0016.wav,Bo3,1.0,16000,0.066933,0.592743,D:\STUPEN\Heartz\data-science\dataset\clean\Bo3\Bo3_0016.wav
Bo3_0017.wav,Bo3,1.0,16000,0.071554,0.609375,D:\STUPEN\Heartz\data-science\dataset\clean\Bo3\Bo3_0017.wav
Bo3_0018.wav,Bo3,1.0,16000,0.066933,0.593323,D:\STUPEN\Heartz\data-science\dataset\clean\Bo3\Bo3_0018.wav
Bo3_0019.wav,Bo3,1.0,16000,0.066933,0.450745,D:\STUPEN\Heartz\data-science\dataset\clean\Bo3\Bo3_0019.wav
Bo3_0020.wav,Bo3,1.0,16000,0.069282,0.596222,D:\STUPEN\Heartz\data-science\dataset\clean\Bo3\Bo3_0020.wav
Bo3_0021.wav,Bo3,1.0,16000,0.066933,0.507446,D:\STUPEN\Heartz\data-science\dataset\clean\Bo3\Bo3_0021.wav
Bo3_0022.wav,Bo3,1.0,16000,0.064498,0.475983,D:\STUPEN\Heartz\data-science\dataset\clean\Bo3\Bo3_0022.wav
Bo3_0023.wav,Bo3,1.0,16000,0.071554,0.64389,D:\STUPEN\Heartz\data-science\dataset\clean\Bo3\Bo3_0023.wav
Bo3_0024.wav,Bo3,1.0,16000,0.069282,0.581268,D:\STUPEN\Heartz\data-science\dataset\clean\Bo3\Bo3_0024.wav
Bo3_0025.wav,Bo3,1.0,16000,0.069282,0.455353,D:\STUPEN\Heartz\data-science\dataset\clean\Bo3\Bo3_0025.wav
Bo3_0026.wav,Bo3,1.0,16000,0.069282,0.496338,D:\STUPEN\Heartz\data-science\dataset\clean\Bo3\Bo3_0026.wav
Bo3_0027.wav,Bo3,1.0,16000,0.069282,0.412476,D:\STUPEN\Heartz\data-science\dataset\clean\Bo3\Bo3_0027.wav
Bo3_0028.wav,Bo3,1.0,16000,0.071554,0.496033,D:\STUPEN\Heartz\data-science\dataset\clean\Bo3\Bo3_0028.wav
Bo3_0029.wav,Bo3,1.0,16000,0.071554,0.515839,D:\STUPEN\Heartz\data-science\dataset\clean\Bo3\Bo3_0029.wav
Bo3_0030.wav,Bo3,1.0,16000,0.066933,0.595551,D:\STUPEN\Heartz\data-science\dataset\clean\Bo3\Bo3_0030.wav
Bo3_0031.wav,Bo3,1.0,16000,0.066933,0.536194,D:\STUPEN\Heartz\data-science\dataset\clean\Bo3\Bo3_0031.wav
Bo3_0032.wav,Bo3,1.0,16000,0.071554,0.47699,D:\STUPEN\Heartz\data-science\dataset\clean\Bo3\Bo3_0032.wav
Bo3_0033.wav,Bo3,1.0,16000,0.066933,0.507507,D:\STUPEN\Heartz\data-science\dataset\clean\Bo3\Bo3_0033.wav
Bo3_0034.wav,Bo3,1.0,16000,0.071554,0.506775,D:\STUPEN\Heartz\data-science\dataset\clean\Bo3\Bo3_0034.wav
Bo3_0035.wav,Bo3,1.0,16000,0.066933,0.422699,D:\STUPEN\Heartz\data-science\dataset\clean\Bo3\Bo3_0035.wav
Bo3_0036.wav,Bo3,1.0,16000,0.071554,0.507385,D:\STUPEN\Heartz\data-science\dataset\clean\Bo3\Bo3_0036.wav
Bo3_0037.wav,Bo3,1.0,16000,0.069282,0.492401,D:\STUPEN\Heartz\data-science\dataset\clean\Bo3\Bo3_0037.wav
Bo3_0038.wav,Bo3,1.0,16000,0.075895,0.598022,D:\STUPEN\Heartz\data-science\dataset\clean\Bo3\Bo3_0038.wav
Bo3_0039.wav,Bo3,1.0,16000,0.071554,0.53656,D:\STUPEN\Heartz\data-science\dataset\clean\Bo3\Bo3_0039.wav
Bo3_0040.wav,Bo3,1.0,16000,0.075895,0.616669,D:\STUPEN\Heartz\data-science\dataset\clean\Bo3\Bo3_0040.wav
Bo3_0041.wav,Bo3,1.0,16000,0.073756,0.534119,D:\STUPEN\Heartz\data-science\dataset\clean\Bo3\Bo3_0041.wav
Bo3_0042.wav,Bo3,1.0,16000,0.071554,0.514374,D:\STUPEN\Heartz\data-science\dataset\clean\Bo3\Bo3_0042.wav
Bo3_0043.wav,Bo3,1.0,16000,0.071554,0.481781,D:\STUPEN\Heartz\data-science\dataset\clean\Bo3\Bo3_0043.wav
Bo3_0044.wav,Bo3,1.0,16000,0.071554,0.445984,D:\STUPEN\Heartz\data-science\dataset\clean\Bo3\Bo3_0044.wav
Bo3_0045.wav,Bo3,1.0,16000,0.071554,0.56781,D:\STUPEN\Heartz\data-science\dataset\clean\Bo3\Bo3_0045.wav
Bo3_0046.wav,Bo3,1.0,16000,0.073756,0.579041,D:\STUPEN\Heartz\data-science\dataset\clean\Bo3\Bo3_0046.wav
Bo3_0047.wav,Bo3,1.0,16000,0.071554,0.622162,D:\STUPEN\Heartz\data-science\dataset\clean\Bo3\Bo3_0047.wav
Bo3_0048.wav,Bo3,1.0,16000,0.073756,0.637848,D:\STUPEN\Heartz\data-science\dataset\clean\Bo3\Bo3_0048.wav
Bo3_0049.wav,Bo3,1.0,16000,0.071554,0.636719,D:\STUPEN\Heartz\data-science\dataset\clean\Bo3\Bo3_0049.wav
Bo3_0050.wav,Bo3,1.0,16000,0.071554,0.551727,D:\STUPEN\Heartz\data-science\dataset\clean\Bo3\Bo3_0050.wav
Bo3_0051.wav,Bo3,1.0,16000,0.073756,0.478485,D:\STUPEN\Heartz\data-science\dataset\clean\Bo3\Bo3_0051.wav
Bo3_0052.wav,Bo3,1.0,16000,0.071554,0.553009,D:\STUPEN\Heartz\data-science\dataset\clean\Bo3\Bo3_0052.wav
Bo3_0053.wav,Bo3,1.0,16000,0.071554,0.617828,D:\STUPEN\Heartz\data-science\dataset\clean\Bo3\Bo3_0053.wav
Bo3_0054.wav,Bo3,1.0,16000,0.071554,0.559387,D:\STUPEN\Heartz\data-science\dataset\clean\Bo3\Bo3_0054.wav
Bo3_0055.wav,Bo3,1.0,16000,0.075895,0.473328,D:\STUPEN\Heartz\data-science\dataset\clean\Bo3\Bo3_0055.wav
Bo3_0056.wav,Bo3,1.0,16000,0.075895,0.484589,D:\STUPEN\Heartz\data-science\dataset\clean\Bo3\Bo3_0056.wav
Bo3_0057.wav,Bo3,1.0,16000,0.069282,0.493317,D:\STUPEN\Heartz\data-science\dataset\clean\Bo3\Bo3_0057.wav
Bo3_0058.wav,Bo3,1.0,16000,0.069282,0.473297,D:\STUPEN\Heartz\data-science\dataset\clean\Bo3\Bo3_0058.wav
Bo3_0059.wav,Bo3,1.0,16000,0.069282,0.537079,D:\STUPEN\Heartz\data-science\dataset\clean\Bo3\Bo3_0059.wav
Bo3_0060.wav,Bo3,1.0,16000,0.071554,0.520233,D:\STUPEN\Heartz\data-science\dataset\clean\Bo3\Bo3_0060.wav
Bo3_0061.wav,Bo3,1.0,16000,0.073756,0.457489,D:\STUPEN\Heartz\data-science\dataset\clean\Bo3\Bo3_0061.wav
Bo3_0062.wav,Bo3,1.0,16000,0.071554,0.544556,D:\STUPEN\Heartz\data-science\dataset\clean\Bo3\Bo3_0062.wav
Bo3_0063.wav,Bo3,1.0,16000,0.073756,0.455627,D:\STUPEN\Heartz\data-science\dataset\clean\Bo3\Bo3_0063.wav
Bo3_0064.wav,Bo3,1.0,16000,0.073756,0.528015,D:\STUPEN\Heartz\data-science\dataset\clean\Bo3\Bo3_0064.wav
Bo3_0065.wav,Bo3,1.0,16000,0.069282,0.445587,D:\STUPEN\Heartz\data-science\dataset\clean\Bo3\Bo3_0065.wav
Bo3_0066.wav,Bo3,1.0,16000,0.071554,0.371735,D:\STUPEN\Heartz\data-science\dataset\clean\Bo3\Bo3_0066.wav
Bo3_0067.wav,Bo3,1.0,16000,0.069282,0.521759,D:\STUPEN\Heartz\data-science\dataset\clean\Bo3\Bo3_0067.wav
Bo3_0068.wav,Bo3,1.0,16000,0.069282,0.596588,D:\STUPEN\Heartz\data-science\dataset\clean\Bo3\Bo3_0068.wav
Bo3_0069.wav,Bo3,1.0,16000,0.066933,0.499481,D:\STUPEN\Heartz\data-science\dataset\clean\Bo3\Bo3_0069.wav
Bo3_0070.wav,Bo3,1.0,16000,0.066933,0.592743,D:\STUPEN\Heartz\data-science\dataset\clean\Bo3\Bo3_0070.wav
Bo3_0071.wav,Bo3,1.0,16000,0.071554,0.609375,D:\STUPEN\Heartz\data-science\dataset\clean\Bo3\Bo3_0071.wav
Bo3_0072.wav,Bo3,1.0,16000,0.066933,0.593323,D:\STUPEN\Heartz\data-science\dataset\clean\Bo3\Bo3_0072.wav
Bo3_0073.wav,Bo3,1.0,16000,0.066933,0.450745,D:\STUPEN\Heartz\data-science\dataset\clean\Bo3\Bo3_0073.wav
Bo3_0074.wav,Bo3,1.0,16000,0.069282,0.596222,D:\STUPEN\Heartz\data-science\dataset\clean\Bo3\Bo3_0074.wav
Bo3_0075.wav,Bo3,1.0,16000,0.066933,0.507446,D:\STUPEN\Heartz\data-science\dataset\clean\Bo3\Bo3_0075.wav
Bo3_0076.wav,Bo3,1.0,16000,0.064498,0.475983,D:\STUPEN\Heartz\data-science\dataset\clean\Bo3\Bo3_0076.wav
Bo3_0077.wav,Bo3,1.0,16000,0.071554,0.64389,D:\STUPEN\Heartz\data-science\dataset\clean\Bo3\Bo3_0077.wav
Bo3_0078.wav,Bo3,1.0,16000,0.069282,0.581268,D:\STUPEN\Heartz\data-science\dataset\clean\Bo3\Bo3_0078.wav
Bo3_0079.wav,Bo3,1.0,16000,0.069282,0.455353,D:\STUPEN\Heartz\data-science\dataset\clean\Bo3\Bo3_0079.wav
Bo3_0080.wav,Bo3,1.0,16000,0.069282,0.496338,D:\STUPEN\Heartz\data-science\dataset\clean\Bo3\Bo3_0080.wav
Bo3_0081.wav,Bo3,1.0,16000,0.069282,0.412476,D:\STUPEN\Heartz\data-science\dataset\clean\Bo3\Bo3_0081.wav
Bo3_0082.wav,Bo3,1.0,16000,0.071554,0.496033,D:\STUPEN\Heartz\data-science\dataset\clean\Bo3\Bo3_0082.wav
Bo3_0083.wav,Bo3,1.0,16000,0.071554,0.515839,D:\STUPEN\Heartz\data-science\dataset\clean\Bo3\Bo3_0083.wav
Bo3_0084.wav,Bo3,1.0,16000,0.066933,0.595551,D:\STUPEN\Heartz\data-science\dataset\clean\Bo3\Bo3_0084.wav
Bo3_0085.wav,Bo3,1.0,16000,0.066933,0.536194,D:\STUPEN\Heartz\data-science\dataset\clean\Bo3\Bo3_0085.wav
Bo3_0086.wav,Bo3,1.0,16000,0.071554,0.47699,D:\STUPEN\Heartz\data-science\dataset\clean\Bo3\Bo3_0086.wav
Bo3_0087.wav,Bo3,1.0,16000,0.066933,0.507507,D:\STUPEN\Heartz\data-science\dataset\clean\Bo3\Bo3_0087.wav
Bo3_0088.wav,Bo3,1.0,16000,0.071554,0.506775,D:\STUPEN\Heartz\data-science\dataset\clean\Bo3\Bo3_0088.wav
Bo3_0089.wav,Bo3,1.0,16000,0.066933,0.422699,D:\STUPEN\Heartz\data-science\dataset\clean\Bo3\Bo3_0089.wav
Bo3_0090.wav,Bo3,1.0,16000,0.071554,0.507385,D:\STUPEN\Heartz\data-science\dataset\clean\Bo3\Bo3_0090.wav
Bo3_0091.wav,Bo3,1.0,16000,0.069282,0.492401,D:\STUPEN\Heartz\data-science\dataset\clean\Bo3\Bo3_0091.wav
Bo3_0092.wav,Bo3,1.0,16000,0.075895,0.598022,D:\STUPEN\Heartz\data-science\dataset\clean\Bo3\Bo3_0092.wav
Bo3_0093.wav,Bo3,1.0,16000,0.071554,0.53656,D:\STUPEN\Heartz\data-science\dataset\clean\Bo3\Bo3_0093.wav
Bo3_0094.wav,Bo3,1.0,16000,0.075895,0.616669,D:\STUPEN\Heartz\data-science\dataset\clean\Bo3\Bo3_0094.wav
Bo3_0095.wav,Bo3,1.0,16000,0.073756,0.534119,D:\STUPEN\Heartz\data-science\dataset\clean\Bo3\Bo3_0095.wav
Bo3_0096.wav,Bo3,1.0,16000,0.071554,0.514374,D:\STUPEN\Heartz\data-science\dataset\clean\Bo3\Bo3_0096.wav
Bo3_0097.wav,Bo3,1.0,16000,0.071554,0.481781,D:\STUPEN\Heartz\data-science\dataset\clean\Bo3\Bo3_0097.wav
Bo3_0098.wav,Bo3,1.0,16000,0.071554,0.445984,D:\STUPEN\Heartz\data-science\dataset\clean\Bo3\Bo3_0098.wav
Bo3_0099.wav,Bo3,1.0,16000,0.071554,0.56781,D:\STUPEN\Heartz\data-science\dataset\clean\Bo3\Bo3_0099.wav
Bo3_0100.wav,Bo3,1.0,16000,0.073756,0.579041,D:\STUPEN\Heartz\data-science\dataset\clean\Bo3\Bo3_0100.wav
Bo3_0101.wav,Bo3,1.0,16000,0.071554,0.622162,D:\STUPEN\Heartz\data-science\dataset\clean\Bo3\Bo3_0101.wav
Bo3_0102.wav,Bo3,1.0,16000,0.073756,0.637848,D:\STUPEN\Heartz\data-science\dataset\clean\Bo3\Bo3_0102.wav
Bo3_0103.wav,Bo3,1.0,16000,0.071554,0.636719,D:\STUPEN\Heartz\data-science\dataset\clean\Bo3\Bo3_0103.wav
Bo3_0104.wav,Bo3,1.0,16000,0.071554,0.551727,D:\STUPEN\Heartz\data-science\dataset\clean\Bo3\Bo3_0104.wav
Bo3_0105.wav,Bo3,1.0,16000,0.073756,0.478485,D:\STUPEN\Heartz\data-science\dataset\clean\Bo3\Bo3_0105.wav
Bo3_0106.wav,Bo3,1.0,16000,0.071554,0.553009,D:\STUPEN\Heartz\data-science\dataset\clean\Bo3\Bo3_0106.wav
Bo3_0107.wav,Bo3,1.0,16000,0.071554,0.617828,D:\STUPEN\Heartz\data-science\dataset\clean\Bo3\Bo3_0107.wav
Bo3_0108.wav,Bo3,1.0,16000,0.071554,0.559387,D:\STUPEN\Heartz\data-science\dataset\clean\Bo3\Bo3_0108.wav
Bo3_0109.wav,Bo3,1.0,16000,0.075895,0.473328,D:\STUPEN\Heartz\data-science\dataset\clean\Bo3\Bo3_0109.wav
Bo3_0110.wav,Bo3,1.0,16000,0.075895,0.484589,D:\STUPEN\Heartz\data-science\dataset\clean\Bo3\Bo3_0110.wav
Bo3_0111.wav,Bo3,1.0,16000,0.069282,0.493317,D:\STUPEN\Heartz\data-science\dataset\clean\Bo3\Bo3_0111.wav
Bo3_0112.wav,Bo3,1.0,16000,0.069282,0.473297,D:\STUPEN\Heartz\data-science\dataset\clean\Bo3\Bo3_0112.wav
Bo3_0113.wav,Bo3,1.0,16000,0.069282,0.537079,D:\STUPEN\Heartz\data-science\dataset\clean\Bo3\Bo3_0113.wav
Bo3_0114.wav,Bo3,1.0,16000,0.071554,0.520233,D:\STUPEN\Heartz\data-science\dataset\clean\Bo3\Bo3_0114.wav
Bo3_0115.wav,Bo3,1.0,16000,0.073756,0.457489,D:\STUPEN\Heartz\data-science\dataset\clean\Bo3\Bo3_0115.wav
Bo3_0116.wav,Bo3,1.0,16000,0.071554,0.544556,D:\STUPEN\Heartz\data-science\dataset\clean\Bo3\Bo3_0116.wav
Bo3_0117.wav,Bo3,1.0,16000,0.073756,0.455627,D:\STUPEN\Heartz\data-science\dataset\clean\Bo3\Bo3_0117.wav
Bo3_0118.wav,Bo3,1.0,16000,0.073756,0.528015,D:\STUPEN\Heartz\data-science\dataset\clean\Bo3\Bo3_0118.wav
Bo3_0119.wav,Bo3,1.0,16000,0.069282,0.445587,D:\STUPEN\Heartz\data-science\dataset\clean\Bo3\Bo3_0119.wav
Bo3_0120.wav,Bo3,1.0,16000,0.071554,0.371735,D:\STUPEN\Heartz\data-science\dataset\clean\Bo3\Bo3_0120.wav
Bo3_0121.wav,Bo3,1.0,16000,0.069282,0.521759,D:\STUPEN\Heartz\data-science\dataset\clean\Bo3\Bo3_0121.wav
Bo3_0122.wav,Bo3,1.0,16000,0.069282,0.596588,D:\STUPEN\Heartz\data-science\dataset\clean\Bo3\Bo3_0122.wav
Bo3_0123.wav,Bo3,1.0,16000,0.066933,0.499481,D:\STUPEN\Heartz\data-science\dataset\clean\Bo3\Bo3_0123.wav
Bo3_0124.wav,Bo3,1.0,16000,0.066933,0.592743,D:\STUPEN\Heartz\data-science\dataset\clean\Bo3\Bo3_0124.wav
Bo3_0125.wav,Bo3,1.0,16000,0.071554,0.609375,D:\STUPEN\Heartz\data-science\dataset\clean\Bo3\Bo3_0125.wav
Bo3_0126.wav,Bo3,1.0,16000,0.066933,0.593323,D:\STUPEN\Heartz\data-science\dataset\clean\Bo3\Bo3_0126.wav
Bo3_0127.wav,Bo3,1.0,16000,0.066933,0.450745,D:\STUPEN\Heartz\data-science\dataset\clean\Bo3\Bo3_0127.wav
Bo3_0128.wav,Bo3,1.0,16000,0.069282,0.596222,D:\STUPEN\Heartz\data-science\dataset\clean\Bo3\Bo3_0128.wav
Bo3_0129.wav,Bo3,1.0,16000,0.066933,0.507446,D:\STUPEN\Heartz\data-science\dataset\clean\Bo3\Bo3_0129.wav
Bo3_0130.wav,Bo3,1.0,16000,0.064498,0.475983,D:\STUPEN\Heartz\data-science\dataset\clean\Bo3\Bo3_0130.wav
Bo3_0131.wav,Bo3,1.0,16000,0.071554,0.64389,D:\STUPEN\Heartz\data-science\dataset\clean\Bo3\Bo3_0131.wav
Bo3_0132.wav,Bo3,1.0,16000,0.069282,0.581268,D:\STUPEN\Heartz\data-science\dataset\clean\Bo3\Bo3_0132.wav
Bo3_0133.wav,Bo3,1.0,16000,0.069282,0.455353,D:\STUPEN\Heartz\data-science\dataset\clean\Bo3\Bo3_0133.wav
Bo3_0134.wav,Bo3,1.0,16000,0.069282,0.496338,D:\STUPEN\Heartz\data-science\dataset\clean\Bo3\Bo3_0134.wav
Bo3_0135.wav,Bo3,1.0,16000,0.069282,0.412476,D:\STUPEN\Heartz\data-science\dataset\clean\Bo3\Bo3_0135.wav
Bo3_0136.wav,Bo3,1.0,16000,0.071554,0.496033,D:\STUPEN\Heartz\data-science\dataset\clean\Bo3\Bo3_0136.wav
Bo3_0137.wav,Bo3,1.0,16000,0.071554,0.515839,D:\STUPEN\Heartz\data-science\dataset\clean\Bo3\Bo3_0137.wav
Bo3_0138.wav,Bo3,1.0,16000,0.066933,0.595551,D:\STUPEN\Heartz\data-science\dataset\clean\Bo3\Bo3_0138.wav
Bo3_0139.wav,Bo3,1.0,16000,0.066933,0.536194,D:\STUPEN\Heartz\data-science\dataset\clean\Bo3\Bo3_0139.wav
Bo3_0140.wav,Bo3,1.0,16000,0.071554,0.47699,D:\STUPEN\Heartz\data-science\dataset\clean\Bo3\Bo3_0140.wav
Bo3_0141.wav,Bo3,1.0,16000,0.066933,0.507507,D:\STUPEN\Heartz\data-science\dataset\clean\Bo3\Bo3_0141.wav
Bo3_0142.wav,Bo3,1.0,16000,0.071554,0.506775,D:\STUPEN\Heartz\data-science\dataset\clean\Bo3\Bo3_0142.wav
Bo3_0143.wav,Bo3,1.0,16000,0.066933,0.422699,D:\STUPEN\Heartz\data-science\dataset\clean\Bo3\Bo3_0143.wav
Bo3_0144.wav,Bo3,1.0,16000,0.071554,0.507385,D:\STUPEN\Heartz\data-science\dataset\clean\Bo3\Bo3_0144.wav
Bo3_0145.wav,Bo3,1.0,16000,0.069282,0.492401,D:\STUPEN\Heartz\data-science\dataset\clean\Bo3\Bo3_0145.wav
Bo3_0146.wav,Bo3,1.0,16000,0.075895,0.598022,D:\STUPEN\Heartz\data-science\dataset\clean\Bo3\Bo3_0146.wav
Bo3_0147.wav,Bo3,1.0,16000,0.071554,0.53656,D:\STUPEN\Heartz\data-science\dataset\clean\Bo3\Bo3_0147.wav
Bo3_0148.wav,Bo3,1.0,16000,0.075895,0.616669,D:\STUPEN\Heartz\data-science\dataset\clean\Bo3\Bo3_0148.wav
Bo3_0149.wav,Bo3,1.0,16000,0.073756,0.534119,D:\STUPEN\Heartz\data-science\dataset\clean\Bo3\Bo3_0149.wav
Bo3_0150.wav,Bo3,1.0,16000,0.071554,0.514374,D:\STUPEN\Heartz\data-science\dataset\clean\Bo3\Bo3_0150.wav
Bo3_0151.wav,Bo3,1.0,16000,0.071554,0.481781,D:\STUPEN\Heartz\data-science\dataset\clean\Bo3\Bo3_0151.wav
Bo3_0152.wav,Bo3,1.0,16000,0.071554,0.445984,D:\STUPEN\Heartz\data-science\dataset\clean\Bo3\Bo3_0152.wav
Bo3_0153.wav,Bo3,1.0,16000,0.071554,0.56781,D:\STUPEN\Heartz\data-science\dataset\clean\Bo3\Bo3_0153.wav
Bo3_0154.wav,Bo3,1.0,16000,0.073756,0.579041,D:\STUPEN\Heartz\data-science\dataset\clean\Bo3\Bo3_0154.wav
Bo3_0155.wav,Bo3,1.0,16000,0.071554,0.622162,D:\STUPEN\Heartz\data-science\dataset\clean\Bo3\Bo3_0155.wav
Bo3_0156.wav,Bo3,1.0,16000,0.073756,0.637848,D:\STUPEN\Heartz\data-science\dataset\clean\Bo3\Bo3_0156.wav
Bo3_0157.wav,Bo3,1.0,16000,0.071554,0.636719,D:\STUPEN\Heartz\data-science\dataset\clean\Bo3\Bo3_0157.wav
Bo3_0158.wav,Bo3,1.0,16000,0.071554,0.551727,D:\STUPEN\Heartz\data-science\dataset\clean\Bo3\Bo3_0158.wav
Bo3_0159.wav,Bo3,1.0,16000,0.073756,0.478485,D:\STUPEN\Heartz\data-science\dataset\clean\Bo3\Bo3_0159.wav
Bo3_0160.wav,Bo3,1.0,16000,0.071554,0.553009,D:\STUPEN\Heartz\data-science\dataset\clean\Bo3\Bo3_0160.wav
Bo3_0161.wav,Bo3,1.0,16000,0.071554,0.617828,D:\STUPEN\Heartz\data-science\dataset\clean\Bo3\Bo3_0161.wav
Bo3_0162.wav,Bo3,1.0,16000,0.071554,0.559387,D:\STUPEN\Heartz\data-science\dataset\clean\Bo3\Bo3_0162.wav
Bo3_0163.wav,Bo3,1.0,16000,0.075895,0.473328,D:\STUPEN\Heartz\data-science\dataset\clean\Bo3\Bo3_0163.wav
Bo3_0164.wav,Bo3,1.0,16000,0.075895,0.484589,D:\STUPEN\Heartz\data-science\dataset\clean\Bo3\Bo3_0164.wav
Bo3_0165.wav,Bo3,1.0,16000,0.069282,0.493317,D:\STUPEN\Heartz\data-science\dataset\clean\Bo3\Bo3_0165.wav
Bo3_0166.wav,Bo3,1.0,16000,0.069282,0.473297,D:\STUPEN\Heartz\data-science\dataset\clean\Bo3\Bo3_0166.wav
Bo3_0167.wav,Bo3,1.0,16000,0.069282,0.537079,D:\STUPEN\Heartz\data-science\dataset\clean\Bo3\Bo3_0167.wav
Bo3_0168.wav,Bo3,1.0,16000,0.071554,0.520233,D:\STUPEN\Heartz\data-science\dataset\clean\Bo3\Bo3_0168.wav
Bo3_0169.wav,Bo3,1.0,16000,0.073756,0.457489,D:\STUPEN\Heartz\data-science\dataset\clean\Bo3\Bo3_0169.wav
Bo3_0170.wav,Bo3,1.0,16000,0.071554,0.544556,D:\STUPEN\Heartz\data-science\dataset\clean\Bo3\Bo3_0170.wav
Bo3_0171.wav,Bo3,1.0,16000,0.073756,0.455627,D:\STUPEN\Heartz\data-science\dataset\clean\Bo3\Bo3_0171.wav
Bo3_0172.wav,Bo3,1.0,16000,0.073756,0.528015,D:\STUPEN\Heartz\data-science\dataset\clean\Bo3\Bo3_0172.wav
Bo3_0173.wav,Bo3,1.0,16000,0.069282,0.445587,D:\STUPEN\Heartz\data-science\dataset\clean\Bo3\Bo3_0173.wav
Bo3_0174.wav,Bo3,1.0,16000,0.071554,0.371735,D:\STUPEN\Heartz\data-science\dataset\clean\Bo3\Bo3_0174.wav
Bo3_0175.wav,Bo3,1.0,16000,0.069282,0.521759,D:\STUPEN\Heartz\data-science\dataset\clean\Bo3\Bo3_0175.wav
Bo3_0176.wav,Bo3,1.0,16000,0.069282,0.596588,D:\STUPEN\Heartz\data-science\dataset\clean\Bo3\Bo3_0176.wav
Bo3_0177.wav,Bo3,1.0,16000,0.066933,0.499481,D:\STUPEN\Heartz\data-science\dataset\clean\Bo3\Bo3_0177.wav
Bo3_0178.wav,Bo3,1.0,16000,0.066933,0.592743,D:\STUPEN\Heartz\data-science\dataset\clean\Bo3\Bo3_0178.wav
Bo3_0179.wav,Bo3,1.0,16000,0.071554,0.609375,D:\STUPEN\Heartz\data-science\dataset\clean\Bo3\Bo3_0179.wav
Bo3_0180.wav,Bo3,1.0,16000,0.066933,0.593323,D:\STUPEN\Heartz\data-science\dataset\clean\Bo3\Bo3_0180.wav
Bo3_0181.wav,Bo3,1.0,16000,0.066933,0.450745,D:\STUPEN\Heartz\data-science\dataset\clean\Bo3\Bo3_0181.wav
Bo3_0182.wav,Bo3,1.0,16000,0.069282,0.596222,D:\STUPEN\Heartz\data-science\dataset\clean\Bo3\Bo3_0182.wav
Bo3_0183.wav,Bo3,1.0,16000,0.066933,0.507446,D:\STUPEN\Heartz\data-science\dataset\clean\Bo3\Bo3_0183.wav
Bo3_0184.wav,Bo3,1.0,16000,0.064498,0.475983,D:\STUPEN\Heartz\data-science\dataset\clean\Bo3\Bo3_0184.wav
Bo3_0185.wav,Bo3,1.0,16000,0.071554,0.64389,D:\STUPEN\Heartz\data-science\dataset\clean\Bo3\Bo3_0185.wav
Bo3_0186.wav,Bo3,1.0,16000,0.069282,0.581268,D:\STUPEN\Heartz\data-science\dataset\clean\Bo3\Bo3_0186.wav
Bo3_0187.wav,Bo3,1.0,16000,0.069282,0.455353,D:\STUPEN\Heartz\data-science\dataset\clean\Bo3\Bo3_0187.wav
Bo3_0188.wav,Bo3,1.0,16000,0.069282,0.496338,D:\STUPEN\Heartz\data-science\dataset\clean\Bo3\Bo3_0188.wav
Bo3_0189.wav,Bo3,1.0,16000,0.069282,0.412476,D:\STUPEN\Heartz\data-science\dataset\clean\Bo3\Bo3_0189.wav
Bo3_0190.wav,Bo3,1.0,16000,0.071554,0.496033,D:\STUPEN\Heartz\data-science\dataset\clean\Bo3\Bo3_0190.wav
Bo3_0191.wav,Bo3,1.0,16000,0.071554,0.515839,D:\STUPEN\Heartz\data-science\dataset\clean\Bo3\Bo3_0191.wav
Bo3_0192.wav,Bo3,1.0,16000,0.066933,0.595551,D:\STUPEN\Heartz\data-science\dataset\clean\Bo3\Bo3_0192.wav
Bo3_0193.wav,Bo3,1.0,16000,0.066933,0.536194,D:\STUPEN\Heartz\data-science\dataset\clean\Bo3\Bo3_0193.wav
Bo3_0194.wav,Bo3,1.0,16000,0.071554,0.47699,D:\STUPEN\Heartz\data-science\dataset\clean\Bo3\Bo3_0194.wav
Bo3_0195.wav,Bo3,1.0,16000,0.066933,0.507507,D:\STUPEN\Heartz\data-science\dataset\clean\Bo3\Bo3_0195.wav
Bo3_0196.wav,Bo3,1.0,16000,0.071554,0.506775,D:\STUPEN\Heartz\data-science\dataset\clean\Bo3\Bo3_0196.wav
Bo3_0197.wav,Bo3,1.0,16000,0.066933,0.422699,D:\STUPEN\Heartz\data-science\dataset\clean\Bo3\Bo3_0197.wav
Bo3_0198.wav,Bo3,1.0,16000,0.071554,0.507385,D:\STUPEN\Heartz\data-science\dataset\clean\Bo3\Bo3_0198.wav
Bo3_0199.wav,Bo3,1.0,16000,0.069282,0.492401,D:\STUPEN\Heartz\data-science\dataset\clean\Bo3\Bo3_0199.wav
Bo3_0200.wav,Bo3,1.0,16000,0.075895,0.598022,D:\STUPEN\Heartz\data-science\dataset\clean\Bo3\Bo3_0200.wav
Bo3_0201.wav,Bo3,1.0,16000,0.071554,0.53656,D:\STUPEN\Heartz\data-science\dataset\clean\Bo3\Bo3_0201.wav
Bo3_0202.wav,Bo3,1.0,16000,0.075895,0.616669,D:\STUPEN\Heartz\data-science\dataset\clean\Bo3\Bo3_0202.wav
Bo3_0203.wav,Bo3,1.0,16000,0.073756,0.534119,D:\STUPEN\Heartz\data-science\dataset\clean\Bo3\Bo3_0203.wav
Bo3_0204.wav,Bo3,1.0,16000,0.071554,0.514374,D:\STUPEN\Heartz\data-science\dataset\clean\Bo3\Bo3_0204.wav
Bo3_0205.wav,Bo3,1.0,16000,0.071554,0.481781,D:\STUPEN\Heartz\data-science\dataset\clean\Bo3\Bo3_0205.wav
Bo3_0206.wav,Bo3,1.0,16000,0.071554,0.445984,D:\STUPEN\Heartz\data-science\dataset\clean\Bo3\Bo3_0206.wav
Bo3_0207.wav,Bo3,1.0,16000,0.071554,0.56781,D:\STUPEN\Heartz\data-science\dataset\clean\Bo3\Bo3_0207.wav
Bo3_0208.wav,Bo3,1.0,16000,0.073756,0.579041,D:\STUPEN\Heartz\data-science\dataset\clean\Bo3\Bo3_0208.wav
Bo3_0209.wav,Bo3,1.0,16000,0.071554,0.622162,D:\STUPEN\Heartz\data-science\dataset\clean\Bo3\Bo3_0209.wav
Bo3_0210.wav,Bo3,1.0,16000,0.073756,0.637848,D:\STUPEN\Heartz\data-science\dataset\clean\Bo3\Bo3_0210.wav
Bo3_0211.wav,Bo3,1.0,16000,0.071554,0.636719,D:\STUPEN\Heartz\data-science\dataset\clean\Bo3\Bo3_0211.wav
Bo3_0212.wav,Bo3,1.0,16000,0.071554,0.551727,D:\STUPEN\Heartz\data-science\dataset\clean\Bo3\Bo3_0212.wav
Bo3_0213.wav,Bo3,1.0,16000,0.073756,0.478485,D:\STUPEN\Heartz\data-science\dataset\clean\Bo3\Bo3_0213.wav
Bo3_0214.wav,Bo3,1.0,16000,0.071554,0.553009,D:\STUPEN\Heartz\data-science\dataset\clean\Bo3\Bo3_0214.wav
Bo3_0215.wav,Bo3,1.0,16000,0.071554,0.617828,D:\STUPEN\Heartz\data-science\dataset\clean\Bo3\Bo3_0215.wav
Bo3_0216.wav,Bo3,1.0,16000,0.071554,0.559387,D:\STUPEN\Heartz\data-science\dataset\clean\Bo3\Bo3_0216.wav
Bu_0001.wav,Bu,1.0,16000,0.08579,0.311981,D:\STUPEN\Heartz\data-science\dataset\clean\Bu\Bu_0001.wav
Bu_0002.wav,Bu,1.0,16000,0.083905,0.298004,D:\STUPEN\Heartz\data-science\dataset\clean\Bu\Bu_0002.wav
Bu_0003.wav,Bu,1.0,16000,0.061968,0.403687,D:\STUPEN\Heartz\data-science\dataset\clean\Bu\Bu_0003.wav
Bu_0004.wav,Bu,1.0,16000,0.075895,0.336426,D:\STUPEN\Heartz\data-science\dataset\clean\Bu\Bu_0004.wav
Bu_0005.wav,Bu,1.0,16000,0.075895,0.272675,D:\STUPEN\Heartz\data-science\dataset\clean\Bu\Bu_0005.wav
Bu_0006.wav,Bu,1.0,16000,0.071554,0.32135,D:\STUPEN\Heartz\data-science\dataset\clean\Bu\Bu_0006.wav
Bu_0007.wav,Bu,1.0,16000,0.066933,0.349365,D:\STUPEN\Heartz\data-science\dataset\clean\Bu\Bu_0007.wav
Bu_0008.wav,Bu,1.0,16000,0.069282,0.273651,D:\STUPEN\Heartz\data-science\dataset\clean\Bu\Bu_0008.wav
Bu_0009.wav,Bu,1.0,16000,0.069282,0.35376,D:\STUPEN\Heartz\data-science\dataset\clean\Bu\Bu_0009.wav
Bu_0010.wav,Bu,1.0,16000,0.066933,0.393921,D:\STUPEN\Heartz\data-science\dataset\clean\Bu\Bu_0010.wav
Bu_0011.wav,Bu,1.0,16000,0.071554,0.284271,D:\STUPEN\Heartz\data-science\dataset\clean\Bu\Bu_0011.wav
Bu_0012.wav,Bu,1.0,16000,0.075895,0.424377,D:\STUPEN\Heartz\data-science\dataset\clean\Bu\Bu_0012.wav
Bu_0013.wav,Bu,1.0,16000,0.073756,0.335144,D:\STUPEN\Heartz\data-science\dataset\clean\Bu\Bu_0013.wav
Bu_0014.wav,Bu,1.0,16000,0.069282,0.284363,D:\STUPEN\Heartz\data-science\dataset\clean\Bu\Bu_0014.wav
Bu_0015.wav,Bu,1.0,16000,0.075895,0.311127,D:\STUPEN\Heartz\data-science\dataset\clean\Bu\Bu_0015.wav
Bu_0016.wav,Bu,1.0,16000,0.071554,0.277924,D:\STUPEN\Heartz\data-science\dataset\clean\Bu\Bu_0016.wav
Bu_0017.wav,Bu,1.0,16000,0.071554,0.28952,D:\STUPEN\Heartz\data-science\dataset\clean\Bu\Bu_0017.wav
Bu_0018.wav,Bu,1.0,16000,0.069282,0.34552,D:\STUPEN\Heartz\data-science\dataset\clean\Bu\Bu_0018.wav
Bu_0019.wav,Bu,1.0,16000,0.071554,0.357635,D:\STUPEN\Heartz\data-science\dataset\clean\Bu\Bu_0019.wav
Bu_0020.wav,Bu,1.0,16000,0.071554,0.335907,D:\STUPEN\Heartz\data-science\dataset\clean\Bu\Bu_0020.wav
Bu_0021.wav,Bu,1.0,16000,0.073756,0.361053,D:\STUPEN\Heartz\data-science\dataset\clean\Bu\Bu_0021.wav
Bu_0022.wav,Bu,1.0,16000,0.071554,0.362427,D:\STUPEN\Heartz\data-science\dataset\clean\Bu\Bu_0022.wav
Bu_0023.wav,Bu,1.0,16000,0.073756,0.362091,D:\STUPEN\Heartz\data-science\dataset\clean\Bu\Bu_0023.wav
Bu_0024.wav,Bu,1.0,16000,0.075895,0.359528,D:\STUPEN\Heartz\data-science\dataset\clean\Bu\Bu_0024.wav
Bu_0025.wav,Bu,1.0,16000,0.073756,0.323029,D:\STUPEN\Heartz\data-science\dataset\clean\Bu\Bu_0025.wav
Bu_0026.wav,Bu,1.0,16000,0.073756,0.336151,D:\STUPEN\Heartz\data-science\dataset\clean\Bu\Bu_0026.wav
Bu_0027.wav,Bu,1.0,16000,0.073756,0.337433,D:\STUPEN\Heartz\data-science\dataset\clean\Bu\Bu_0027.wav
Bu_0028.wav,Bu,1.0,16000,0.077974,0.299683,D:\STUPEN\Heartz\data-science\dataset\clean\Bu\Bu_0028.wav
Bu_0029.wav,Bu,1.0,16000,0.075895,0.277924,D:\STUPEN\Heartz\data-science\dataset\clean\Bu\Bu_0029.wav
Bu_0030.wav,Bu,1.0,16000,0.075895,0.307159,D:\STUPEN\Heartz\data-science\dataset\clean\Bu\Bu_0030.wav
Bu_0031.wav,Bu,1.0,16000,0.077974,0.321564,D:\STUPEN\Heartz\data-science\dataset\clean\Bu\Bu_0031.wav
Bu_0032.wav,Bu,1.0,16000,0.075895,0.339783,D:\STUPEN\Heartz\data-science\dataset\clean\Bu\Bu_0032.wav
Bu_0033.wav,Bu,1.0,16000,0.077974,0.287628,D:\STUPEN\Heartz\data-science\dataset\clean\Bu\Bu_0033.wav
Bu_0034.wav,Bu,1.0,16000,0.08,0.318359,D:\STUPEN\Heartz\data-science\dataset\clean\Bu\Bu_0034.wav
Bu_0035.wav,Bu,1.0,16000,0.08,0.307831,D:\STUPEN\Heartz\data-science\dataset\clean\Bu\Bu_0035.wav
Bu_0036.wav,Bu,1.0,16000,0.077974,0.34549,D:\STUPEN\Heartz\data-science\dataset\clean\Bu\Bu_0036.wav
Bu_0037.wav,Bu,1.0,16000,0.075895,0.319,D:\STUPEN\Heartz\data-science\dataset\clean\Bu\Bu_0037.wav
Bu_0038.wav,Bu,1.0,16000,0.077974,0.31308,D:\STUPEN\Heartz\data-science\dataset\clean\Bu\Bu_0038.wav
Bu_0039.wav,Bu,1.0,16000,0.075895,0.293335,D:\STUPEN\Heartz\data-science\dataset\clean\Bu\Bu_0039.wav
Bu_0040.wav,Bu,1.0,16000,0.077974,0.289581,D:\STUPEN\Heartz\data-science\dataset\clean\Bu\Bu_0040.wav
Bu_0041.wav,Bu,1.0,16000,0.077974,0.281067,D:\STUPEN\Heartz\data-science\dataset\clean\Bu\Bu_0041.wav
Bu_0042.wav,Bu,1.0,16000,0.08,0.282471,D:\STUPEN\Heartz\data-science\dataset\clean\Bu\Bu_0042.wav
Bu_0043.wav,Bu,1.0,16000,0.08,0.301117,D:\STUPEN\Heartz\data-science\dataset\clean\Bu\Bu_0043.wav
Bu_0044.wav,Bu,1.0,16000,0.081976,0.295563,D:\STUPEN\Heartz\data-science\dataset\clean\Bu\Bu_0044.wav
Bu_0045.wav,Bu,1.0,16000,0.081976,0.248077,D:\STUPEN\Heartz\data-science\dataset\clean\Bu\Bu_0045.wav
Bu_0046.wav,Bu,1.0,16000,0.08,0.334381,D:\STUPEN\Heartz\data-science\dataset\clean\Bu\Bu_0046.wav
Bu_0047.wav,Bu,1.0,16000,0.08,0.311615,D:\STUPEN\Heartz\data-science\dataset\clean\Bu\Bu_0047.wav
Bu_0048.wav,Bu,1.0,16000,0.08,0.292023,D:\STUPEN\Heartz\data-science\dataset\clean\Bu\Bu_0048.wav
Bu_0049.wav,Bu,1.0,16000,0.083905,0.293701,D:\STUPEN\Heartz\data-science\dataset\clean\Bu\Bu_0049.wav
Bu_0050.wav,Bu,1.0,16000,0.081976,0.336151,D:\STUPEN\Heartz\data-science\dataset\clean\Bu\Bu_0050.wav
Bu_0051.wav,Bu,1.0,16000,0.077974,0.312714,D:\STUPEN\Heartz\data-science\dataset\clean\Bu\Bu_0051.wav
Bu_0052.wav,Bu,1.0,16000,0.071554,0.337036,D:\STUPEN\Heartz\data-science\dataset\clean\Bu\Bu_0052.wav
Bu_0053.wav,Bu,1.0,16000,0.066933,0.290649,D:\STUPEN\Heartz\data-science\dataset\clean\Bu\Bu_0053.wav
Bu_0054.wav,Bu,1.0,16000,0.071554,0.307983,D:\STUPEN\Heartz\data-science\dataset\clean\Bu\Bu_0054.wav
Bu_0055.wav,Bu,1.0,16000,0.08579,0.311981,D:\STUPEN\Heartz\data-science\dataset\clean\Bu\Bu_0055.wav
Bu_0056.wav,Bu,1.0,16000,0.083905,0.298004,D:\STUPEN\Heartz\data-science\dataset\clean\Bu\Bu_0056.wav
Bu_0057.wav,Bu,1.0,16000,0.061968,0.403687,D:\STUPEN\Heartz\data-science\dataset\clean\Bu\Bu_0057.wav
Bu_0058.wav,Bu,1.0,16000,0.075895,0.336426,D:\STUPEN\Heartz\data-science\dataset\clean\Bu\Bu_0058.wav
Bu_0059.wav,Bu,1.0,16000,0.075895,0.272675,D:\STUPEN\Heartz\data-science\dataset\clean\Bu\Bu_0059.wav
Bu_0060.wav,Bu,1.0,16000,0.071554,0.32135,D:\STUPEN\Heartz\data-science\dataset\clean\Bu\Bu_0060.wav
Bu_0061.wav,Bu,1.0,16000,0.066933,0.349365,D:\STUPEN\Heartz\data-science\dataset\clean\Bu\Bu_0061.wav
Bu_0062.wav,Bu,1.0,16000,0.069282,0.273651,D:\STUPEN\Heartz\data-science\dataset\clean\Bu\Bu_0062.wav
Bu_0063.wav,Bu,1.0,16000,0.069282,0.35376,D:\STUPEN\Heartz\data-science\dataset\clean\Bu\Bu_0063.wav
Bu_0064.wav,Bu,1.0,16000,0.066933,0.393921,D:\STUPEN\Heartz\data-science\dataset\clean\Bu\Bu_0064.wav
Bu_0065.wav,Bu,1.0,16000,0.071554,0.284271,D:\STUPEN\Heartz\data-science\dataset\clean\Bu\Bu_0065.wav
Bu_0066.wav,Bu,1.0,16000,0.075895,0.424377,D:\STUPEN\Heartz\data-science\dataset\clean\Bu\Bu_0066.wav
Bu_0067.wav,Bu,1.0,16000,0.073756,0.335144,D:\STUPEN\Heartz\data-science\dataset\clean\Bu\Bu_0067.wav
Bu_0068.wav,Bu,1.0,16000,0.069282,0.284363,D:\STUPEN\Heartz\data-science\dataset\clean\Bu\Bu_0068.wav
Bu_0069.wav,Bu,1.0,16000,0.075895,0.311127,D:\STUPEN\Heartz\data-science\dataset\clean\Bu\Bu_0069.wav
Bu_0070.wav,Bu,1.0,16000,0.071554,0.277924,D:\STUPEN\Heartz\data-science\dataset\clean\Bu\Bu_0070.wav
Bu_0071.wav,Bu,1.0,16000,0.071554,0.28952,D:\STUPEN\Heartz\data-science\dataset\clean\Bu\Bu_0071.wav
Bu_0072.wav,Bu,1.0,16000,0.069282,0.34552,D:\STUPEN\Heartz\data-science\dataset\clean\Bu\Bu_0072.wav
Bu_0073.wav,Bu,1.0,16000,0.071554,0.357635,D:\STUPEN\Heartz\data-science\dataset\clean\Bu\Bu_0073.wav
Bu_0074.wav,Bu,1.0,16000,0.071554,0.335907,D:\STUPEN\Heartz\data-science\dataset\clean\Bu\Bu_0074.wav
Bu_0075.wav,Bu,1.0,16000,0.073756,0.361053,D:\STUPEN\Heartz\data-science\dataset\clean\Bu\Bu_0075.wav
Bu_0076.wav,Bu,1.0,16000,0.071554,0.362427,D:\STUPEN\Heartz\data-science\dataset\clean\Bu\Bu_0076.wav
Bu_0077.wav,Bu,1.0,16000,0.073756,0.362091,D:\STUPEN\Heartz\data-science\dataset\clean\Bu\Bu_0077.wav
Bu_0078.wav,Bu,1.0,16000,0.075895,0.359528,D:\STUPEN\Heartz\data-science\dataset\clean\Bu\Bu_0078.wav
Bu_0079.wav,Bu,1.0,16000,0.073756,0.323029,D:\STUPEN\Heartz\data-science\dataset\clean\Bu\Bu_0079.wav
Bu_0080.wav,Bu,1.0,16000,0.073756,0.336151,D:\STUPEN\Heartz\data-science\dataset\clean\Bu\Bu_0080.wav
Bu_0081.wav,Bu,1.0,16000,0.073756,0.337433,D:\STUPEN\Heartz\data-science\dataset\clean\Bu\Bu_0081.wav
Bu_0082.wav,Bu,1.0,16000,0.077974,0.299683,D:\STUPEN\Heartz\data-science\dataset\clean\Bu\Bu_0082.wav
Bu_0083.wav,Bu,1.0,16000,0.075895,0.277924,D:\STUPEN\Heartz\data-science\dataset\clean\Bu\Bu_0083.wav
Bu_0084.wav,Bu,1.0,16000,0.075895,0.307159,D:\STUPEN\Heartz\data-science\dataset\clean\Bu\Bu_0084.wav
Bu_0085.wav,Bu,1.0,16000,0.077974,0.321564,D:\STUPEN\Heartz\data-science\dataset\clean\Bu\Bu_0085.wav
Bu_0086.wav,Bu,1.0,16000,0.075895,0.339783,D:\STUPEN\Heartz\data-science\dataset\clean\Bu\Bu_0086.wav
Bu_0087.wav,Bu,1.0,16000,0.077974,0.287628,D:\STUPEN\Heartz\data-science\dataset\clean\Bu\Bu_0087.wav
Bu_0088.wav,Bu,1.0,16000,0.08,0.318359,D:\STUPEN\Heartz\data-science\dataset\clean\Bu\Bu_0088.wav
Bu_0089.wav,Bu,1.0,16000,0.08,0.307831,D:\STUPEN\Heartz\data-science\dataset\clean\Bu\Bu_0089.wav
Bu_0090.wav,Bu,1.0,16000,0.077974,0.34549,D:\STUPEN\Heartz\data-science\dataset\clean\Bu\Bu_0090.wav
Bu_0091.wav,Bu,1.0,16000,0.075895,0.319,D:\STUPEN\Heartz\data-science\dataset\clean\Bu\Bu_0091.wav
Bu_0092.wav,Bu,1.0,16000,0.077974,0.31308,D:\STUPEN\Heartz\data-science\dataset\clean\Bu\Bu_0092.wav
Bu_0093.wav,Bu,1.0,16000,0.075895,0.293335,D:\STUPEN\Heartz\data-science\dataset\clean\Bu\Bu_0093.wav
Bu_0094.wav,Bu,1.0,16000,0.077974,0.289581,D:\STUPEN\Heartz\data-science\dataset\clean\Bu\Bu_0094.wav
Bu_0095.wav,Bu,1.0,16000,0.077974,0.281067,D:\STUPEN\Heartz\data-science\dataset\clean\Bu\Bu_0095.wav
Bu_0096.wav,Bu,1.0,16000,0.08,0.282471,D:\STUPEN\Heartz\data-science\dataset\clean\Bu\Bu_0096.wav
Bu_0097.wav,Bu,1.0,16000,0.08,0.301117,D:\STUPEN\Heartz\data-science\dataset\clean\Bu\Bu_0097.wav
Bu_0098.wav,Bu,1.0,16000,0.081976,0.295563,D:\STUPEN\Heartz\data-science\dataset\clean\Bu\Bu_0098.wav
Bu_0099.wav,Bu,1.0,16000,0.081976,0.248077,D:\STUPEN\Heartz\data-science\dataset\clean\Bu\Bu_0099.wav
Bu_0100.wav,Bu,1.0,16000,0.08,0.334381,D:\STUPEN\Heartz\data-science\dataset\clean\Bu\Bu_0100.wav
Bu_0101.wav,Bu,1.0,16000,0.08,0.311615,D:\STUPEN\Heartz\data-science\dataset\clean\Bu\Bu_0101.wav
Bu_0102.wav,Bu,1.0,16000,0.08,0.292023,D:\STUPEN\Heartz\data-science\dataset\clean\Bu\Bu_0102.wav
Bu_0103.wav,Bu,1.0,16000,0.083905,0.293701,D:\STUPEN\Heartz\data-science\dataset\clean\Bu\Bu_0103.wav
Bu_0104.wav,Bu,1.0,16000,0.081976,0.336151,D:\STUPEN\Heartz\data-science\dataset\clean\Bu\Bu_0104.wav
Bu_0105.wav,Bu,1.0,16000,0.077974,0.312714,D:\STUPEN\Heartz\data-science\dataset\clean\Bu\Bu_0105.wav
Bu_0106.wav,Bu,1.0,16000,0.071554,0.337036,D:\STUPEN\Heartz\data-science\dataset\clean\Bu\Bu_0106.wav
Bu_0107.wav,Bu,1.0,16000,0.066933,0.290649,D:\STUPEN\Heartz\data-science\dataset\clean\Bu\Bu_0107.wav
Bu_0108.wav,Bu,1.0,16000,0.071554,0.307983,D:\STUPEN\Heartz\data-science\dataset\clean\Bu\Bu_0108.wav
Bu_0109.wav,Bu,1.0,16000,0.08579,0.311981,D:\STUPEN\Heartz\data-science\dataset\clean\Bu\Bu_0109.wav
Bu_0110.wav,Bu,1.0,16000,0.083905,0.298004,D:\STUPEN\Heartz\data-science\dataset\clean\Bu\Bu_0110.wav
Bu_0111.wav,Bu,1.0,16000,0.061968,0.403687,D:\STUPEN\Heartz\data-science\dataset\clean\Bu\Bu_0111.wav
Bu_0112.wav,Bu,1.0,16000,0.075895,0.336426,D:\STUPEN\Heartz\data-science\dataset\clean\Bu\Bu_0112.wav
Bu_0113.wav,Bu,1.0,16000,0.075895,0.272675,D:\STUPEN\Heartz\data-science\dataset\clean\Bu\Bu_0113.wav
Bu_0114.wav,Bu,1.0,16000,0.071554,0.32135,D:\STUPEN\Heartz\data-science\dataset\clean\Bu\Bu_0114.wav
Bu_0115.wav,Bu,1.0,16000,0.066933,0.349365,D:\STUPEN\Heartz\data-science\dataset\clean\Bu\Bu_0115.wav
Bu_0116.wav,Bu,1.0,16000,0.069282,0.273651,D:\STUPEN\Heartz\data-science\dataset\clean\Bu\Bu_0116.wav
Bu_0117.wav,Bu,1.0,16000,0.069282,0.35376,D:\STUPEN\Heartz\data-science\dataset\clean\Bu\Bu_0117.wav
Bu_0118.wav,Bu,1.0,16000,0.066933,0.393921,D:\STUPEN\Heartz\data-science\dataset\clean\Bu\Bu_0118.wav
Bu_0119.wav,Bu,1.0,16000,0.071554,0.284271,D:\STUPEN\Heartz\data-science\dataset\clean\Bu\Bu_0119.wav
Bu_0120.wav,Bu,1.0,16000,0.075895,0.424377,D:\STUPEN\Heartz\data-science\dataset\clean\Bu\Bu_0120.wav
Bu_0121.wav,Bu,1.0,16000,0.073756,0.335144,D:\STUPEN\Heartz\data-science\dataset\clean\Bu\Bu_0121.wav
Bu_0122.wav,Bu,1.0,16000,0.069282,0.284363,D:\STUPEN\Heartz\data-science\dataset\clean\Bu\Bu_0122.wav
Bu_0123.wav,Bu,1.0,16000,0.075895,0.311127,D:\STUPEN\Heartz\data-science\dataset\clean\Bu\Bu_0123.wav
Bu_0124.wav,Bu,1.0,16000,0.071554,0.277924,D:\STUPEN\Heartz\data-science\dataset\clean\Bu\Bu_0124.wav
Bu_0125.wav,Bu,1.0,16000,0.071554,0.28952,D:\STUPEN\Heartz\data-science\dataset\clean\Bu\Bu_0125.wav
Bu_0126.wav,Bu,1.0,16000,0.069282,0.34552,D:\STUPEN\Heartz\data-science\dataset\clean\Bu\Bu_0126.wav
Bu_0127.wav,Bu,1.0,16000,0.071554,0.357635,D:\STUPEN\Heartz\data-science\dataset\clean\Bu\Bu_0127.wav
Bu_0128.wav,Bu,1.0,16000,0.071554,0.335907,D:\STUPEN\Heartz\data-science\dataset\clean\Bu\Bu_0128.wav
Bu_0129.wav,Bu,1.0,16000,0.073756,0.361053,D:\STUPEN\Heartz\data-science\dataset\clean\Bu\Bu_0129.wav
Bu_0130.wav,Bu,1.0,16000,0.071554,0.362427,D:\STUPEN\Heartz\data-science\dataset\clean\Bu\Bu_0130.wav
Bu_0131.wav,Bu,1.0,16000,0.073756,0.362091,D:\STUPEN\Heartz\data-science\dataset\clean\Bu\Bu_0131.wav
Bu_0132.wav,Bu,1.0,16000,0.075895,0.359528,D:\STUPEN\Heartz\data-science\dataset\clean\Bu\Bu_0132.wav
Bu_0133.wav,Bu,1.0,16000,0.073756,0.323029,D:\STUPEN\Heartz\data-science\dataset\clean\Bu\Bu_0133.wav
Bu_0134.wav,Bu,1.0,16000,0.073756,0.336151,D:\STUPEN\Heartz\data-science\dataset\clean\Bu\Bu_0134.wav
Bu_0135.wav,Bu,1.0,16000,0.073756,0.337433,D:\STUPEN\Heartz\data-science\dataset\clean\Bu\Bu_0135.wav
Bu_0136.wav,Bu,1.0,16000,0.077974,0.299683,D:\STUPEN\Heartz\data-science\dataset\clean\Bu\Bu_0136.wav
Bu_0137.wav,Bu,1.0,16000,0.075895,0.277924,D:\STUPEN\Heartz\data-science\dataset\clean\Bu\Bu_0137.wav
Bu_0138.wav,Bu,1.0,16000,0.075895,0.307159,D:\STUPEN\Heartz\data-science\dataset\clean\Bu\Bu_0138.wav
Bu_0139.wav,Bu,1.0,16000,0.077974,0.321564,D:\STUPEN\Heartz\data-science\dataset\clean\Bu\Bu_0139.wav
Bu_0140.wav,Bu,1.0,16000,0.075895,0.339783,D:\STUPEN\Heartz\data-science\dataset\clean\Bu\Bu_0140.wav
Bu_0141.wav,Bu,1.0,16000,0.077974,0.287628,D:\STUPEN\Heartz\data-science\dataset\clean\Bu\Bu_0141.wav
Bu_0142.wav,Bu,1.0,16000,0.08,0.318359,D:\STUPEN\Heartz\data-science\dataset\clean\Bu\Bu_0142.wav
Bu_0143.wav,Bu,1.0,16000,0.08,0.307831,D:\STUPEN\Heartz\data-science\dataset\clean\Bu\Bu_0143.wav
Bu_0144.wav,Bu,1.0,16000,0.077974,0.34549,D:\STUPEN\Heartz\data-science\dataset\clean\Bu\Bu_0144.wav
Bu_0145.wav,Bu,1.0,16000,0.075895,0.319,D:\STUPEN\Heartz\data-science\dataset\clean\Bu\Bu_0145.wav
Bu_0146.wav,Bu,1.0,16000,0.077974,0.31308,D:\STUPEN\Heartz\data-science\dataset\clean\Bu\Bu_0146.wav
Bu_0147.wav,Bu,1.0,16000,0.075895,0.293335,D:\STUPEN\Heartz\data-science\dataset\clean\Bu\Bu_0147.wav
Bu_0148.wav,Bu,1.0,16000,0.077974,0.289581,D:\STUPEN\Heartz\data-science\dataset\clean\Bu\Bu_0148.wav
Bu_0149.wav,Bu,1.0,16000,0.077974,0.281067,D:\STUPEN\Heartz\data-science\dataset\clean\Bu\Bu_0149.wav
Bu_0150.wav,Bu,1.0,16000,0.08,0.282471,D:\STUPEN\Heartz\data-science\dataset\clean\Bu\Bu_0150.wav
Bu_0151.wav,Bu,1.0,16000,0.08,0.301117,D:\STUPEN\Heartz\data-science\dataset\clean\Bu\Bu_0151.wav
Bu_0152.wav,Bu,1.0,16000,0.081976,0.295563,D:\STUPEN\Heartz\data-science\dataset\clean\Bu\Bu_0152.wav
Bu_0153.wav,Bu,1.0,16000,0.081976,0.248077,D:\STUPEN\Heartz\data-science\dataset\clean\Bu\Bu_0153.wav
Bu_0154.wav,Bu,1.0,16000,0.08,0.334381,D:\STUPEN\Heartz\data-science\dataset\clean\Bu\Bu_0154.wav
Bu_0155.wav,Bu,1.0,16000,0.08,0.311615,D:\STUPEN\Heartz\data-science\dataset\clean\Bu\Bu_0155.wav
Bu_0156.wav,Bu,1.0,16000,0.08,0.292023,D:\STUPEN\Heartz\data-science\dataset\clean\Bu\Bu_0156.wav
Bu_0157.wav,Bu,1.0,16000,0.083905,0.293701,D:\STUPEN\Heartz\data-science\dataset\clean\Bu\Bu_0157.wav
Bu_0158.wav,Bu,1.0,16000,0.081976,0.336151,D:\STUPEN\Heartz\data-science\dataset\clean\Bu\Bu_0158.wav
Bu_0159.wav,Bu,1.0,16000,0.077974,0.312714,D:\STUPEN\Heartz\data-science\dataset\clean\Bu\Bu_0159.wav
Bu_0160.wav,Bu,1.0,16000,0.071554,0.337036,D:\STUPEN\Heartz\data-science\dataset\clean\Bu\Bu_0160.wav
Bu_0161.wav,Bu,1.0,16000,0.066933,0.290649,D:\STUPEN\Heartz\data-science\dataset\clean\Bu\Bu_0161.wav
Bu_0162.wav,Bu,1.0,16000,0.071554,0.307983,D:\STUPEN\Heartz\data-science\dataset\clean\Bu\Bu_0162.wav
Bu_0163.wav,Bu,1.0,16000,0.08579,0.311981,D:\STUPEN\Heartz\data-science\dataset\clean\Bu\Bu_0163.wav
Bu_0164.wav,Bu,1.0,16000,0.083905,0.298004,D:\STUPEN\Heartz\data-science\dataset\clean\Bu\Bu_0164.wav
Bu_0165.wav,Bu,1.0,16000,0.061968,0.403687,D:\STUPEN\Heartz\data-science\dataset\clean\Bu\Bu_0165.wav
Bu_0166.wav,Bu,1.0,16000,0.075895,0.336426,D:\STUPEN\Heartz\data-science\dataset\clean\Bu\Bu_0166.wav
Bu_0167.wav,Bu,1.0,16000,0.075895,0.272675,D:\STUPEN\Heartz\data-science\dataset\clean\Bu\Bu_0167.wav
Bu_0168.wav,Bu,1.0,16000,0.071554,0.32135,D:\STUPEN\Heartz\data-science\dataset\clean\Bu\Bu_0168.wav
Bu_0169.wav,Bu,1.0,16000,0.066933,0.349365,D:\STUPEN\Heartz\data-science\dataset\clean\Bu\Bu_0169.wav
Bu_0170.wav,Bu,1.0,16000,0.069282,0.273651,D:\STUPEN\Heartz\data-science\dataset\clean\Bu\Bu_0170.wav
Bu_0171.wav,Bu,1.0,16000,0.069282,0.35376,D:\STUPEN\Heartz\data-science\dataset\clean\Bu\Bu_0171.wav
Bu_0172.wav,Bu,1.0,16000,0.066933,0.393921,D:\STUPEN\Heartz\data-science\dataset\clean\Bu\Bu_0172.wav
Bu_0173.wav,Bu,1.0,16000,0.071554,0.284271,D:\STUPEN\Heartz\data-science\dataset\clean\Bu\Bu_0173.wav
Bu_0174.wav,Bu,1.0,16000,0.075895,0.424377,D:\STUPEN\Heartz\data-science\dataset\clean\Bu\Bu_0174.wav
Bu_0175.wav,Bu,1.0,16000,0.073756,0.335144,D:\STUPEN\Heartz\data-science\dataset\clean\Bu\Bu_0175.wav
Bu_0176.wav,Bu,1.0,16000,0.069282,0.284363,D:\STUPEN\Heartz\data-science\dataset\clean\Bu\Bu_0176.wav
Bu_0177.wav,Bu,1.0,16000,0.075895,0.311127,D:\STUPEN\Heartz\data-science\dataset\clean\Bu\Bu_0177.wav
Bu_0178.wav,Bu,1.0,16000,0.071554,0.277924,D:\STUPEN\Heartz\data-science\dataset\clean\Bu\Bu_0178.wav
Bu_0179.wav,Bu,1.0,16000,0.071554,0.28952,D:\STUPEN\Heartz\data-science\dataset\clean\Bu\Bu_0179.wav
Bu_0180.wav,Bu,1.0,16000,0.069282,0.34552,D:\STUPEN\Heartz\data-science\dataset\clean\Bu\Bu_0180.wav
Bu_0181.wav,Bu,1.0,16000,0.071554,0.357635,D:\STUPEN\Heartz\data-science\dataset\clean\Bu\Bu_0181.wav
Bu_0182.wav,Bu,1.0,16000,0.071554,0.335907,D:\STUPEN\Heartz\data-science\dataset\clean\Bu\Bu_0182.wav
Bu_0183.wav,Bu,1.0,16000,0.073756,0.361053,D:\STUPEN\Heartz\data-science\dataset\clean\Bu\Bu_0183.wav
Bu_0184.wav,Bu,1.0,16000,0.071554,0.362427,D:\STUPEN\Heartz\data-science\dataset\clean\Bu\Bu_0184.wav
Bu_0185.wav,Bu,1.0,16000,0.073756,0.362091,D:\STUPEN\Heartz\data-science\dataset\clean\Bu\Bu_0185.wav
Bu_0186.wav,Bu,1.0,16000,0.075895,0.359528,D:\STUPEN\Heartz\data-science\dataset\clean\Bu\Bu_0186.wav
Bu_0187.wav,Bu,1.0,16000,0.073756,0.323029,D:\STUPEN\Heartz\data-science\dataset\clean\Bu\Bu_0187.wav
Bu_0188.wav,Bu,1.0,16000,0.073756,0.336151,D:\STUPEN\Heartz\data-science\dataset\clean\Bu\Bu_0188.wav
Bu_0189.wav,Bu,1.0,16000,0.073756,0.337433,D:\STUPEN\Heartz\data-science\dataset\clean\Bu\Bu_0189.wav
Bu_0190.wav,Bu,1.0,16000,0.077974,0.299683,D:\STUPEN\Heartz\data-science\dataset\clean\Bu\Bu_0190.wav
Bu_0191.wav,Bu,1.0,16000,0.075895,0.277924,D:\STUPEN\Heartz\data-science\dataset\clean\Bu\Bu_0191.wav
Bu_0192.wav,Bu,1.0,16000,0.075895,0.307159,D:\STUPEN\Heartz\data-science\dataset\clean\Bu\Bu_0192.wav
Bu_0193.wav,Bu,1.0,16000,0.077974,0.321564,D:\STUPEN\Heartz\data-science\dataset\clean\Bu\Bu_0193.wav
Bu_0194.wav,Bu,1.0,16000,0.075895,0.339783,D:\STUPEN\Heartz\data-science\dataset\clean\Bu\Bu_0194.wav
Bu_0195.wav,Bu,1.0,16000,0.077974,0.287628,D:\STUPEN\Heartz\data-science\dataset\clean\Bu\Bu_0195.wav
Bu_0196.wav,Bu,1.0,16000,0.08,0.318359,D:\STUPEN\Heartz\data-science\dataset\clean\Bu\Bu_0196.wav
Bu_0197.wav,Bu,1.0,16000,0.08,0.307831,D:\STUPEN\Heartz\data-science\dataset\clean\Bu\Bu_0197.wav
Bu_0198.wav,Bu,1.0,16000,0.077974,0.34549,D:\STUPEN\Heartz\data-science\dataset\clean\Bu\Bu_0198.wav
Bu_0199.wav,Bu,1.0,16000,0.075895,0.319,D:\STUPEN\Heartz\data-science\dataset\clean\Bu\Bu_0199.wav
Bu_0200.wav,Bu,1.0,16000,0.077974,0.31308,D:\STUPEN\Heartz\data-science\dataset\clean\Bu\Bu_0200.wav
Bu_0201.wav,Bu,1.0,16000,0.075895,0.293335,D:\STUPEN\Heartz\data-science\dataset\clean\Bu\Bu_0201.wav
Bu_0202.wav,Bu,1.0,16000,0.077974,0.289581,D:\STUPEN\Heartz\data-science\dataset\clean\Bu\Bu_0202.wav
Bu_0203.wav,Bu,1.0,16000,0.077974,0.281067,D:\STUPEN\Heartz\data-science\dataset\clean\Bu\Bu_0203.wav
Bu_0204.wav,Bu,1.0,16000,0.08,0.282471,D:\STUPEN\Heartz\data-science\dataset\clean\Bu\Bu_0204.wav
Bu_0205.wav,Bu,1.0,16000,0.08,0.301117,D:\STUPEN\Heartz\data-science\dataset\clean\Bu\Bu_0205.wav
Bu_0206.wav,Bu,1.0,16000,0.081976,0.295563,D:\STUPEN\Heartz\data-science\dataset\clean\Bu\Bu_0206.wav
Bu_0207.wav,Bu,1.0,16000,0.081976,0.248077,D:\STUPEN\Heartz\data-science\dataset\clean\Bu\Bu_0207.wav
Bu_0208.wav,Bu,1.0,16000,0.08,0.334381,D:\STUPEN\Heartz\data-science\dataset\clean\Bu\Bu_0208.wav
Bu_0209.wav,Bu,1.0,16000,0.08,0.311615,D:\STUPEN\Heartz\data-science\dataset\clean\Bu\Bu_0209.wav
Bu_0210.wav,Bu,1.0,16000,0.08,0.292023,D:\STUPEN\Heartz\data-science\dataset\clean\Bu\Bu_0210.wav
Bu_0211.wav,Bu,1.0,16000,0.083905,0.293701,D:\STUPEN\Heartz\data-science\dataset\clean\Bu\Bu_0211.wav
Bu_0212.wav,Bu,1.0,16000,0.081976,0.336151,D:\STUPEN\Heartz\data-science\dataset\clean\Bu\Bu_0212.wav
Bu_0213.wav,Bu,1.0,16000,0.077974,0.312714,D:\STUPEN\Heartz\data-science\dataset\clean\Bu\Bu_0213.wav
Bu_0214.wav,Bu,1.0,16000,0.071554,0.337036,D:\STUPEN\Heartz\data-science\dataset\clean\Bu\Bu_0214.wav
Bu_0215.wav,Bu,1.0,16000,0.066933,0.290649,D:\STUPEN\Heartz\data-science\dataset\clean\Bu\Bu_0215.wav
Bu_0216.wav,Bu,1.0,16000,0.071554,0.307983,D:\STUPEN\Heartz\data-science\dataset\clean\Bu\Bu_0216.wav
E_0001.wav,E,1.0,16000,0.064498,0.636383,D:\STUPEN\Heartz\data-science\dataset\clean\E\E_0001.wav
E_0002.wav,E,1.0,16000,0.064498,0.580597,D:\STUPEN\Heartz\data-science\dataset\clean\E\E_0002.wav
E_0003.wav,E,1.0,16000,0.064498,0.56897,D:\STUPEN\Heartz\data-science\dataset\clean\E\E_0003.wav
E_0004.wav,E,1.0,16000,0.061968,0.417511,D:\STUPEN\Heartz\data-science\dataset\clean\E\E_0004.wav
E_0005.wav,E,1.0,16000,0.064498,0.454437,D:\STUPEN\Heartz\data-science\dataset\clean\E\E_0005.wav
E_0006.wav,E,1.0,16000,0.061968,0.338654,D:\STUPEN\Heartz\data-science\dataset\clean\E\E_0006.wav
E_0007.wav,E,1.0,16000,0.061968,0.364075,D:\STUPEN\Heartz\data-science\dataset\clean\E\E_0007.wav
E_0008.wav,E,1.0,16000,0.061968,0.382111,D:\STUPEN\Heartz\data-science\dataset\clean\E\E_0008.wav
E_0009.wav,E,1.0,16000,0.061968,0.346375,D:\STUPEN\Heartz\data-science\dataset\clean\E\E_0009.wav
E_0010.wav,E,1.0,16000,0.064498,0.341003,D:\STUPEN\Heartz\data-science\dataset\clean\E\E_0010.wav
E_0011.wav,E,1.0,16000,0.066933,0.387054,D:\STUPEN\Heartz\data-science\dataset\clean\E\E_0011.wav
E_0012.wav,E,1.0,16000,0.066933,0.399048,D:\STUPEN\Heartz\data-science\dataset\clean\E\E_0012.wav
E_0013.wav,E,1.0,16000,0.064498,0.389893,D:\STUPEN\Heartz\data-science\dataset\clean\E\E_0013.wav
E_0014.wav,E,1.0,16000,0.061968,0.450104,D:\STUPEN\Heartz\data-science\dataset\clean\E\E_0014.wav
E_0015.wav,E,1.0,16000,0.061968,0.363922,D:\STUPEN\Heartz\data-science\dataset\clean\E\E_0015.wav
E_0016.wav,E,1.0,16000,0.064498,0.524323,D:\STUPEN\Heartz\data-science\dataset\clean\E\E_0016.wav
E_0017.wav,E,1.0,16000,0.061968,0.390442,D:\STUPEN\Heartz\data-science\dataset\clean\E\E_0017.wav
E_0018.wav,E,1.0,16000,0.064498,0.43161,D:\STUPEN\Heartz\data-science\dataset\clean\E\E_0018.wav
E_0019.wav,E,1.0,16000,0.064498,0.37674,D:\STUPEN\Heartz\data-science\dataset\clean\E\E_0019.wav
E_0020.wav,E,1.0,16000,0.069282,0.388702,D:\STUPEN\Heartz\data-science\dataset\clean\E\E_0020.wav
E_0021.wav,E,1.0,16000,0.069282,0.431915,D:\STUPEN\Heartz\data-science\dataset\clean\E\E_0021.wav
E_0022.wav,E,1.0,16000,0.061968,0.384674,D:\STUPEN\Heartz\data-science\dataset\clean\E\E_0022.wav
E_0023.wav,E,1.0,16000,0.061968,0.327972,D:\STUPEN\Heartz\data-science\dataset\clean\E\E_0023.wav
E_0024.wav,E,1.0,16000,0.064498,0.385651,D:\STUPEN\Heartz\data-science\dataset\clean\E\E_0024.wav
E_0025.wav,E,1.0,16000,0.064498,0.354645,D:\STUPEN\Heartz\data-science\dataset\clean\E\E_0025.wav
E_0026.wav,E,1.0,16000,0.061968,0.381714,D:\STUPEN\Heartz\data-science\dataset\clean\E\E_0026.wav
E_0027.wav,E,1.0,16000,0.064498,0.40155,D:\STUPEN\Heartz\data-science\dataset\clean\E\E_0027.wav
E_0028.wav,E,1.0,16000,0.061968,0.361237,D:\STUPEN\Heartz\data-science\dataset\clean\E\E_0028.wav
E_0029.wav,E,1.0,16000,0.061968,0.328217,D:\STUPEN\Heartz\data-science\dataset\clean\E\E_0029.wav
E_0030.wav,E,1.0,16000,0.064498,0.390411,D:\STUPEN\Heartz\data-science\dataset\clean\E\E_0030.wav
E_0031.wav,E,1.0,16000,0.064498,0.376923,D:\STUPEN\Heartz\data-science\dataset\clean\E\E_0031.wav
E_0032.wav,E,1.0,16000,0.061968,0.353302,D:\STUPEN\Heartz\data-science\dataset\clean\E\E_0032.wav
E_0033.wav,E,1.0,16000,0.061968,0.353973,D:\STUPEN\Heartz\data-science\dataset\clean\E\E_0033.wav
E_0034.wav,E,1.0,16000,0.061968,0.400818,D:\STUPEN\Heartz\data-science\dataset\clean\E\E_0034.wav
E_0035.wav,E,1.0,16000,0.064498,0.416565,D:\STUPEN\Heartz\data-science\dataset\clean\E\E_0035.wav
E_0036.wav,E,1.0,16000,0.064498,0.429779,D:\STUPEN\Heartz\data-science\dataset\clean\E\E_0036.wav
E_0037.wav,E,1.0,16000,0.061968,0.448425,D:\STUPEN\Heartz\data-science\dataset\clean\E\E_0037.wav
E_0038.wav,E,1.0,16000,0.061968,0.452972,D:\STUPEN\Heartz\data-science\dataset\clean\E\E_0038.wav
E_0039.wav,E,1.0,16000,0.064498,0.481689,D:\STUPEN\Heartz\data-science\dataset\clean\E\E_0039.wav
E_0040.wav,E,1.0,16000,0.061968,0.462036,D:\STUPEN\Heartz\data-science\dataset\clean\E\E_0040.wav
E_0041.wav,E,1.0,16000,0.064498,0.476318,D:\STUPEN\Heartz\data-science\dataset\clean\E\E_0041.wav
E_0042.wav,E,1.0,16000,0.064498,0.387146,D:\STUPEN\Heartz\data-science\dataset\clean\E\E_0042.wav
E_0043.wav,E,1.0,16000,0.061968,0.410156,D:\STUPEN\Heartz\data-science\dataset\clean\E\E_0043.wav
E_0044.wav,E,1.0,16000,0.061968,0.432068,D:\STUPEN\Heartz\data-science\dataset\clean\E\E_0044.wav
E_0045.wav,E,1.0,16000,0.071554,0.443176,D:\STUPEN\Heartz\data-science\dataset\clean\E\E_0045.wav
E_0046.wav,E,1.0,16000,0.061968,0.358734,D:\STUPEN\Heartz\data-science\dataset\clean\E\E_0046.wav
E_0047.wav,E,1.0,16000,0.064498,0.423706,D:\STUPEN\Heartz\data-science\dataset\clean\E\E_0047.wav
E_0048.wav,E,1.0,16000,0.066933,0.403442,D:\STUPEN\Heartz\data-science\dataset\clean\E\E_0048.wav
E_0049.wav,E,1.0,16000,0.071554,0.413239,D:\STUPEN\Heartz\data-science\dataset\clean\E\E_0049.wav
E_0050.wav,E,1.0,16000,0.061968,0.453949,D:\STUPEN\Heartz\data-science\dataset\clean\E\E_0050.wav
E_0051.wav,E,1.0,16000,0.066933,0.405762,D:\STUPEN\Heartz\data-science\dataset\clean\E\E_0051.wav
E_0052.wav,E,1.0,16000,0.066933,0.37085,D:\STUPEN\Heartz\data-science\dataset\clean\E\E_0052.wav
E_0053.wav,E,1.0,16000,0.064498,0.368958,D:\STUPEN\Heartz\data-science\dataset\clean\E\E_0053.wav
E_0054.wav,E,1.0,16000,0.064498,0.356995,D:\STUPEN\Heartz\data-science\dataset\clean\E\E_0054.wav
E_0055.wav,E,1.0,16000,0.061968,0.343842,D:\STUPEN\Heartz\data-science\dataset\clean\E\E_0055.wav
E_0056.wav,E,1.0,16000,0.061968,0.376526,D:\STUPEN\Heartz\data-science\dataset\clean\E\E_0056.wav
E_0057.wav,E,1.0,16000,0.064498,0.373596,D:\STUPEN\Heartz\data-science\dataset\clean\E\E_0057.wav
E_0058.wav,E,1.0,16000,0.066933,0.377716,D:\STUPEN\Heartz\data-science\dataset\clean\E\E_0058.wav
E_0059.wav,E,1.0,16000,0.071554,0.384521,D:\STUPEN\Heartz\data-science\dataset\clean\E\E_0059.wav
E_0060.wav,E,1.0,16000,0.071554,0.351349,D:\STUPEN\Heartz\data-science\dataset\clean\E\E_0060.wav
E_0061.wav,E,1.0,16000,0.069282,0.396912,D:\STUPEN\Heartz\data-science\dataset\clean\E\E_0061.wav
E_0062.wav,E,1.0,16000,0.073756,0.377258,D:\STUPEN\Heartz\data-science\dataset\clean\E\E_0062.wav
E_0063.wav,E,1.0,16000,0.066933,0.459686,D:\STUPEN\Heartz\data-science\dataset\clean\E\E_0063.wav
E_0064.wav,E,1.0,16000,0.061968,0.335846,D:\STUPEN\Heartz\data-science\dataset\clean\E\E_0064.wav
E_0065.wav,E,1.0,16000,0.066933,0.361877,D:\STUPEN\Heartz\data-science\dataset\clean\E\E_0065.wav
E_0066.wav,E,1.0,16000,0.064498,0.368744,D:\STUPEN\Heartz\data-science\dataset\clean\E\E_0066.wav
E_0067.wav,E,1.0,16000,0.064498,0.343384,D:\STUPEN\Heartz\data-science\dataset\clean\E\E_0067.wav
E_0068.wav,E,1.0,16000,0.066933,0.390015,D:\STUPEN\Heartz\data-science\dataset\clean\E\E_0068.wav
E_0069.wav,E,1.0,16000,0.066933,0.377045,D:\STUPEN\Heartz\data-science\dataset\clean\E\E_0069.wav
E_0070.wav,E,1.0,16000,0.064498,0.368073,D:\STUPEN\Heartz\data-science\dataset\clean\E\E_0070.wav
E_0071.wav,E,1.0,16000,0.066933,0.375458,D:\STUPEN\Heartz\data-science\dataset\clean\E\E_0071.wav
E_0072.wav,E,1.0,16000,0.069282,0.380524,D:\STUPEN\Heartz\data-science\dataset\clean\E\E_0072.wav
E_0073.wav,E,1.0,16000,0.069282,0.428711,D:\STUPEN\Heartz\data-science\dataset\clean\E\E_0073.wav
E_0074.wav,E,1.0,16000,0.066933,0.422546,D:\STUPEN\Heartz\data-science\dataset\clean\E\E_0074.wav
E_0075.wav,E,1.0,16000,0.071554,0.450012,D:\STUPEN\Heartz\data-science\dataset\clean\E\E_0075.wav
E_0076.wav,E,1.0,16000,0.064498,0.359924,D:\STUPEN\Heartz\data-science\dataset\clean\E\E_0076.wav
E_0077.wav,E,1.0,16000,0.064498,0.392029,D:\STUPEN\Heartz\data-science\dataset\clean\E\E_0077.wav
E_0078.wav,E,1.0,16000,0.066933,0.493103,D:\STUPEN\Heartz\data-science\dataset\clean\E\E_0078.wav
E_0079.wav,E,1.0,16000,0.066933,0.346466,D:\STUPEN\Heartz\data-science\dataset\clean\E\E_0079.wav
E_0080.wav,E,1.0,16000,0.064498,0.414246,D:\STUPEN\Heartz\data-science\dataset\clean\E\E_0080.wav
E_0081.wav,E,1.0,16000,0.064498,0.636383,D:\STUPEN\Heartz\data-science\dataset\clean\E\E_0081.wav
E_0082.wav,E,1.0,16000,0.064498,0.580597,D:\STUPEN\Heartz\data-science\dataset\clean\E\E_0082.wav
E_0083.wav,E,1.0,16000,0.064498,0.56897,D:\STUPEN\Heartz\data-science\dataset\clean\E\E_0083.wav
E_0084.wav,E,1.0,16000,0.061968,0.417511,D:\STUPEN\Heartz\data-science\dataset\clean\E\E_0084.wav
E_0085.wav,E,1.0,16000,0.064498,0.454437,D:\STUPEN\Heartz\data-science\dataset\clean\E\E_0085.wav
E_0086.wav,E,1.0,16000,0.061968,0.338654,D:\STUPEN\Heartz\data-science\dataset\clean\E\E_0086.wav
E_0087.wav,E,1.0,16000,0.061968,0.364075,D:\STUPEN\Heartz\data-science\dataset\clean\E\E_0087.wav
E_0088.wav,E,1.0,16000,0.061968,0.382111,D:\STUPEN\Heartz\data-science\dataset\clean\E\E_0088.wav
E_0089.wav,E,1.0,16000,0.061968,0.346375,D:\STUPEN\Heartz\data-science\dataset\clean\E\E_0089.wav
E_0090.wav,E,1.0,16000,0.064498,0.341003,D:\STUPEN\Heartz\data-science\dataset\clean\E\E_0090.wav
E_0091.wav,E,1.0,16000,0.066933,0.387054,D:\STUPEN\Heartz\data-science\dataset\clean\E\E_0091.wav
E_0092.wav,E,1.0,16000,0.066933,0.399048,D:\STUPEN\Heartz\data-science\dataset\clean\E\E_0092.wav
E_0093.wav,E,1.0,16000,0.064498,0.389893,D:\STUPEN\Heartz\data-science\dataset\clean\E\E_0093.wav
E_0094.wav,E,1.0,16000,0.061968,0.450104,D:\STUPEN\Heartz\data-science\dataset\clean\E\E_0094.wav
E_0095.wav,E,1.0,16000,0.061968,0.363922,D:\STUPEN\Heartz\data-science\dataset\clean\E\E_0095.wav
E_0096.wav,E,1.0,16000,0.064498,0.524323,D:\STUPEN\Heartz\data-science\dataset\clean\E\E_0096.wav
E_0097.wav,E,1.0,16000,0.061968,0.390442,D:\STUPEN\Heartz\data-science\dataset\clean\E\E_0097.wav
E_0098.wav,E,1.0,16000,0.064498,0.43161,D:\STUPEN\Heartz\data-science\dataset\clean\E\E_0098.wav
E_0099.wav,E,1.0,16000,0.064498,0.37674,D:\STUPEN\Heartz\data-science\dataset\clean\E\E_0099.wav
E_0100.wav,E,1.0,16000,0.069282,0.388702,D:\STUPEN\Heartz\data-science\dataset\clean\E\E_0100.wav
E_0101.wav,E,1.0,16000,0.069282,0.431915,D:\STUPEN\Heartz\data-science\dataset\clean\E\E_0101.wav
E_0102.wav,E,1.0,16000,0.061968,0.384674,D:\STUPEN\Heartz\data-science\dataset\clean\E\E_0102.wav
E_0103.wav,E,1.0,16000,0.061968,0.327972,D:\STUPEN\Heartz\data-science\dataset\clean\E\E_0103.wav
E_0104.wav,E,1.0,16000,0.064498,0.385651,D:\STUPEN\Heartz\data-science\dataset\clean\E\E_0104.wav
E_0105.wav,E,1.0,16000,0.064498,0.354645,D:\STUPEN\Heartz\data-science\dataset\clean\E\E_0105.wav
E_0106.wav,E,1.0,16000,0.061968,0.381714,D:\STUPEN\Heartz\data-science\dataset\clean\E\E_0106.wav
E_0107.wav,E,1.0,16000,0.064498,0.40155,D:\STUPEN\Heartz\data-science\dataset\clean\E\E_0107.wav
E_0108.wav,E,1.0,16000,0.061968,0.361237,D:\STUPEN\Heartz\data-science\dataset\clean\E\E_0108.wav
E_0109.wav,E,1.0,16000,0.061968,0.328217,D:\STUPEN\Heartz\data-science\dataset\clean\E\E_0109.wav
E_0110.wav,E,1.0,16000,0.064498,0.390411,D:\STUPEN\Heartz\data-science\dataset\clean\E\E_0110.wav
E_0111.wav,E,1.0,16000,0.064498,0.376923,D:\STUPEN\Heartz\data-science\dataset\clean\E\E_0111.wav
E_0112.wav,E,1.0,16000,0.061968,0.353302,D:\STUPEN\Heartz\data-science\dataset\clean\E\E_0112.wav
E_0113.wav,E,1.0,16000,0.061968,0.353973,D:\STUPEN\Heartz\data-science\dataset\clean\E\E_0113.wav
E_0114.wav,E,1.0,16000,0.061968,0.400818,D:\STUPEN\Heartz\data-science\dataset\clean\E\E_0114.wav
E_0115.wav,E,1.0,16000,0.064498,0.416565,D:\STUPEN\Heartz\data-science\dataset\clean\E\E_0115.wav
E_0116.wav,E,1.0,16000,0.064498,0.429779,D:\STUPEN\Heartz\data-science\dataset\clean\E\E_0116.wav
E_0117.wav,E,1.0,16000,0.061968,0.448425,D:\STUPEN\Heartz\data-science\dataset\clean\E\E_0117.wav
E_0118.wav,E,1.0,16000,0.061968,0.452972,D:\STUPEN\Heartz\data-science\dataset\clean\E\E_0118.wav
E_0119.wav,E,1.0,16000,0.064498,0.481689,D:\STUPEN\Heartz\data-science\dataset\clean\E\E_0119.wav
E_0120.wav,E,1.0,16000,0.061968,0.462036,D:\STUPEN\Heartz\data-science\dataset\clean\E\E_0120.wav
E_0121.wav,E,1.0,16000,0.064498,0.476318,D:\STUPEN\Heartz\data-science\dataset\clean\E\E_0121.wav
E_0122.wav,E,1.0,16000,0.064498,0.387146,D:\STUPEN\Heartz\data-science\dataset\clean\E\E_0122.wav
E_0123.wav,E,1.0,16000,0.061968,0.410156,D:\STUPEN\Heartz\data-science\dataset\clean\E\E_0123.wav
E_0124.wav,E,1.0,16000,0.061968,0.432068,D:\STUPEN\Heartz\data-science\dataset\clean\E\E_0124.wav
E_0125.wav,E,1.0,16000,0.071554,0.443176,D:\STUPEN\Heartz\data-science\dataset\clean\E\E_0125.wav
E_0126.wav,E,1.0,16000,0.061968,0.358734,D:\STUPEN\Heartz\data-science\dataset\clean\E\E_0126.wav
E_0127.wav,E,1.0,16000,0.064498,0.423706,D:\STUPEN\Heartz\data-science\dataset\clean\E\E_0127.wav
E_0128.wav,E,1.0,16000,0.066933,0.403442,D:\STUPEN\Heartz\data-science\dataset\clean\E\E_0128.wav
E_0129.wav,E,1.0,16000,0.071554,0.413239,D:\STUPEN\Heartz\data-science\dataset\clean\E\E_0129.wav
E_0130.wav,E,1.0,16000,0.061968,0.453949,D:\STUPEN\Heartz\data-science\dataset\clean\E\E_0130.wav
E_0131.wav,E,1.0,16000,0.066933,0.405762,D:\STUPEN\Heartz\data-science\dataset\clean\E\E_0131.wav
E_0132.wav,E,1.0,16000,0.066933,0.37085,D:\STUPEN\Heartz\data-science\dataset\clean\E\E_0132.wav
E_0133.wav,E,1.0,16000,0.064498,0.368958,D:\STUPEN\Heartz\data-science\dataset\clean\E\E_0133.wav
E_0134.wav,E,1.0,16000,0.064498,0.356995,D:\STUPEN\Heartz\data-science\dataset\clean\E\E_0134.wav
E_0135.wav,E,1.0,16000,0.061968,0.343842,D:\STUPEN\Heartz\data-science\dataset\clean\E\E_0135.wav
E_0136.wav,E,1.0,16000,0.061968,0.376526,D:\STUPEN\Heartz\data-science\dataset\clean\E\E_0136.wav
E_0137.wav,E,1.0,16000,0.064498,0.373596,D:\STUPEN\Heartz\data-science\dataset\clean\E\E_0137.wav
E_0138.wav,E,1.0,16000,0.066933,0.377716,D:\STUPEN\Heartz\data-science\dataset\clean\E\E_0138.wav
E_0139.wav,E,1.0,16000,0.071554,0.384521,D:\STUPEN\Heartz\data-science\dataset\clean\E\E_0139.wav
E_0140.wav,E,1.0,16000,0.071554,0.351349,D:\STUPEN\Heartz\data-science\dataset\clean\E\E_0140.wav
E_0141.wav,E,1.0,16000,0.069282,0.396912,D:\STUPEN\Heartz\data-science\dataset\clean\E\E_0141.wav
E_0142.wav,E,1.0,16000,0.073756,0.377258,D:\STUPEN\Heartz\data-science\dataset\clean\E\E_0142.wav
E_0143.wav,E,1.0,16000,0.066933,0.459686,D:\STUPEN\Heartz\data-science\dataset\clean\E\E_0143.wav
E_0144.wav,E,1.0,16000,0.061968,0.335846,D:\STUPEN\Heartz\data-science\dataset\clean\E\E_0144.wav
E_0145.wav,E,1.0,16000,0.066933,0.361877,D:\STUPEN\Heartz\data-science\dataset\clean\E\E_0145.wav
E_0146.wav,E,1.0,16000,0.064498,0.368744,D:\STUPEN\Heartz\data-science\dataset\clean\E\E_0146.wav
E_0147.wav,E,1.0,16000,0.064498,0.343384,D:\STUPEN\Heartz\data-science\dataset\clean\E\E_0147.wav
E_0148.wav,E,1.0,16000,0.066933,0.390015,D:\STUPEN\Heartz\data-science\dataset\clean\E\E_0148.wav
E_0149.wav,E,1.0,16000,0.066933,0.377045,D:\STUPEN\Heartz\data-science\dataset\clean\E\E_0149.wav
E_0150.wav,E,1.0,16000,0.064498,0.368073,D:\STUPEN\Heartz\data-science\dataset\clean\E\E_0150.wav
E_0151.wav,E,1.0,16000,0.066933,0.375458,D:\STUPEN\Heartz\data-science\dataset\clean\E\E_0151.wav
E_0152.wav,E,1.0,16000,0.069282,0.380524,D:\STUPEN\Heartz\data-science\dataset\clean\E\E_0152.wav
E_0153.wav,E,1.0,16000,0.069282,0.428711,D:\STUPEN\Heartz\data-science\dataset\clean\E\E_0153.wav
E_0154.wav,E,1.0,16000,0.066933,0.422546,D:\STUPEN\Heartz\data-science\dataset\clean\E\E_0154.wav
E_0155.wav,E,1.0,16000,0.071554,0.450012,D:\STUPEN\Heartz\data-science\dataset\clean\E\E_0155.wav
E_0156.wav,E,1.0,16000,0.064498,0.359924,D:\STUPEN\Heartz\data-science\dataset\clean\E\E_0156.wav
E_0157.wav,E,1.0,16000,0.064498,0.392029,D:\STUPEN\Heartz\data-science\dataset\clean\E\E_0157.wav
E_0158.wav,E,1.0,16000,0.066933,0.493103,D:\STUPEN\Heartz\data-science\dataset\clean\E\E_0158.wav
E_0159.wav,E,1.0,16000,0.066933,0.346466,D:\STUPEN\Heartz\data-science\dataset\clean\E\E_0159.wav
E_0160.wav,E,1.0,16000,0.064498,0.414246,D:\STUPEN\Heartz\data-science\dataset\clean\E\E_0160.wav
E_0161.wav,E,1.0,16000,0.064498,0.636383,D:\STUPEN\Heartz\data-science\dataset\clean\E\E_0161.wav
E_0162.wav,E,1.0,16000,0.064498,0.580597,D:\STUPEN\Heartz\data-science\dataset\clean\E\E_0162.wav
E_0163.wav,E,1.0,16000,0.064498,0.56897,D:\STUPEN\Heartz\data-science\dataset\clean\E\E_0163.wav
E_0164.wav,E,1.0,16000,0.061968,0.417511,D:\STUPEN\Heartz\data-science\dataset\clean\E\E_0164.wav
E_0165.wav,E,1.0,16000,0.064498,0.454437,D:\STUPEN\Heartz\data-science\dataset\clean\E\E_0165.wav
E_0166.wav,E,1.0,16000,0.061968,0.338654,D:\STUPEN\Heartz\data-science\dataset\clean\E\E_0166.wav
E_0167.wav,E,1.0,16000,0.061968,0.364075,D:\STUPEN\Heartz\data-science\dataset\clean\E\E_0167.wav
E_0168.wav,E,1.0,16000,0.061968,0.382111,D:\STUPEN\Heartz\data-science\dataset\clean\E\E_0168.wav
E_0169.wav,E,1.0,16000,0.061968,0.346375,D:\STUPEN\Heartz\data-science\dataset\clean\E\E_0169.wav
E_0170.wav,E,1.0,16000,0.064498,0.341003,D:\STUPEN\Heartz\data-science\dataset\clean\E\E_0170.wav
E_0171.wav,E,1.0,16000,0.066933,0.387054,D:\STUPEN\Heartz\data-science\dataset\clean\E\E_0171.wav
E_0172.wav,E,1.0,16000,0.066933,0.399048,D:\STUPEN\Heartz\data-science\dataset\clean\E\E_0172.wav
E_0173.wav,E,1.0,16000,0.064498,0.389893,D:\STUPEN\Heartz\data-science\dataset\clean\E\E_0173.wav
E_0174.wav,E,1.0,16000,0.061968,0.450104,D:\STUPEN\Heartz\data-science\dataset\clean\E\E_0174.wav
E_0175.wav,E,1.0,16000,0.061968,0.363922,D:\STUPEN\Heartz\data-science\dataset\clean\E\E_0175.wav
E_0176.wav,E,1.0,16000,0.064498,0.524323,D:\STUPEN\Heartz\data-science\dataset\clean\E\E_0176.wav
E_0177.wav,E,1.0,16000,0.061968,0.390442,D:\STUPEN\Heartz\data-science\dataset\clean\E\E_0177.wav
E_0178.wav,E,1.0,16000,0.064498,0.43161,D:\STUPEN\Heartz\data-science\dataset\clean\E\E_0178.wav
E_0179.wav,E,1.0,16000,0.064498,0.37674,D:\STUPEN\Heartz\data-science\dataset\clean\E\E_0179.wav
E_0180.wav,E,1.0,16000,0.069282,0.388702,D:\STUPEN\Heartz\data-science\dataset\clean\E\E_0180.wav
E_0181.wav,E,1.0,16000,0.069282,0.431915,D:\STUPEN\Heartz\data-science\dataset\clean\E\E_0181.wav
E_0182.wav,E,1.0,16000,0.061968,0.384674,D:\STUPEN\Heartz\data-science\dataset\clean\E\E_0182.wav
E_0183.wav,E,1.0,16000,0.061968,0.327972,D:\STUPEN\Heartz\data-science\dataset\clean\E\E_0183.wav
E_0184.wav,E,1.0,16000,0.064498,0.385651,D:\STUPEN\Heartz\data-science\dataset\clean\E\E_0184.wav
E_0185.wav,E,1.0,16000,0.064498,0.354645,D:\STUPEN\Heartz\data-science\dataset\clean\E\E_0185.wav
E_0186.wav,E,1.0,16000,0.061968,0.381714,D:\STUPEN\Heartz\data-science\dataset\clean\E\E_0186.wav
E_0187.wav,E,1.0,16000,0.064498,0.40155,D:\STUPEN\Heartz\data-science\dataset\clean\E\E_0187.wav
E_0188.wav,E,1.0,16000,0.061968,0.361237,D:\STUPEN\Heartz\data-science\dataset\clean\E\E_0188.wav
E_0189.wav,E,1.0,16000,0.061968,0.328217,D:\STUPEN\Heartz\data-science\dataset\clean\E\E_0189.wav
E_0190.wav,E,1.0,16000,0.064498,0.390411,D:\STUPEN\Heartz\data-science\dataset\clean\E\E_0190.wav
E_0191.wav,E,1.0,16000,0.064498,0.376923,D:\STUPEN\Heartz\data-science\dataset\clean\E\E_0191.wav
E_0192.wav,E,1.0,16000,0.061968,0.353302,D:\STUPEN\Heartz\data-science\dataset\clean\E\E_0192.wav
E_0193.wav,E,1.0,16000,0.061968,0.353973,D:\STUPEN\Heartz\data-science\dataset\clean\E\E_0193.wav
E_0194.wav,E,1.0,16000,0.061968,0.400818,D:\STUPEN\Heartz\data-science\dataset\clean\E\E_0194.wav
E_0195.wav,E,1.0,16000,0.064498,0.416565,D:\STUPEN\Heartz\data-science\dataset\clean\E\E_0195.wav
E_0196.wav,E,1.0,16000,0.064498,0.429779,D:\STUPEN\Heartz\data-science\dataset\clean\E\E_0196.wav
E_0197.wav,E,1.0,16000,0.061968,0.448425,D:\STUPEN\Heartz\data-science\dataset\clean\E\E_0197.wav
E_0198.wav,E,1.0,16000,0.061968,0.452972,D:\STUPEN\Heartz\data-science\dataset\clean\E\E_0198.wav
E_0199.wav,E,1.0,16000,0.064498,0.481689,D:\STUPEN\Heartz\data-science\dataset\clean\E\E_0199.wav
E_0200.wav,E,1.0,16000,0.061968,0.462036,D:\STUPEN\Heartz\data-science\dataset\clean\E\E_0200.wav
E_0201.wav,E,1.0,16000,0.064498,0.476318,D:\STUPEN\Heartz\data-science\dataset\clean\E\E_0201.wav
E_0202.wav,E,1.0,16000,0.064498,0.387146,D:\STUPEN\Heartz\data-science\dataset\clean\E\E_0202.wav
E_0203.wav,E,1.0,16000,0.061968,0.410156,D:\STUPEN\Heartz\data-science\dataset\clean\E\E_0203.wav
E_0204.wav,E,1.0,16000,0.061968,0.432068,D:\STUPEN\Heartz\data-science\dataset\clean\E\E_0204.wav
E_0205.wav,E,1.0,16000,0.071554,0.443176,D:\STUPEN\Heartz\data-science\dataset\clean\E\E_0205.wav
E_0206.wav,E,1.0,16000,0.061968,0.358734,D:\STUPEN\Heartz\data-science\dataset\clean\E\E_0206.wav
E_0207.wav,E,1.0,16000,0.064498,0.423706,D:\STUPEN\Heartz\data-science\dataset\clean\E\E_0207.wav
E_0208.wav,E,1.0,16000,0.066933,0.403442,D:\STUPEN\Heartz\data-science\dataset\clean\E\E_0208.wav
E_0209.wav,E,1.0,16000,0.071554,0.413239,D:\STUPEN\Heartz\data-science\dataset\clean\E\E_0209.wav
E_0210.wav,E,1.0,16000,0.061968,0.453949,D:\STUPEN\Heartz\data-science\dataset\clean\E\E_0210.wav
E_0211.wav,E,1.0,16000,0.066933,0.405762,D:\STUPEN\Heartz\data-science\dataset\clean\E\E_0211.wav
E_0212.wav,E,1.0,16000,0.066933,0.37085,D:\STUPEN\Heartz\data-science\dataset\clean\E\E_0212.wav
E_0213.wav,E,1.0,16000,0.064498,0.368958,D:\STUPEN\Heartz\data-science\dataset\clean\E\E_0213.wav
E_0214.wav,E,1.0,16000,0.064498,0.356995,D:\STUPEN\Heartz\data-science\dataset\clean\E\E_0214.wav
E_0215.wav,E,1.0,16000,0.061968,0.343842,D:\STUPEN\Heartz\data-science\dataset\clean\E\E_0215.wav
E_0216.wav,E,1.0,16000,0.061968,0.376526,D:\STUPEN\Heartz\data-science\dataset\clean\E\E_0216.wav
E_0217.wav,E,1.0,16000,0.064498,0.373596,D:\STUPEN\Heartz\data-science\dataset\clean\E\E_0217.wav
E_0218.wav,E,1.0,16000,0.066933,0.377716,D:\STUPEN\Heartz\data-science\dataset\clean\E\E_0218.wav
E_0219.wav,E,1.0,16000,0.071554,0.384521,D:\STUPEN\Heartz\data-science\dataset\clean\E\E_0219.wav
E_0220.wav,E,1.0,16000,0.071554,0.351349,D:\STUPEN\Heartz\data-science\dataset\clean\E\E_0220.wav
E_0221.wav,E,1.0,16000,0.069282,0.396912,D:\STUPEN\Heartz\data-science\dataset\clean\E\E_0221.wav
E_0222.wav,E,1.0,16000,0.073756,0.377258,D:\STUPEN\Heartz\data-science\dataset\clean\E\E_0222.wav
E_0223.wav,E,1.0,16000,0.066933,0.459686,D:\STUPEN\Heartz\data-science\dataset\clean\E\E_0223.wav
E_0224.wav,E,1.0,16000,0.061968,0.335846,D:\STUPEN\Heartz\data-science\dataset\clean\E\E_0224.wav
E_0225.wav,E,1.0,16000,0.066933,0.361877,D:\STUPEN\Heartz\data-science\dataset\clean\E\E_0225.wav
E_0226.wav,E,1.0,16000,0.064498,0.368744,D:\STUPEN\Heartz\data-science\dataset\clean\E\E_0226.wav
E_0227.wav,E,1.0,16000,0.064498,0.343384,D:\STUPEN\Heartz\data-science\dataset\clean\E\E_0227.wav
E_0228.wav,E,1.0,16000,0.066933,0.390015,D:\STUPEN\Heartz\data-science\dataset\clean\E\E_0228.wav
E_0229.wav,E,1.0,16000,0.066933,0.377045,D:\STUPEN\Heartz\data-science\dataset\clean\E\E_0229.wav
E_0230.wav,E,1.0,16000,0.064498,0.368073,D:\STUPEN\Heartz\data-science\dataset\clean\E\E_0230.wav
E_0231.wav,E,1.0,16000,0.066933,0.375458,D:\STUPEN\Heartz\data-science\dataset\clean\E\E_0231.wav
E_0232.wav,E,1.0,16000,0.069282,0.380524,D:\STUPEN\Heartz\data-science\dataset\clean\E\E_0232.wav
E_0233.wav,E,1.0,16000,0.069282,0.428711,D:\STUPEN\Heartz\data-science\dataset\clean\E\E_0233.wav
E_0234.wav,E,1.0,16000,0.066933,0.422546,D:\STUPEN\Heartz\data-science\dataset\clean\E\E_0234.wav
E_0235.wav,E,1.0,16000,0.071554,0.450012,D:\STUPEN\Heartz\data-science\dataset\clean\E\E_0235.wav
E_0236.wav,E,1.0,16000,0.064498,0.359924,D:\STUPEN\Heartz\data-science\dataset\clean\E\E_0236.wav
E_0237.wav,E,1.0,16000,0.064498,0.392029,D:\STUPEN\Heartz\data-science\dataset\clean\E\E_0237.wav
E_0238.wav,E,1.0,16000,0.066933,0.493103,D:\STUPEN\Heartz\data-science\dataset\clean\E\E_0238.wav
E_0239.wav,E,1.0,16000,0.066933,0.346466,D:\STUPEN\Heartz\data-science\dataset\clean\E\E_0239.wav
E_0240.wav,E,1.0,16000,0.064498,0.414246,D:\STUPEN\Heartz\data-science\dataset\clean\E\E_0240.wav
E_0241.wav,E,1.0,16000,0.064498,0.636383,D:\STUPEN\Heartz\data-science\dataset\clean\E\E_0241.wav
E_0242.wav,E,1.0,16000,0.064498,0.580597,D:\STUPEN\Heartz\data-science\dataset\clean\E\E_0242.wav
E_0243.wav,E,1.0,16000,0.064498,0.56897,D:\STUPEN\Heartz\data-science\dataset\clean\E\E_0243.wav
E_0244.wav,E,1.0,16000,0.061968,0.417511,D:\STUPEN\Heartz\data-science\dataset\clean\E\E_0244.wav
E_0245.wav,E,1.0,16000,0.064498,0.454437,D:\STUPEN\Heartz\data-science\dataset\clean\E\E_0245.wav
E_0246.wav,E,1.0,16000,0.061968,0.338654,D:\STUPEN\Heartz\data-science\dataset\clean\E\E_0246.wav
E_0247.wav,E,1.0,16000,0.061968,0.364075,D:\STUPEN\Heartz\data-science\dataset\clean\E\E_0247.wav
E_0248.wav,E,1.0,16000,0.061968,0.382111,D:\STUPEN\Heartz\data-science\dataset\clean\E\E_0248.wav
E_0249.wav,E,1.0,16000,0.061968,0.346375,D:\STUPEN\Heartz\data-science\dataset\clean\E\E_0249.wav
E_0250.wav,E,1.0,16000,0.064498,0.341003,D:\STUPEN\Heartz\data-science\dataset\clean\E\E_0250.wav
E_0251.wav,E,1.0,16000,0.066933,0.387054,D:\STUPEN\Heartz\data-science\dataset\clean\E\E_0251.wav
E_0252.wav,E,1.0,16000,0.066933,0.399048,D:\STUPEN\Heartz\data-science\dataset\clean\E\E_0252.wav
E_0253.wav,E,1.0,16000,0.064498,0.389893,D:\STUPEN\Heartz\data-science\dataset\clean\E\E_0253.wav
E_0254.wav,E,1.0,16000,0.061968,0.450104,D:\STUPEN\Heartz\data-science\dataset\clean\E\E_0254.wav
E_0255.wav,E,1.0,16000,0.061968,0.363922,D:\STUPEN\Heartz\data-science\dataset\clean\E\E_0255.wav
E_0256.wav,E,1.0,16000,0.064498,0.524323,D:\STUPEN\Heartz\data-science\dataset\clean\E\E_0256.wav
E_0257.wav,E,1.0,16000,0.061968,0.390442,D:\STUPEN\Heartz\data-science\dataset\clean\E\E_0257.wav
E_0258.wav,E,1.0,16000,0.064498,0.43161,D:\STUPEN\Heartz\data-science\dataset\clean\E\E_0258.wav
E_0259.wav,E,1.0,16000,0.064498,0.37674,D:\STUPEN\Heartz\data-science\dataset\clean\E\E_0259.wav
E_0260.wav,E,1.0,16000,0.069282,0.388702,D:\STUPEN\Heartz\data-science\dataset\clean\E\E_0260.wav
E_0261.wav,E,1.0,16000,0.069282,0.431915,D:\STUPEN\Heartz\data-science\dataset\clean\E\E_0261.wav
E_0262.wav,E,1.0,16000,0.061968,0.384674,D:\STUPEN\Heartz\data-science\dataset\clean\E\E_0262.wav
E_0263.wav,E,1.0,16000,0.061968,0.327972,D:\STUPEN\Heartz\data-science\dataset\clean\E\E_0263.wav
E_0264.wav,E,1.0,16000,0.064498,0.385651,D:\STUPEN\Heartz\data-science\dataset\clean\E\E_0264.wav
E_0265.wav,E,1.0,16000,0.064498,0.354645,D:\STUPEN\Heartz\data-science\dataset\clean\E\E_0265.wav
E_0266.wav,E,1.0,16000,0.061968,0.381714,D:\STUPEN\Heartz\data-science\dataset\clean\E\E_0266.wav
E_0267.wav,E,1.0,16000,0.064498,0.40155,D:\STUPEN\Heartz\data-science\dataset\clean\E\E_0267.wav
E_0268.wav,E,1.0,16000,0.061968,0.361237,D:\STUPEN\Heartz\data-science\dataset\clean\E\E_0268.wav
E_0269.wav,E,1.0,16000,0.061968,0.328217,D:\STUPEN\Heartz\data-science\dataset\clean\E\E_0269.wav
E_0270.wav,E,1.0,16000,0.064498,0.390411,D:\STUPEN\Heartz\data-science\dataset\clean\E\E_0270.wav
E_0271.wav,E,1.0,16000,0.064498,0.376923,D:\STUPEN\Heartz\data-science\dataset\clean\E\E_0271.wav
E_0272.wav,E,1.0,16000,0.061968,0.353302,D:\STUPEN\Heartz\data-science\dataset\clean\E\E_0272.wav
E_0273.wav,E,1.0,16000,0.061968,0.353973,D:\STUPEN\Heartz\data-science\dataset\clean\E\E_0273.wav
E_0274.wav,E,1.0,16000,0.061968,0.400818,D:\STUPEN\Heartz\data-science\dataset\clean\E\E_0274.wav
E_0275.wav,E,1.0,16000,0.064498,0.416565,D:\STUPEN\Heartz\data-science\dataset\clean\E\E_0275.wav
E_0276.wav,E,1.0,16000,0.064498,0.429779,D:\STUPEN\Heartz\data-science\dataset\clean\E\E_0276.wav
E_0277.wav,E,1.0,16000,0.061968,0.448425,D:\STUPEN\Heartz\data-science\dataset\clean\E\E_0277.wav
E_0278.wav,E,1.0,16000,0.061968,0.452972,D:\STUPEN\Heartz\data-science\dataset\clean\E\E_0278.wav
E_0279.wav,E,1.0,16000,0.064498,0.481689,D:\STUPEN\Heartz\data-science\dataset\clean\E\E_0279.wav
E_0280.wav,E,1.0,16000,0.061968,0.462036,D:\STUPEN\Heartz\data-science\dataset\clean\E\E_0280.wav
E_0281.wav,E,1.0,16000,0.064498,0.476318,D:\STUPEN\Heartz\data-science\dataset\clean\E\E_0281.wav
E_0282.wav,E,1.0,16000,0.064498,0.387146,D:\STUPEN\Heartz\data-science\dataset\clean\E\E_0282.wav
E_0283.wav,E,1.0,16000,0.061968,0.410156,D:\STUPEN\Heartz\data-science\dataset\clean\E\E_0283.wav
E_0284.wav,E,1.0,16000,0.061968,0.432068,D:\STUPEN\Heartz\data-science\dataset\clean\E\E_0284.wav
E_0285.wav,E,1.0,16000,0.071554,0.443176,D:\STUPEN\Heartz\data-science\dataset\clean\E\E_0285.wav
E_0286.wav,E,1.0,16000,0.061968,0.358734,D:\STUPEN\Heartz\data-science\dataset\clean\E\E_0286.wav
E_0287.wav,E,1.0,16000,0.064498,0.423706,D:\STUPEN\Heartz\data-science\dataset\clean\E\E_0287.wav
E_0288.wav,E,1.0,16000,0.066933,0.403442,D:\STUPEN\Heartz\data-science\dataset\clean\E\E_0288.wav
E_0289.wav,E,1.0,16000,0.071554,0.413239,D:\STUPEN\Heartz\data-science\dataset\clean\E\E_0289.wav
E_0290.wav,E,1.0,16000,0.061968,0.453949,D:\STUPEN\Heartz\data-science\dataset\clean\E\E_0290.wav
E_0291.wav,E,1.0,16000,0.066933,0.405762,D:\STUPEN\Heartz\data-science\dataset\clean\E\E_0291.wav
E_0292.wav,E,1.0,16000,0.066933,0.37085,D:\STUPEN\Heartz\data-science\dataset\clean\E\E_0292.wav
E_0293.wav,E,1.0,16000,0.064498,0.368958,D:\STUPEN\Heartz\data-science\dataset\clean\E\E_0293.wav
E_0294.wav,E,1.0,16000,0.064498,0.356995,D:\STUPEN\Heartz\data-science\dataset\clean\E\E_0294.wav
E_0295.wav,E,1.0,16000,0.061968,0.343842,D:\STUPEN\Heartz\data-science\dataset\clean\E\E_0295.wav
E_0296.wav,E,1.0,16000,0.061968,0.376526,D:\STUPEN\Heartz\data-science\dataset\clean\E\E_0296.wav
E_0297.wav,E,1.0,16000,0.064498,0.373596,D:\STUPEN\Heartz\data-science\dataset\clean\E\E_0297.wav
E_0298.wav,E,1.0,16000,0.066933,0.377716,D:\STUPEN\Heartz\data-science\dataset\clean\E\E_0298.wav
E_0299.wav,E,1.0,16000,0.071554,0.384521,D:\STUPEN\Heartz\data-science\dataset\clean\E\E_0299.wav
E_0300.wav,E,1.0,16000,0.071554,0.351349,D:\STUPEN\Heartz\data-science\dataset\clean\E\E_0300.wav
E_0301.wav,E,1.0,16000,0.069282,0.396912,D:\STUPEN\Heartz\data-science\dataset\clean\E\E_0301.wav
E_0302.wav,E,1.0,16000,0.073756,0.377258,D:\STUPEN\Heartz\data-science\dataset\clean\E\E_0302.wav
E_0303.wav,E,1.0,16000,0.066933,0.459686,D:\STUPEN\Heartz\data-science\dataset\clean\E\E_0303.wav
E_0304.wav,E,1.0,16000,0.061968,0.335846,D:\STUPEN\Heartz\data-science\dataset\clean\E\E_0304.wav
E_0305.wav,E,1.0,16000,0.066933,0.361877,D:\STUPEN\Heartz\data-science\dataset\clean\E\E_0305.wav
E_0306.wav,E,1.0,16000,0.064498,0.368744,D:\STUPEN\Heartz\data-science\dataset\clean\E\E_0306.wav
E_0307.wav,E,1.0,16000,0.064498,0.343384,D:\STUPEN\Heartz\data-science\dataset\clean\E\E_0307.wav
E_0308.wav,E,1.0,16000,0.066933,0.390015,D:\STUPEN\Heartz\data-science\dataset\clean\E\E_0308.wav
E_0309.wav,E,1.0,16000,0.066933,0.377045,D:\STUPEN\Heartz\data-science\dataset\clean\E\E_0309.wav
E_0310.wav,E,1.0,16000,0.064498,0.368073,D:\STUPEN\Heartz\data-science\dataset\clean\E\E_0310.wav
E_0311.wav,E,1.0,16000,0.066933,0.375458,D:\STUPEN\Heartz\data-science\dataset\clean\E\E_0311.wav
E_0312.wav,E,1.0,16000,0.069282,0.380524,D:\STUPEN\Heartz\data-science\dataset\clean\E\E_0312.wav
E_0313.wav,E,1.0,16000,0.069282,0.428711,D:\STUPEN\Heartz\data-science\dataset\clean\E\E_0313.wav
E_0314.wav,E,1.0,16000,0.066933,0.422546,D:\STUPEN\Heartz\data-science\dataset\clean\E\E_0314.wav
E_0315.wav,E,1.0,16000,0.071554,0.450012,D:\STUPEN\Heartz\data-science\dataset\clean\E\E_0315.wav
E_0316.wav,E,1.0,16000,0.064498,0.359924,D:\STUPEN\Heartz\data-science\dataset\clean\E\E_0316.wav
E_0317.wav,E,1.0,16000,0.064498,0.392029,D:\STUPEN\Heartz\data-science\dataset\clean\E\E_0317.wav
E_0318.wav,E,1.0,16000,0.066933,0.493103,D:\STUPEN\Heartz\data-science\dataset\clean\E\E_0318.wav
E_0319.wav,E,1.0,16000,0.066933,0.346466,D:\STUPEN\Heartz\data-science\dataset\clean\E\E_0319.wav
E_0320.wav,E,1.0,16000,0.064498,0.414246,D:\STUPEN\Heartz\data-science\dataset\clean\E\E_0320.wav
I_0001.wav,I,1.0,16000,0.069282,0.297668,D:\STUPEN\Heartz\data-science\dataset\clean\I\I_0001.wav
I_0002.wav,I,1.0,16000,0.071554,0.284149,D:\STUPEN\Heartz\data-science\dataset\clean\I\I_0002.wav
I_0003.wav,I,1.0,16000,0.071554,0.286865,D:\STUPEN\Heartz\data-science\dataset\clean\I\I_0003.wav
I_0004.wav,I,1.0,16000,0.071554,0.298584,D:\STUPEN\Heartz\data-science\dataset\clean\I\I_0004.wav
I_0005.wav,I,1.0,16000,0.069282,0.275543,D:\STUPEN\Heartz\data-science\dataset\clean\I\I_0005.wav
I_0006.wav,I,1.0,16000,0.069282,0.291199,D:\STUPEN\Heartz\data-science\dataset\clean\I\I_0006.wav
I_0007.wav,I,1.0,16000,0.069282,0.274353,D:\STUPEN\Heartz\data-science\dataset\clean\I\I_0007.wav
I_0008.wav,I,1.0,16000,0.069282,0.270752,D:\STUPEN\Heartz\data-science\dataset\clean\I\I_0008.wav
I_0009.wav,I,1.0,16000,0.071554,0.284271,D:\STUPEN\Heartz\data-science\dataset\clean\I\I_0009.wav
I_0010.wav,I,1.0,16000,0.066933,0.286041,D:\STUPEN\Heartz\data-science\dataset\clean\I\I_0010.wav
I_0011.wav,I,1.0,16000,0.069282,0.307098,D:\STUPEN\Heartz\data-science\dataset\clean\I\I_0011.wav
I_0012.wav,I,1.0,16000,0.064498,0.2771,D:\STUPEN\Heartz\data-science\dataset\clean\I\I_0012.wav
I_0013.wav,I,1.0,16000,0.066933,0.292847,D:\STUPEN\Heartz\data-science\dataset\clean\I\I_0013.wav
I_0014.wav,I,1.0,16000,0.066933,0.302063,D:\STUPEN\Heartz\data-science\dataset\clean\I\I_0014.wav
I_0015.wav,I,1.0,16000,0.069282,0.303741,D:\STUPEN\Heartz\data-science\dataset\clean\I\I_0015.wav
I_0016.wav,I,1.0,16000,0.069282,0.281036,D:\STUPEN\Heartz\data-science\dataset\clean\I\I_0016.wav
I_0017.wav,I,1.0,16000,0.071554,0.328796,D:\STUPEN\Heartz\data-science\dataset\clean\I\I_0017.wav
I_0018.wav,I,1.0,16000,0.069282,0.286072,D:\STUPEN\Heartz\data-science\dataset\clean\I\I_0018.wav
I_0019.wav,I,1.0,16000,0.064498,0.26709,D:\STUPEN\Heartz\data-science\dataset\clean\I\I_0019.wav
I_0020.wav,I,1.0,16000,0.066933,0.288605,D:\STUPEN\Heartz\data-science\dataset\clean\I\I_0020.wav
I_0021.wav,I,1.0,16000,0.064498,0.266541,D:\STUPEN\Heartz\data-science\dataset\clean\I\I_0021.wav
I_0022.wav,I,1.0,16000,0.069282,0.300629,D:\STUPEN\Heartz\data-science\dataset\clean\I\I_0022.wav
I_0023.wav,I,1.0,16000,0.069282,0.2659,D:\STUPEN\Heartz\data-science\dataset\clean\I\I_0023.wav
I_0024.wav,I,1.0,16000,0.066933,0.261383,D:\STUPEN\Heartz\data-science\dataset\clean\I\I_0024.wav
I_0025.wav,I,1.0,16000,0.066933,0.24884,D:\STUPEN\Heartz\data-science\dataset\clean\I\I_0025.wav
I_0026.wav,I,1.0,16000,0.064498,0.263,D:\STUPEN\Heartz\data-science\dataset\clean\I\I_0026.wav
I_0027.wav,I,1.0,16000,0.069282,0.246582,D:\STUPEN\Heartz\data-science\dataset\clean\I\I_0027.wav
I_0028.wav,I,1.0,16000,0.069282,0.303558,D:\STUPEN\Heartz\data-science\dataset\clean\I\I_0028.wav
I_0029.wav,I,1.0,16000,0.064498,0.278625,D:\STUPEN\Heartz\data-science\dataset\clean\I\I_0029.wav
I_0030.wav,I,1.0,16000,0.071554,0.256897,D:\STUPEN\Heartz\data-science\dataset\clean\I\I_0030.wav
I_0031.wav,I,1.0,16000,0.069282,0.312836,D:\STUPEN\Heartz\data-science\dataset\clean\I\I_0031.wav
I_0032.wav,I,1.0,16000,0.066933,0.318268,D:\STUPEN\Heartz\data-science\dataset\clean\I\I_0032.wav
I_0033.wav,I,1.0,16000,0.066933,0.288635,D:\STUPEN\Heartz\data-science\dataset\clean\I\I_0033.wav
I_0034.wav,I,1.0,16000,0.066933,0.335968,D:\STUPEN\Heartz\data-science\dataset\clean\I\I_0034.wav
I_0035.wav,I,1.0,16000,0.066933,0.314056,D:\STUPEN\Heartz\data-science\dataset\clean\I\I_0035.wav
I_0036.wav,I,1.0,16000,0.066933,0.367523,D:\STUPEN\Heartz\data-science\dataset\clean\I\I_0036.wav
I_0037.wav,I,1.0,16000,0.066933,0.344482,D:\STUPEN\Heartz\data-science\dataset\clean\I\I_0037.wav
I_0038.wav,I,1.0,16000,0.066933,0.367798,D:\STUPEN\Heartz\data-science\dataset\clean\I\I_0038.wav
I_0039.wav,I,1.0,16000,0.069282,0.320129,D:\STUPEN\Heartz\data-science\dataset\clean\I\I_0039.wav
I_0040.wav,I,1.0,16000,0.066933,0.449524,D:\STUPEN\Heartz\data-science\dataset\clean\I\I_0040.wav
I_0041.wav,I,1.0,16000,0.069282,0.477631,D:\STUPEN\Heartz\data-science\dataset\clean\I\I_0041.wav
I_0042.wav,I,1.0,16000,0.071554,0.387299,D:\STUPEN\Heartz\data-science\dataset\clean\I\I_0042.wav
I_0043.wav,I,1.0,16000,0.069282,0.295807,D:\STUPEN\Heartz\data-science\dataset\clean\I\I_0043.wav
I_0044.wav,I,1.0,16000,0.069282,0.301422,D:\STUPEN\Heartz\data-science\dataset\clean\I\I_0044.wav
I_0045.wav,I,1.0,16000,0.064498,0.333588,D:\STUPEN\Heartz\data-science\dataset\clean\I\I_0045.wav
I_0046.wav,I,1.0,16000,0.066933,0.385345,D:\STUPEN\Heartz\data-science\dataset\clean\I\I_0046.wav
I_0047.wav,I,1.0,16000,0.066933,0.405701,D:\STUPEN\Heartz\data-science\dataset\clean\I\I_0047.wav
I_0048.wav,I,1.0,16000,0.069282,0.430695,D:\STUPEN\Heartz\data-science\dataset\clean\I\I_0048.wav
I_0049.wav,I,1.0,16000,0.069282,0.416718,D:\STUPEN\Heartz\data-science\dataset\clean\I\I_0049.wav
I_0050.wav,I,1.0,16000,0.066933,0.35495,D:\STUPEN\Heartz\data-science\dataset\clean\I\I_0050.wav
I_0051.wav,I,1.0,16000,0.071554,0.375397,D:\STUPEN\Heartz\data-science\dataset\clean\I\I_0051.wav
I_0052.wav,I,1.0,16000,0.069282,0.416077,D:\STUPEN\Heartz\data-science\dataset\clean\I\I_0052.wav
I_0053.wav,I,1.0,16000,0.066933,0.35907,D:\STUPEN\Heartz\data-science\dataset\clean\I\I_0053.wav
I_0054.wav,I,1.0,16000,0.069282,0.434967,D:\STUPEN\Heartz\data-science\dataset\clean\I\I_0054.wav
I_0055.wav,I,1.0,16000,0.069282,0.371582,D:\STUPEN\Heartz\data-science\dataset\clean\I\I_0055.wav
I_0056.wav,I,1.0,16000,0.066933,0.402374,D:\STUPEN\Heartz\data-science\dataset\clean\I\I_0056.wav
I_0057.wav,I,1.0,16000,0.061968,0.27951,D:\STUPEN\Heartz\data-science\dataset\clean\I\I_0057.wav
I_0058.wav,I,1.0,16000,0.066933,0.299103,D:\STUPEN\Heartz\data-science\dataset\clean\I\I_0058.wav
I_0059.wav,I,1.0,16000,0.069282,0.276947,D:\STUPEN\Heartz\data-science\dataset\clean\I\I_0059.wav
I_0060.wav,I,1.0,16000,0.066933,0.243347,D:\STUPEN\Heartz\data-science\dataset\clean\I\I_0060.wav
I_0061.wav,I,1.0,16000,0.069282,0.271271,D:\STUPEN\Heartz\data-science\dataset\clean\I\I_0061.wav
I_0062.wav,I,1.0,16000,0.069282,0.29007,D:\STUPEN\Heartz\data-science\dataset\clean\I\I_0062.wav
I_0063.wav,I,1.0,16000,0.071554,0.279388,D:\STUPEN\Heartz\data-science\dataset\clean\I\I_0063.wav
I_0064.wav,I,1.0,16000,0.069282,0.270142,D:\STUPEN\Heartz\data-science\dataset\clean\I\I_0064.wav
I_0065.wav,I,1.0,16000,0.071554,0.2677,D:\STUPEN\Heartz\data-science\dataset\clean\I\I_0065.wav
I_0066.wav,I,1.0,16000,0.069282,0.2948,D:\STUPEN\Heartz\data-science\dataset\clean\I\I_0066.wav
I_0067.wav,I,1.0,16000,0.069282,0.299469,D:\STUPEN\Heartz\data-science\dataset\clean\I\I_0067.wav
I_0068.wav,I,1.0,16000,0.071554,0.296387,D:\STUPEN\Heartz\data-science\dataset\clean\I\I_0068.wav
I_0069.wav,I,1.0,16000,0.069282,0.270477,D:\STUPEN\Heartz\data-science\dataset\clean\I\I_0069.wav
I_0070.wav,I,1.0,16000,0.069282,0.310486,D:\STUPEN\Heartz\data-science\dataset\clean\I\I_0070.wav
I_0071.wav,I,1.0,16000,0.066933,0.270599,D:\STUPEN\Heartz\data-science\dataset\clean\I\I_0071.wav
I_0072.wav,I,1.0,16000,0.066933,0.278107,D:\STUPEN\Heartz\data-science\dataset\clean\I\I_0072.wav
I_0073.wav,I,1.0,16000,0.066933,0.331696,D:\STUPEN\Heartz\data-science\dataset\clean\I\I_0073.wav
I_0074.wav,I,1.0,16000,0.064498,0.266724,D:\STUPEN\Heartz\data-science\dataset\clean\I\I_0074.wav
I_0075.wav,I,1.0,16000,0.066933,0.266998,D:\STUPEN\Heartz\data-science\dataset\clean\I\I_0075.wav
I_0076.wav,I,1.0,16000,0.064498,0.283264,D:\STUPEN\Heartz\data-science\dataset\clean\I\I_0076.wav
I_0077.wav,I,1.0,16000,0.066933,0.273254,D:\STUPEN\Heartz\data-science\dataset\clean\I\I_0077.wav
I_0078.wav,I,1.0,16000,0.066933,0.283264,D:\STUPEN\Heartz\data-science\dataset\clean\I\I_0078.wav
I_0079.wav,I,1.0,16000,0.061968,0.26532,D:\STUPEN\Heartz\data-science\dataset\clean\I\I_0079.wav
I_0080.wav,I,1.0,16000,0.061968,0.299957,D:\STUPEN\Heartz\data-science\dataset\clean\I\I_0080.wav
I_0081.wav,I,1.0,16000,0.064498,0.285156,D:\STUPEN\Heartz\data-science\dataset\clean\I\I_0081.wav
I_0082.wav,I,1.0,16000,0.066933,0.262207,D:\STUPEN\Heartz\data-science\dataset\clean\I\I_0082.wav
I_0083.wav,I,1.0,16000,0.066933,0.272522,D:\STUPEN\Heartz\data-science\dataset\clean\I\I_0083.wav
I_0084.wav,I,1.0,16000,0.066933,0.282959,D:\STUPEN\Heartz\data-science\dataset\clean\I\I_0084.wav
I_0085.wav,I,1.0,16000,0.066933,0.303589,D:\STUPEN\Heartz\data-science\dataset\clean\I\I_0085.wav
I_0086.wav,I,1.0,16000,0.066933,0.291107,D:\STUPEN\Heartz\data-science\dataset\clean\I\I_0086.wav
I_0087.wav,I,1.0,16000,0.066933,0.265625,D:\STUPEN\Heartz\data-science\dataset\clean\I\I_0087.wav
I_0088.wav,I,1.0,16000,0.066933,0.284546,D:\STUPEN\Heartz\data-science\dataset\clean\I\I_0088.wav
I_0089.wav,I,1.0,16000,0.066933,0.306702,D:\STUPEN\Heartz\data-science\dataset\clean\I\I_0089.wav
I_0090.wav,I,1.0,16000,0.069282,0.275055,D:\STUPEN\Heartz\data-science\dataset\clean\I\I_0090.wav
I_0091.wav,I,1.0,16000,0.066933,0.279877,D:\STUPEN\Heartz\data-science\dataset\clean\I\I_0091.wav
I_0092.wav,I,1.0,16000,0.064498,0.261749,D:\STUPEN\Heartz\data-science\dataset\clean\I\I_0092.wav
I_0093.wav,I,1.0,16000,0.066933,0.241547,D:\STUPEN\Heartz\data-science\dataset\clean\I\I_0093.wav
I_0094.wav,I,1.0,16000,0.064498,0.266602,D:\STUPEN\Heartz\data-science\dataset\clean\I\I_0094.wav
I_0095.wav,I,1.0,16000,0.066933,0.247223,D:\STUPEN\Heartz\data-science\dataset\clean\I\I_0095.wav
I_0096.wav,I,1.0,16000,0.064498,0.290131,D:\STUPEN\Heartz\data-science\dataset\clean\I\I_0096.wav
I_0097.wav,I,1.0,16000,0.066933,0.297241,D:\STUPEN\Heartz\data-science\dataset\clean\I\I_0097.wav
I_0098.wav,I,1.0,16000,0.064498,0.326447,D:\STUPEN\Heartz\data-science\dataset\clean\I\I_0098.wav
I_0099.wav,I,1.0,16000,0.066933,0.324432,D:\STUPEN\Heartz\data-science\dataset\clean\I\I_0099.wav
I_0100.wav,I,1.0,16000,0.066933,0.292236,D:\STUPEN\Heartz\data-science\dataset\clean\I\I_0100.wav
I_0101.wav,I,1.0,16000,0.073756,0.311737,D:\STUPEN\Heartz\data-science\dataset\clean\I\I_0101.wav
I_0102.wav,I,1.0,16000,0.075895,0.258301,D:\STUPEN\Heartz\data-science\dataset\clean\I\I_0102.wav
I_0103.wav,I,1.0,16000,0.073756,0.29068,D:\STUPEN\Heartz\data-science\dataset\clean\I\I_0103.wav
I_0104.wav,I,1.0,16000,0.071554,0.336578,D:\STUPEN\Heartz\data-science\dataset\clean\I\I_0104.wav
I_0105.wav,I,1.0,16000,0.069282,0.317169,D:\STUPEN\Heartz\data-science\dataset\clean\I\I_0105.wav
I_0106.wav,I,1.0,16000,0.064498,0.319489,D:\STUPEN\Heartz\data-science\dataset\clean\I\I_0106.wav
I_0107.wav,I,1.0,16000,0.066933,0.296783,D:\STUPEN\Heartz\data-science\dataset\clean\I\I_0107.wav
I_0108.wav,I,1.0,16000,0.069282,0.303833,D:\STUPEN\Heartz\data-science\dataset\clean\I\I_0108.wav
I_0109.wav,I,1.0,16000,0.071554,0.32959,D:\STUPEN\Heartz\data-science\dataset\clean\I\I_0109.wav
I_0110.wav,I,1.0,16000,0.066933,0.301178,D:\STUPEN\Heartz\data-science\dataset\clean\I\I_0110.wav
I_0111.wav,I,1.0,16000,0.064498,0.286163,D:\STUPEN\Heartz\data-science\dataset\clean\I\I_0111.wav
I_0112.wav,I,1.0,16000,0.061968,0.465637,D:\STUPEN\Heartz\data-science\dataset\clean\I\I_0112.wav
I_0113.wav,I,1.0,16000,0.064498,0.418121,D:\STUPEN\Heartz\data-science\dataset\clean\I\I_0113.wav
I_0114.wav,I,1.0,16000,0.064498,0.348969,D:\STUPEN\Heartz\data-science\dataset\clean\I\I_0114.wav
I_0115.wav,I,1.0,16000,0.073756,0.339142,D:\STUPEN\Heartz\data-science\dataset\clean\I\I_0115.wav
I_0116.wav,I,1.0,16000,0.077974,0.36087,D:\STUPEN\Heartz\data-science\dataset\clean\I\I_0116.wav
I_0117.wav,I,1.0,16000,0.073756,0.331665,D:\STUPEN\Heartz\data-science\dataset\clean\I\I_0117.wav
I_0118.wav,I,1.0,16000,0.069282,0.319366,D:\STUPEN\Heartz\data-science\dataset\clean\I\I_0118.wav
I_0119.wav,I,1.0,16000,0.066933,0.395081,D:\STUPEN\Heartz\data-science\dataset\clean\I\I_0119.wav
I_0120.wav,I,1.0,16000,0.064498,0.419067,D:\STUPEN\Heartz\data-science\dataset\clean\I\I_0120.wav
I_0121.wav,I,1.0,16000,0.069282,0.387909,D:\STUPEN\Heartz\data-science\dataset\clean\I\I_0121.wav
I_0122.wav,I,1.0,16000,0.066933,0.359039,D:\STUPEN\Heartz\data-science\dataset\clean\I\I_0122.wav
I_0123.wav,I,1.0,16000,0.064498,0.371918,D:\STUPEN\Heartz\data-science\dataset\clean\I\I_0123.wav
I_0124.wav,I,1.0,16000,0.064498,0.360504,D:\STUPEN\Heartz\data-science\dataset\clean\I\I_0124.wav
I_0125.wav,I,1.0,16000,0.064498,0.34787,D:\STUPEN\Heartz\data-science\dataset\clean\I\I_0125.wav
I_0126.wav,I,1.0,16000,0.069282,0.297668,D:\STUPEN\Heartz\data-science\dataset\clean\I\I_0126.wav
I_0127.wav,I,1.0,16000,0.071554,0.284149,D:\STUPEN\Heartz\data-science\dataset\clean\I\I_0127.wav
I_0128.wav,I,1.0,16000,0.071554,0.286865,D:\STUPEN\Heartz\data-science\dataset\clean\I\I_0128.wav
I_0129.wav,I,1.0,16000,0.071554,0.298584,D:\STUPEN\Heartz\data-science\dataset\clean\I\I_0129.wav
I_0130.wav,I,1.0,16000,0.069282,0.275543,D:\STUPEN\Heartz\data-science\dataset\clean\I\I_0130.wav
I_0131.wav,I,1.0,16000,0.069282,0.291199,D:\STUPEN\Heartz\data-science\dataset\clean\I\I_0131.wav
I_0132.wav,I,1.0,16000,0.069282,0.274353,D:\STUPEN\Heartz\data-science\dataset\clean\I\I_0132.wav
I_0133.wav,I,1.0,16000,0.069282,0.270752,D:\STUPEN\Heartz\data-science\dataset\clean\I\I_0133.wav
I_0134.wav,I,1.0,16000,0.071554,0.284271,D:\STUPEN\Heartz\data-science\dataset\clean\I\I_0134.wav
I_0135.wav,I,1.0,16000,0.066933,0.286041,D:\STUPEN\Heartz\data-science\dataset\clean\I\I_0135.wav
I_0136.wav,I,1.0,16000,0.069282,0.307098,D:\STUPEN\Heartz\data-science\dataset\clean\I\I_0136.wav
I_0137.wav,I,1.0,16000,0.064498,0.2771,D:\STUPEN\Heartz\data-science\dataset\clean\I\I_0137.wav
I_0138.wav,I,1.0,16000,0.066933,0.292847,D:\STUPEN\Heartz\data-science\dataset\clean\I\I_0138.wav
I_0139.wav,I,1.0,16000,0.066933,0.302063,D:\STUPEN\Heartz\data-science\dataset\clean\I\I_0139.wav
I_0140.wav,I,1.0,16000,0.069282,0.303741,D:\STUPEN\Heartz\data-science\dataset\clean\I\I_0140.wav
I_0141.wav,I,1.0,16000,0.069282,0.281036,D:\STUPEN\Heartz\data-science\dataset\clean\I\I_0141.wav
I_0142.wav,I,1.0,16000,0.071554,0.328796,D:\STUPEN\Heartz\data-science\dataset\clean\I\I_0142.wav
I_0143.wav,I,1.0,16000,0.069282,0.286072,D:\STUPEN\Heartz\data-science\dataset\clean\I\I_0143.wav
I_0144.wav,I,1.0,16000,0.064498,0.26709,D:\STUPEN\Heartz\data-science\dataset\clean\I\I_0144.wav
I_0145.wav,I,1.0,16000,0.066933,0.288605,D:\STUPEN\Heartz\data-science\dataset\clean\I\I_0145.wav
I_0146.wav,I,1.0,16000,0.064498,0.266541,D:\STUPEN\Heartz\data-science\dataset\clean\I\I_0146.wav
I_0147.wav,I,1.0,16000,0.069282,0.300629,D:\STUPEN\Heartz\data-science\dataset\clean\I\I_0147.wav
I_0148.wav,I,1.0,16000,0.069282,0.2659,D:\STUPEN\Heartz\data-science\dataset\clean\I\I_0148.wav
I_0149.wav,I,1.0,16000,0.066933,0.261383,D:\STUPEN\Heartz\data-science\dataset\clean\I\I_0149.wav
I_0150.wav,I,1.0,16000,0.066933,0.24884,D:\STUPEN\Heartz\data-science\dataset\clean\I\I_0150.wav
I_0151.wav,I,1.0,16000,0.064498,0.263,D:\STUPEN\Heartz\data-science\dataset\clean\I\I_0151.wav
I_0152.wav,I,1.0,16000,0.069282,0.246582,D:\STUPEN\Heartz\data-science\dataset\clean\I\I_0152.wav
I_0153.wav,I,1.0,16000,0.069282,0.303558,D:\STUPEN\Heartz\data-science\dataset\clean\I\I_0153.wav
I_0154.wav,I,1.0,16000,0.064498,0.278625,D:\STUPEN\Heartz\data-science\dataset\clean\I\I_0154.wav
I_0155.wav,I,1.0,16000,0.071554,0.256897,D:\STUPEN\Heartz\data-science\dataset\clean\I\I_0155.wav
I_0156.wav,I,1.0,16000,0.069282,0.312836,D:\STUPEN\Heartz\data-science\dataset\clean\I\I_0156.wav
I_0157.wav,I,1.0,16000,0.066933,0.318268,D:\STUPEN\Heartz\data-science\dataset\clean\I\I_0157.wav
I_0158.wav,I,1.0,16000,0.066933,0.288635,D:\STUPEN\Heartz\data-science\dataset\clean\I\I_0158.wav
I_0159.wav,I,1.0,16000,0.066933,0.335968,D:\STUPEN\Heartz\data-science\dataset\clean\I\I_0159.wav
I_0160.wav,I,1.0,16000,0.066933,0.314056,D:\STUPEN\Heartz\data-science\dataset\clean\I\I_0160.wav
I_0161.wav,I,1.0,16000,0.066933,0.367523,D:\STUPEN\Heartz\data-science\dataset\clean\I\I_0161.wav
I_0162.wav,I,1.0,16000,0.066933,0.344482,D:\STUPEN\Heartz\data-science\dataset\clean\I\I_0162.wav
I_0163.wav,I,1.0,16000,0.066933,0.367798,D:\STUPEN\Heartz\data-science\dataset\clean\I\I_0163.wav
I_0164.wav,I,1.0,16000,0.069282,0.320129,D:\STUPEN\Heartz\data-science\dataset\clean\I\I_0164.wav
I_0165.wav,I,1.0,16000,0.066933,0.449524,D:\STUPEN\Heartz\data-science\dataset\clean\I\I_0165.wav
I_0166.wav,I,1.0,16000,0.069282,0.477631,D:\STUPEN\Heartz\data-science\dataset\clean\I\I_0166.wav
I_0167.wav,I,1.0,16000,0.071554,0.387299,D:\STUPEN\Heartz\data-science\dataset\clean\I\I_0167.wav
I_0168.wav,I,1.0,16000,0.069282,0.295807,D:\STUPEN\Heartz\data-science\dataset\clean\I\I_0168.wav
I_0169.wav,I,1.0,16000,0.069282,0.301422,D:\STUPEN\Heartz\data-science\dataset\clean\I\I_0169.wav
I_0170.wav,I,1.0,16000,0.064498,0.333588,D:\STUPEN\Heartz\data-science\dataset\clean\I\I_0170.wav
I_0171.wav,I,1.0,16000,0.066933,0.385345,D:\STUPEN\Heartz\data-science\dataset\clean\I\I_0171.wav
I_0172.wav,I,1.0,16000,0.066933,0.405701,D:\STUPEN\Heartz\data-science\dataset\clean\I\I_0172.wav
I_0173.wav,I,1.0,16000,0.069282,0.430695,D:\STUPEN\Heartz\data-science\dataset\clean\I\I_0173.wav
I_0174.wav,I,1.0,16000,0.069282,0.416718,D:\STUPEN\Heartz\data-science\dataset\clean\I\I_0174.wav
I_0175.wav,I,1.0,16000,0.066933,0.35495,D:\STUPEN\Heartz\data-science\dataset\clean\I\I_0175.wav
I_0176.wav,I,1.0,16000,0.071554,0.375397,D:\STUPEN\Heartz\data-science\dataset\clean\I\I_0176.wav
I_0177.wav,I,1.0,16000,0.069282,0.416077,D:\STUPEN\Heartz\data-science\dataset\clean\I\I_0177.wav
I_0178.wav,I,1.0,16000,0.066933,0.35907,D:\STUPEN\Heartz\data-science\dataset\clean\I\I_0178.wav
I_0179.wav,I,1.0,16000,0.069282,0.434967,D:\STUPEN\Heartz\data-science\dataset\clean\I\I_0179.wav
I_0180.wav,I,1.0,16000,0.069282,0.371582,D:\STUPEN\Heartz\data-science\dataset\clean\I\I_0180.wav
I_0181.wav,I,1.0,16000,0.066933,0.402374,D:\STUPEN\Heartz\data-science\dataset\clean\I\I_0181.wav
I_0182.wav,I,1.0,16000,0.061968,0.27951,D:\STUPEN\Heartz\data-science\dataset\clean\I\I_0182.wav
I_0183.wav,I,1.0,16000,0.066933,0.299103,D:\STUPEN\Heartz\data-science\dataset\clean\I\I_0183.wav
I_0184.wav,I,1.0,16000,0.069282,0.276947,D:\STUPEN\Heartz\data-science\dataset\clean\I\I_0184.wav
I_0185.wav,I,1.0,16000,0.066933,0.243347,D:\STUPEN\Heartz\data-science\dataset\clean\I\I_0185.wav
I_0186.wav,I,1.0,16000,0.069282,0.271271,D:\STUPEN\Heartz\data-science\dataset\clean\I\I_0186.wav
I_0187.wav,I,1.0,16000,0.069282,0.29007,D:\STUPEN\Heartz\data-science\dataset\clean\I\I_0187.wav
I_0188.wav,I,1.0,16000,0.071554,0.279388,D:\STUPEN\Heartz\data-science\dataset\clean\I\I_0188.wav
I_0189.wav,I,1.0,16000,0.069282,0.270142,D:\STUPEN\Heartz\data-science\dataset\clean\I\I_0189.wav
I_0190.wav,I,1.0,16000,0.071554,0.2677,D:\STUPEN\Heartz\data-science\dataset\clean\I\I_0190.wav
I_0191.wav,I,1.0,16000,0.069282,0.2948,D:\STUPEN\Heartz\data-science\dataset\clean\I\I_0191.wav
I_0192.wav,I,1.0,16000,0.069282,0.299469,D:\STUPEN\Heartz\data-science\dataset\clean\I\I_0192.wav
I_0193.wav,I,1.0,16000,0.071554,0.296387,D:\STUPEN\Heartz\data-science\dataset\clean\I\I_0193.wav
I_0194.wav,I,1.0,16000,0.069282,0.270477,D:\STUPEN\Heartz\data-science\dataset\clean\I\I_0194.wav
I_0195.wav,I,1.0,16000,0.069282,0.310486,D:\STUPEN\Heartz\data-science\dataset\clean\I\I_0195.wav
I_0196.wav,I,1.0,16000,0.066933,0.270599,D:\STUPEN\Heartz\data-science\dataset\clean\I\I_0196.wav
I_0197.wav,I,1.0,16000,0.066933,0.278107,D:\STUPEN\Heartz\data-science\dataset\clean\I\I_0197.wav
I_0198.wav,I,1.0,16000,0.066933,0.331696,D:\STUPEN\Heartz\data-science\dataset\clean\I\I_0198.wav
I_0199.wav,I,1.0,16000,0.064498,0.266724,D:\STUPEN\Heartz\data-science\dataset\clean\I\I_0199.wav
I_0200.wav,I,1.0,16000,0.066933,0.266998,D:\STUPEN\Heartz\data-science\dataset\clean\I\I_0200.wav
I_0201.wav,I,1.0,16000,0.064498,0.283264,D:\STUPEN\Heartz\data-science\dataset\clean\I\I_0201.wav
I_0202.wav,I,1.0,16000,0.066933,0.273254,D:\STUPEN\Heartz\data-science\dataset\clean\I\I_0202.wav
I_0203.wav,I,1.0,16000,0.066933,0.283264,D:\STUPEN\Heartz\data-science\dataset\clean\I\I_0203.wav
I_0204.wav,I,1.0,16000,0.061968,0.26532,D:\STUPEN\Heartz\data-science\dataset\clean\I\I_0204.wav
I_0205.wav,I,1.0,16000,0.061968,0.299957,D:\STUPEN\Heartz\data-science\dataset\clean\I\I_0205.wav
I_0206.wav,I,1.0,16000,0.064498,0.285156,D:\STUPEN\Heartz\data-science\dataset\clean\I\I_0206.wav
I_0207.wav,I,1.0,16000,0.066933,0.262207,D:\STUPEN\Heartz\data-science\dataset\clean\I\I_0207.wav
I_0208.wav,I,1.0,16000,0.066933,0.272522,D:\STUPEN\Heartz\data-science\dataset\clean\I\I_0208.wav
I_0209.wav,I,1.0,16000,0.066933,0.282959,D:\STUPEN\Heartz\data-science\dataset\clean\I\I_0209.wav
I_0210.wav,I,1.0,16000,0.066933,0.303589,D:\STUPEN\Heartz\data-science\dataset\clean\I\I_0210.wav
I_0211.wav,I,1.0,16000,0.066933,0.291107,D:\STUPEN\Heartz\data-science\dataset\clean\I\I_0211.wav
I_0212.wav,I,1.0,16000,0.066933,0.265625,D:\STUPEN\Heartz\data-science\dataset\clean\I\I_0212.wav
I_0213.wav,I,1.0,16000,0.066933,0.284546,D:\STUPEN\Heartz\data-science\dataset\clean\I\I_0213.wav
I_0214.wav,I,1.0,16000,0.066933,0.306702,D:\STUPEN\Heartz\data-science\dataset\clean\I\I_0214.wav
I_0215.wav,I,1.0,16000,0.069282,0.275055,D:\STUPEN\Heartz\data-science\dataset\clean\I\I_0215.wav
I_0216.wav,I,1.0,16000,0.066933,0.279877,D:\STUPEN\Heartz\data-science\dataset\clean\I\I_0216.wav
I_0217.wav,I,1.0,16000,0.064498,0.261749,D:\STUPEN\Heartz\data-science\dataset\clean\I\I_0217.wav
I_0218.wav,I,1.0,16000,0.066933,0.241547,D:\STUPEN\Heartz\data-science\dataset\clean\I\I_0218.wav
I_0219.wav,I,1.0,16000,0.064498,0.266602,D:\STUPEN\Heartz\data-science\dataset\clean\I\I_0219.wav
I_0220.wav,I,1.0,16000,0.066933,0.247223,D:\STUPEN\Heartz\data-science\dataset\clean\I\I_0220.wav
I_0221.wav,I,1.0,16000,0.064498,0.290131,D:\STUPEN\Heartz\data-science\dataset\clean\I\I_0221.wav
I_0222.wav,I,1.0,16000,0.066933,0.297241,D:\STUPEN\Heartz\data-science\dataset\clean\I\I_0222.wav
I_0223.wav,I,1.0,16000,0.064498,0.326447,D:\STUPEN\Heartz\data-science\dataset\clean\I\I_0223.wav
I_0224.wav,I,1.0,16000,0.066933,0.324432,D:\STUPEN\Heartz\data-science\dataset\clean\I\I_0224.wav
I_0225.wav,I,1.0,16000,0.066933,0.292236,D:\STUPEN\Heartz\data-science\dataset\clean\I\I_0225.wav
I_0226.wav,I,1.0,16000,0.073756,0.311737,D:\STUPEN\Heartz\data-science\dataset\clean\I\I_0226.wav
I_0227.wav,I,1.0,16000,0.075895,0.258301,D:\STUPEN\Heartz\data-science\dataset\clean\I\I_0227.wav
I_0228.wav,I,1.0,16000,0.073756,0.29068,D:\STUPEN\Heartz\data-science\dataset\clean\I\I_0228.wav
I_0229.wav,I,1.0,16000,0.071554,0.336578,D:\STUPEN\Heartz\data-science\dataset\clean\I\I_0229.wav
I_0230.wav,I,1.0,16000,0.069282,0.317169,D:\STUPEN\Heartz\data-science\dataset\clean\I\I_0230.wav
I_0231.wav,I,1.0,16000,0.064498,0.319489,D:\STUPEN\Heartz\data-science\dataset\clean\I\I_0231.wav
I_0232.wav,I,1.0,16000,0.066933,0.296783,D:\STUPEN\Heartz\data-science\dataset\clean\I\I_0232.wav
I_0233.wav,I,1.0,16000,0.069282,0.303833,D:\STUPEN\Heartz\data-science\dataset\clean\I\I_0233.wav
I_0234.wav,I,1.0,16000,0.071554,0.32959,D:\STUPEN\Heartz\data-science\dataset\clean\I\I_0234.wav
I_0235.wav,I,1.0,16000,0.066933,0.301178,D:\STUPEN\Heartz\data-science\dataset\clean\I\I_0235.wav
I_0236.wav,I,1.0,16000,0.064498,0.286163,D:\STUPEN\Heartz\data-science\dataset\clean\I\I_0236.wav
I_0237.wav,I,1.0,16000,0.061968,0.465637,D:\STUPEN\Heartz\data-science\dataset\clean\I\I_0237.wav
I_0238.wav,I,1.0,16000,0.064498,0.418121,D:\STUPEN\Heartz\data-science\dataset\clean\I\I_0238.wav
I_0239.wav,I,1.0,16000,0.064498,0.348969,D:\STUPEN\Heartz\data-science\dataset\clean\I\I_0239.wav
I_0240.wav,I,1.0,16000,0.073756,0.339142,D:\STUPEN\Heartz\data-science\dataset\clean\I\I_0240.wav
I_0241.wav,I,1.0,16000,0.077974,0.36087,D:\STUPEN\Heartz\data-science\dataset\clean\I\I_0241.wav
I_0242.wav,I,1.0,16000,0.073756,0.331665,D:\STUPEN\Heartz\data-science\dataset\clean\I\I_0242.wav
I_0243.wav,I,1.0,16000,0.069282,0.319366,D:\STUPEN\Heartz\data-science\dataset\clean\I\I_0243.wav
I_0244.wav,I,1.0,16000,0.066933,0.395081,D:\STUPEN\Heartz\data-science\dataset\clean\I\I_0244.wav
I_0245.wav,I,1.0,16000,0.064498,0.419067,D:\STUPEN\Heartz\data-science\dataset\clean\I\I_0245.wav
I_0246.wav,I,1.0,16000,0.069282,0.387909,D:\STUPEN\Heartz\data-science\dataset\clean\I\I_0246.wav
I_0247.wav,I,1.0,16000,0.066933,0.359039,D:\STUPEN\Heartz\data-science\dataset\clean\I\I_0247.wav
I_0248.wav,I,1.0,16000,0.064498,0.371918,D:\STUPEN\Heartz\data-science\dataset\clean\I\I_0248.wav
I_0249.wav,I,1.0,16000,0.064498,0.360504,D:\STUPEN\Heartz\data-science\dataset\clean\I\I_0249.wav
I_0250.wav,I,1.0,16000,0.064498,0.34787,D:\STUPEN\Heartz\data-science\dataset\clean\I\I_0250.wav
I_0251.wav,I,1.0,16000,0.069282,0.297668,D:\STUPEN\Heartz\data-science\dataset\clean\I\I_0251.wav
I_0252.wav,I,1.0,16000,0.071554,0.284149,D:\STUPEN\Heartz\data-science\dataset\clean\I\I_0252.wav
I_0253.wav,I,1.0,16000,0.071554,0.286865,D:\STUPEN\Heartz\data-science\dataset\clean\I\I_0253.wav
I_0254.wav,I,1.0,16000,0.071554,0.298584,D:\STUPEN\Heartz\data-science\dataset\clean\I\I_0254.wav
I_0255.wav,I,1.0,16000,0.069282,0.275543,D:\STUPEN\Heartz\data-science\dataset\clean\I\I_0255.wav
I_0256.wav,I,1.0,16000,0.069282,0.291199,D:\STUPEN\Heartz\data-science\dataset\clean\I\I_0256.wav
I_0257.wav,I,1.0,16000,0.069282,0.274353,D:\STUPEN\Heartz\data-science\dataset\clean\I\I_0257.wav
I_0258.wav,I,1.0,16000,0.069282,0.270752,D:\STUPEN\Heartz\data-science\dataset\clean\I\I_0258.wav
I_0259.wav,I,1.0,16000,0.071554,0.284271,D:\STUPEN\Heartz\data-science\dataset\clean\I\I_0259.wav
I_0260.wav,I,1.0,16000,0.066933,0.286041,D:\STUPEN\Heartz\data-science\dataset\clean\I\I_0260.wav
I_0261.wav,I,1.0,16000,0.069282,0.307098,D:\STUPEN\Heartz\data-science\dataset\clean\I\I_0261.wav
I_0262.wav,I,1.0,16000,0.064498,0.2771,D:\STUPEN\Heartz\data-science\dataset\clean\I\I_0262.wav
I_0263.wav,I,1.0,16000,0.066933,0.292847,D:\STUPEN\Heartz\data-science\dataset\clean\I\I_0263.wav
I_0264.wav,I,1.0,16000,0.066933,0.302063,D:\STUPEN\Heartz\data-science\dataset\clean\I\I_0264.wav
I_0265.wav,I,1.0,16000,0.069282,0.303741,D:\STUPEN\Heartz\data-science\dataset\clean\I\I_0265.wav
I_0266.wav,I,1.0,16000,0.069282,0.281036,D:\STUPEN\Heartz\data-science\dataset\clean\I\I_0266.wav
I_0267.wav,I,1.0,16000,0.071554,0.328796,D:\STUPEN\Heartz\data-science\dataset\clean\I\I_0267.wav
I_0268.wav,I,1.0,16000,0.069282,0.286072,D:\STUPEN\Heartz\data-science\dataset\clean\I\I_0268.wav
I_0269.wav,I,1.0,16000,0.064498,0.26709,D:\STUPEN\Heartz\data-science\dataset\clean\I\I_0269.wav
I_0270.wav,I,1.0,16000,0.066933,0.288605,D:\STUPEN\Heartz\data-science\dataset\clean\I\I_0270.wav
I_0271.wav,I,1.0,16000,0.064498,0.266541,D:\STUPEN\Heartz\data-science\dataset\clean\I\I_0271.wav
I_0272.wav,I,1.0,16000,0.069282,0.300629,D:\STUPEN\Heartz\data-science\dataset\clean\I\I_0272.wav
I_0273.wav,I,1.0,16000,0.069282,0.2659,D:\STUPEN\Heartz\data-science\dataset\clean\I\I_0273.wav
I_0274.wav,I,1.0,16000,0.066933,0.261383,D:\STUPEN\Heartz\data-science\dataset\clean\I\I_0274.wav
I_0275.wav,I,1.0,16000,0.066933,0.24884,D:\STUPEN\Heartz\data-science\dataset\clean\I\I_0275.wav
I_0276.wav,I,1.0,16000,0.064498,0.263,D:\STUPEN\Heartz\data-science\dataset\clean\I\I_0276.wav
I_0277.wav,I,1.0,16000,0.069282,0.246582,D:\STUPEN\Heartz\data-science\dataset\clean\I\I_0277.wav
I_0278.wav,I,1.0,16000,0.069282,0.303558,D:\STUPEN\Heartz\data-science\dataset\clean\I\I_0278.wav
I_0279.wav,I,1.0,16000,0.064498,0.278625,D:\STUPEN\Heartz\data-science\dataset\clean\I\I_0279.wav
I_0280.wav,I,1.0,16000,0.071554,0.256897,D:\STUPEN\Heartz\data-science\dataset\clean\I\I_0280.wav
I_0281.wav,I,1.0,16000,0.069282,0.312836,D:\STUPEN\Heartz\data-science\dataset\clean\I\I_0281.wav
I_0282.wav,I,1.0,16000,0.066933,0.318268,D:\STUPEN\Heartz\data-science\dataset\clean\I\I_0282.wav
I_0283.wav,I,1.0,16000,0.066933,0.288635,D:\STUPEN\Heartz\data-science\dataset\clean\I\I_0283.wav
I_0284.wav,I,1.0,16000,0.066933,0.335968,D:\STUPEN\Heartz\data-science\dataset\clean\I\I_0284.wav
I_0285.wav,I,1.0,16000,0.066933,0.314056,D:\STUPEN\Heartz\data-science\dataset\clean\I\I_0285.wav
I_0286.wav,I,1.0,16000,0.066933,0.367523,D:\STUPEN\Heartz\data-science\dataset\clean\I\I_0286.wav
I_0287.wav,I,1.0,16000,0.066933,0.344482,D:\STUPEN\Heartz\data-science\dataset\clean\I\I_0287.wav
I_0288.wav,I,1.0,16000,0.066933,0.367798,D:\STUPEN\Heartz\data-science\dataset\clean\I\I_0288.wav
I_0289.wav,I,1.0,16000,0.069282,0.320129,D:\STUPEN\Heartz\data-science\dataset\clean\I\I_0289.wav
I_0290.wav,I,1.0,16000,0.066933,0.449524,D:\STUPEN\Heartz\data-science\dataset\clean\I\I_0290.wav
I_0291.wav,I,1.0,16000,0.069282,0.477631,D:\STUPEN\Heartz\data-science\dataset\clean\I\I_0291.wav
I_0292.wav,I,1.0,16000,0.071554,0.387299,D:\STUPEN\Heartz\data-science\dataset\clean\I\I_0292.wav
I_0293.wav,I,1.0,16000,0.069282,0.295807,D:\STUPEN\Heartz\data-science\dataset\clean\I\I_0293.wav
I_0294.wav,I,1.0,16000,0.069282,0.301422,D:\STUPEN\Heartz\data-science\dataset\clean\I\I_0294.wav
I_0295.wav,I,1.0,16000,0.064498,0.333588,D:\STUPEN\Heartz\data-science\dataset\clean\I\I_0295.wav
I_0296.wav,I,1.0,16000,0.066933,0.385345,D:\STUPEN\Heartz\data-science\dataset\clean\I\I_0296.wav
I_0297.wav,I,1.0,16000,0.066933,0.405701,D:\STUPEN\Heartz\data-science\dataset\clean\I\I_0297.wav
I_0298.wav,I,1.0,16000,0.069282,0.430695,D:\STUPEN\Heartz\data-science\dataset\clean\I\I_0298.wav
I_0299.wav,I,1.0,16000,0.069282,0.416718,D:\STUPEN\Heartz\data-science\dataset\clean\I\I_0299.wav
I_0300.wav,I,1.0,16000,0.066933,0.35495,D:\STUPEN\Heartz\data-science\dataset\clean\I\I_0300.wav
I_0301.wav,I,1.0,16000,0.071554,0.375397,D:\STUPEN\Heartz\data-science\dataset\clean\I\I_0301.wav
I_0302.wav,I,1.0,16000,0.069282,0.416077,D:\STUPEN\Heartz\data-science\dataset\clean\I\I_0302.wav
I_0303.wav,I,1.0,16000,0.066933,0.35907,D:\STUPEN\Heartz\data-science\dataset\clean\I\I_0303.wav
I_0304.wav,I,1.0,16000,0.069282,0.434967,D:\STUPEN\Heartz\data-science\dataset\clean\I\I_0304.wav
I_0305.wav,I,1.0,16000,0.069282,0.371582,D:\STUPEN\Heartz\data-science\dataset\clean\I\I_0305.wav
I_0306.wav,I,1.0,16000,0.066933,0.402374,D:\STUPEN\Heartz\data-science\dataset\clean\I\I_0306.wav
I_0307.wav,I,1.0,16000,0.061968,0.27951,D:\STUPEN\Heartz\data-science\dataset\clean\I\I_0307.wav
I_0308.wav,I,1.0,16000,0.066933,0.299103,D:\STUPEN\Heartz\data-science\dataset\clean\I\I_0308.wav
I_0309.wav,I,1.0,16000,0.069282,0.276947,D:\STUPEN\Heartz\data-science\dataset\clean\I\I_0309.wav
I_0310.wav,I,1.0,16000,0.066933,0.243347,D:\STUPEN\Heartz\data-science\dataset\clean\I\I_0310.wav
I_0311.wav,I,1.0,16000,0.069282,0.271271,D:\STUPEN\Heartz\data-science\dataset\clean\I\I_0311.wav
I_0312.wav,I,1.0,16000,0.069282,0.29007,D:\STUPEN\Heartz\data-science\dataset\clean\I\I_0312.wav
I_0313.wav,I,1.0,16000,0.071554,0.279388,D:\STUPEN\Heartz\data-science\dataset\clean\I\I_0313.wav
I_0314.wav,I,1.0,16000,0.069282,0.270142,D:\STUPEN\Heartz\data-science\dataset\clean\I\I_0314.wav
I_0315.wav,I,1.0,16000,0.071554,0.2677,D:\STUPEN\Heartz\data-science\dataset\clean\I\I_0315.wav
I_0316.wav,I,1.0,16000,0.069282,0.2948,D:\STUPEN\Heartz\data-science\dataset\clean\I\I_0316.wav
I_0317.wav,I,1.0,16000,0.069282,0.299469,D:\STUPEN\Heartz\data-science\dataset\clean\I\I_0317.wav
I_0318.wav,I,1.0,16000,0.071554,0.296387,D:\STUPEN\Heartz\data-science\dataset\clean\I\I_0318.wav
I_0319.wav,I,1.0,16000,0.069282,0.270477,D:\STUPEN\Heartz\data-science\dataset\clean\I\I_0319.wav
I_0320.wav,I,1.0,16000,0.069282,0.310486,D:\STUPEN\Heartz\data-science\dataset\clean\I\I_0320.wav
I_0321.wav,I,1.0,16000,0.066933,0.270599,D:\STUPEN\Heartz\data-science\dataset\clean\I\I_0321.wav
I_0322.wav,I,1.0,16000,0.066933,0.278107,D:\STUPEN\Heartz\data-science\dataset\clean\I\I_0322.wav
I_0323.wav,I,1.0,16000,0.066933,0.331696,D:\STUPEN\Heartz\data-science\dataset\clean\I\I_0323.wav
I_0324.wav,I,1.0,16000,0.064498,0.266724,D:\STUPEN\Heartz\data-science\dataset\clean\I\I_0324.wav
I_0325.wav,I,1.0,16000,0.066933,0.266998,D:\STUPEN\Heartz\data-science\dataset\clean\I\I_0325.wav
I_0326.wav,I,1.0,16000,0.064498,0.283264,D:\STUPEN\Heartz\data-science\dataset\clean\I\I_0326.wav
I_0327.wav,I,1.0,16000,0.066933,0.273254,D:\STUPEN\Heartz\data-science\dataset\clean\I\I_0327.wav
I_0328.wav,I,1.0,16000,0.066933,0.283264,D:\STUPEN\Heartz\data-science\dataset\clean\I\I_0328.wav
I_0329.wav,I,1.0,16000,0.061968,0.26532,D:\STUPEN\Heartz\data-science\dataset\clean\I\I_0329.wav
I_0330.wav,I,1.0,16000,0.061968,0.299957,D:\STUPEN\Heartz\data-science\dataset\clean\I\I_0330.wav
I_0331.wav,I,1.0,16000,0.064498,0.285156,D:\STUPEN\Heartz\data-science\dataset\clean\I\I_0331.wav
I_0332.wav,I,1.0,16000,0.066933,0.262207,D:\STUPEN\Heartz\data-science\dataset\clean\I\I_0332.wav
I_0333.wav,I,1.0,16000,0.066933,0.272522,D:\STUPEN\Heartz\data-science\dataset\clean\I\I_0333.wav
I_0334.wav,I,1.0,16000,0.066933,0.282959,D:\STUPEN\Heartz\data-science\dataset\clean\I\I_0334.wav
I_0335.wav,I,1.0,16000,0.066933,0.303589,D:\STUPEN\Heartz\data-science\dataset\clean\I\I_0335.wav
I_0336.wav,I,1.0,16000,0.066933,0.291107,D:\STUPEN\Heartz\data-science\dataset\clean\I\I_0336.wav
I_0337.wav,I,1.0,16000,0.066933,0.265625,D:\STUPEN\Heartz\data-science\dataset\clean\I\I_0337.wav
I_0338.wav,I,1.0,16000,0.066933,0.284546,D:\STUPEN\Heartz\data-science\dataset\clean\I\I_0338.wav
I_0339.wav,I,1.0,16000,0.066933,0.306702,D:\STUPEN\Heartz\data-science\dataset\clean\I\I_0339.wav
I_0340.wav,I,1.0,16000,0.069282,0.275055,D:\STUPEN\Heartz\data-science\dataset\clean\I\I_0340.wav
I_0341.wav,I,1.0,16000,0.066933,0.279877,D:\STUPEN\Heartz\data-science\dataset\clean\I\I_0341.wav
I_0342.wav,I,1.0,16000,0.064498,0.261749,D:\STUPEN\Heartz\data-science\dataset\clean\I\I_0342.wav
I_0343.wav,I,1.0,16000,0.066933,0.241547,D:\STUPEN\Heartz\data-science\dataset\clean\I\I_0343.wav
I_0344.wav,I,1.0,16000,0.064498,0.266602,D:\STUPEN\Heartz\data-science\dataset\clean\I\I_0344.wav
I_0345.wav,I,1.0,16000,0.066933,0.247223,D:\STUPEN\Heartz\data-science\dataset\clean\I\I_0345.wav
I_0346.wav,I,1.0,16000,0.064498,0.290131,D:\STUPEN\Heartz\data-science\dataset\clean\I\I_0346.wav
I_0347.wav,I,1.0,16000,0.066933,0.297241,D:\STUPEN\Heartz\data-science\dataset\clean\I\I_0347.wav
I_0348.wav,I,1.0,16000,0.064498,0.326447,D:\STUPEN\Heartz\data-science\dataset\clean\I\I_0348.wav
I_0349.wav,I,1.0,16000,0.066933,0.324432,D:\STUPEN\Heartz\data-science\dataset\clean\I\I_0349.wav
I_0350.wav,I,1.0,16000,0.066933,0.292236,D:\STUPEN\Heartz\data-science\dataset\clean\I\I_0350.wav
I_0351.wav,I,1.0,16000,0.073756,0.311737,D:\STUPEN\Heartz\data-science\dataset\clean\I\I_0351.wav
I_0352.wav,I,1.0,16000,0.075895,0.258301,D:\STUPEN\Heartz\data-science\dataset\clean\I\I_0352.wav
I_0353.wav,I,1.0,16000,0.073756,0.29068,D:\STUPEN\Heartz\data-science\dataset\clean\I\I_0353.wav
I_0354.wav,I,1.0,16000,0.071554,0.336578,D:\STUPEN\Heartz\data-science\dataset\clean\I\I_0354.wav
I_0355.wav,I,1.0,16000,0.069282,0.317169,D:\STUPEN\Heartz\data-science\dataset\clean\I\I_0355.wav
I_0356.wav,I,1.0,16000,0.064498,0.319489,D:\STUPEN\Heartz\data-science\dataset\clean\I\I_0356.wav
I_0357.wav,I,1.0,16000,0.066933,0.296783,D:\STUPEN\Heartz\data-science\dataset\clean\I\I_0357.wav
I_0358.wav,I,1.0,16000,0.069282,0.303833,D:\STUPEN\Heartz\data-science\dataset\clean\I\I_0358.wav
I_0359.wav,I,1.0,16000,0.071554,0.32959,D:\STUPEN\Heartz\data-science\dataset\clean\I\I_0359.wav
I_0360.wav,I,1.0,16000,0.066933,0.301178,D:\STUPEN\Heartz\data-science\dataset\clean\I\I_0360.wav
I_0361.wav,I,1.0,16000,0.064498,0.286163,D:\STUPEN\Heartz\data-science\dataset\clean\I\I_0361.wav
I_0362.wav,I,1.0,16000,0.061968,0.465637,D:\STUPEN\Heartz\data-science\dataset\clean\I\I_0362.wav
I_0363.wav,I,1.0,16000,0.064498,0.418121,D:\STUPEN\Heartz\data-science\dataset\clean\I\I_0363.wav
I_0364.wav,I,1.0,16000,0.064498,0.348969,D:\STUPEN\Heartz\data-science\dataset\clean\I\I_0364.wav
I_0365.wav,I,1.0,16000,0.073756,0.339142,D:\STUPEN\Heartz\data-science\dataset\clean\I\I_0365.wav
I_0366.wav,I,1.0,16000,0.077974,0.36087,D:\STUPEN\Heartz\data-science\dataset\clean\I\I_0366.wav
I_0367.wav,I,1.0,16000,0.073756,0.331665,D:\STUPEN\Heartz\data-science\dataset\clean\I\I_0367.wav
I_0368.wav,I,1.0,16000,0.069282,0.319366,D:\STUPEN\Heartz\data-science\dataset\clean\I\I_0368.wav
I_0369.wav,I,1.0,16000,0.066933,0.395081,D:\STUPEN\Heartz\data-science\dataset\clean\I\I_0369.wav
I_0370.wav,I,1.0,16000,0.064498,0.419067,D:\STUPEN\Heartz\data-science\dataset\clean\I\I_0370.wav
I_0371.wav,I,1.0,16000,0.069282,0.387909,D:\STUPEN\Heartz\data-science\dataset\clean\I\I_0371.wav
I_0372.wav,I,1.0,16000,0.066933,0.359039,D:\STUPEN\Heartz\data-science\dataset\clean\I\I_0372.wav
I_0373.wav,I,1.0,16000,0.064498,0.371918,D:\STUPEN\Heartz\data-science\dataset\clean\I\I_0373.wav
I_0374.wav,I,1.0,16000,0.064498,0.360504,D:\STUPEN\Heartz\data-science\dataset\clean\I\I_0374.wav
I_0375.wav,I,1.0,16000,0.064498,0.34787,D:\STUPEN\Heartz\data-science\dataset\clean\I\I_0375.wav
I_0376.wav,I,1.0,16000,0.069282,0.297668,D:\STUPEN\Heartz\data-science\dataset\clean\I\I_0376.wav
I_0377.wav,I,1.0,16000,0.071554,0.284149,D:\STUPEN\Heartz\data-science\dataset\clean\I\I_0377.wav
I_0378.wav,I,1.0,16000,0.071554,0.286865,D:\STUPEN\Heartz\data-science\dataset\clean\I\I_0378.wav
I_0379.wav,I,1.0,16000,0.071554,0.298584,D:\STUPEN\Heartz\data-science\dataset\clean\I\I_0379.wav
I_0380.wav,I,1.0,16000,0.069282,0.275543,D:\STUPEN\Heartz\data-science\dataset\clean\I\I_0380.wav
I_0381.wav,I,1.0,16000,0.069282,0.291199,D:\STUPEN\Heartz\data-science\dataset\clean\I\I_0381.wav
I_0382.wav,I,1.0,16000,0.069282,0.274353,D:\STUPEN\Heartz\data-science\dataset\clean\I\I_0382.wav
I_0383.wav,I,1.0,16000,0.069282,0.270752,D:\STUPEN\Heartz\data-science\dataset\clean\I\I_0383.wav
I_0384.wav,I,1.0,16000,0.071554,0.284271,D:\STUPEN\Heartz\data-science\dataset\clean\I\I_0384.wav
I_0385.wav,I,1.0,16000,0.066933,0.286041,D:\STUPEN\Heartz\data-science\dataset\clean\I\I_0385.wav
I_0386.wav,I,1.0,16000,0.069282,0.307098,D:\STUPEN\Heartz\data-science\dataset\clean\I\I_0386.wav
I_0387.wav,I,1.0,16000,0.064498,0.2771,D:\STUPEN\Heartz\data-science\dataset\clean\I\I_0387.wav
I_0388.wav,I,1.0,16000,0.066933,0.292847,D:\STUPEN\Heartz\data-science\dataset\clean\I\I_0388.wav
I_0389.wav,I,1.0,16000,0.066933,0.302063,D:\STUPEN\Heartz\data-science\dataset\clean\I\I_0389.wav
I_0390.wav,I,1.0,16000,0.069282,0.303741,D:\STUPEN\Heartz\data-science\dataset\clean\I\I_0390.wav
I_0391.wav,I,1.0,16000,0.069282,0.281036,D:\STUPEN\Heartz\data-science\dataset\clean\I\I_0391.wav
I_0392.wav,I,1.0,16000,0.071554,0.328796,D:\STUPEN\Heartz\data-science\dataset\clean\I\I_0392.wav
I_0393.wav,I,1.0,16000,0.069282,0.286072,D:\STUPEN\Heartz\data-science\dataset\clean\I\I_0393.wav
I_0394.wav,I,1.0,16000,0.064498,0.26709,D:\STUPEN\Heartz\data-science\dataset\clean\I\I_0394.wav
I_0395.wav,I,1.0,16000,0.066933,0.288605,D:\STUPEN\Heartz\data-science\dataset\clean\I\I_0395.wav
I_0396.wav,I,1.0,16000,0.064498,0.266541,D:\STUPEN\Heartz\data-science\dataset\clean\I\I_0396.wav
I_0397.wav,I,1.0,16000,0.069282,0.300629,D:\STUPEN\Heartz\data-science\dataset\clean\I\I_0397.wav
I_0398.wav,I,1.0,16000,0.069282,0.2659,D:\STUPEN\Heartz\data-science\dataset\clean\I\I_0398.wav
I_0399.wav,I,1.0,16000,0.066933,0.261383,D:\STUPEN\Heartz\data-science\dataset\clean\I\I_0399.wav
I_0400.wav,I,1.0,16000,0.066933,0.24884,D:\STUPEN\Heartz\data-science\dataset\clean\I\I_0400.wav
I_0401.wav,I,1.0,16000,0.064498,0.263,D:\STUPEN\Heartz\data-science\dataset\clean\I\I_0401.wav
I_0402.wav,I,1.0,16000,0.069282,0.246582,D:\STUPEN\Heartz\data-science\dataset\clean\I\I_0402.wav
I_0403.wav,I,1.0,16000,0.069282,0.303558,D:\STUPEN\Heartz\data-science\dataset\clean\I\I_0403.wav
I_0404.wav,I,1.0,16000,0.064498,0.278625,D:\STUPEN\Heartz\data-science\dataset\clean\I\I_0404.wav
I_0405.wav,I,1.0,16000,0.071554,0.256897,D:\STUPEN\Heartz\data-science\dataset\clean\I\I_0405.wav
I_0406.wav,I,1.0,16000,0.069282,0.312836,D:\STUPEN\Heartz\data-science\dataset\clean\I\I_0406.wav
I_0407.wav,I,1.0,16000,0.066933,0.318268,D:\STUPEN\Heartz\data-science\dataset\clean\I\I_0407.wav
I_0408.wav,I,1.0,16000,0.066933,0.288635,D:\STUPEN\Heartz\data-science\dataset\clean\I\I_0408.wav
I_0409.wav,I,1.0,16000,0.066933,0.335968,D:\STUPEN\Heartz\data-science\dataset\clean\I\I_0409.wav
I_0410.wav,I,1.0,16000,0.066933,0.314056,D:\STUPEN\Heartz\data-science\dataset\clean\I\I_0410.wav
I_0411.wav,I,1.0,16000,0.066933,0.367523,D:\STUPEN\Heartz\data-science\dataset\clean\I\I_0411.wav
I_0412.wav,I,1.0,16000,0.066933,0.344482,D:\STUPEN\Heartz\data-science\dataset\clean\I\I_0412.wav
I_0413.wav,I,1.0,16000,0.066933,0.367798,D:\STUPEN\Heartz\data-science\dataset\clean\I\I_0413.wav
I_0414.wav,I,1.0,16000,0.069282,0.320129,D:\STUPEN\Heartz\data-science\dataset\clean\I\I_0414.wav
I_0415.wav,I,1.0,16000,0.066933,0.449524,D:\STUPEN\Heartz\data-science\dataset\clean\I\I_0415.wav
I_0416.wav,I,1.0,16000,0.069282,0.477631,D:\STUPEN\Heartz\data-science\dataset\clean\I\I_0416.wav
I_0417.wav,I,1.0,16000,0.071554,0.387299,D:\STUPEN\Heartz\data-science\dataset\clean\I\I_0417.wav
I_0418.wav,I,1.0,16000,0.069282,0.295807,D:\STUPEN\Heartz\data-science\dataset\clean\I\I_0418.wav
I_0419.wav,I,1.0,16000,0.069282,0.301422,D:\STUPEN\Heartz\data-science\dataset\clean\I\I_0419.wav
I_0420.wav,I,1.0,16000,0.064498,0.333588,D:\STUPEN\Heartz\data-science\dataset\clean\I\I_0420.wav
I_0421.wav,I,1.0,16000,0.066933,0.385345,D:\STUPEN\Heartz\data-science\dataset\clean\I\I_0421.wav
I_0422.wav,I,1.0,16000,0.066933,0.405701,D:\STUPEN\Heartz\data-science\dataset\clean\I\I_0422.wav
I_0423.wav,I,1.0,16000,0.069282,0.430695,D:\STUPEN\Heartz\data-science\dataset\clean\I\I_0423.wav
I_0424.wav,I,1.0,16000,0.069282,0.416718,D:\STUPEN\Heartz\data-science\dataset\clean\I\I_0424.wav
I_0425.wav,I,1.0,16000,0.066933,0.35495,D:\STUPEN\Heartz\data-science\dataset\clean\I\I_0425.wav
I_0426.wav,I,1.0,16000,0.071554,0.375397,D:\STUPEN\Heartz\data-science\dataset\clean\I\I_0426.wav
I_0427.wav,I,1.0,16000,0.069282,0.416077,D:\STUPEN\Heartz\data-science\dataset\clean\I\I_0427.wav
I_0428.wav,I,1.0,16000,0.066933,0.35907,D:\STUPEN\Heartz\data-science\dataset\clean\I\I_0428.wav
I_0429.wav,I,1.0,16000,0.069282,0.434967,D:\STUPEN\Heartz\data-science\dataset\clean\I\I_0429.wav
I_0430.wav,I,1.0,16000,0.069282,0.371582,D:\STUPEN\Heartz\data-science\dataset\clean\I\I_0430.wav
I_0431.wav,I,1.0,16000,0.066933,0.402374,D:\STUPEN\Heartz\data-science\dataset\clean\I\I_0431.wav
I_0432.wav,I,1.0,16000,0.061968,0.27951,D:\STUPEN\Heartz\data-science\dataset\clean\I\I_0432.wav
I_0433.wav,I,1.0,16000,0.066933,0.299103,D:\STUPEN\Heartz\data-science\dataset\clean\I\I_0433.wav
I_0434.wav,I,1.0,16000,0.069282,0.276947,D:\STUPEN\Heartz\data-science\dataset\clean\I\I_0434.wav
I_0435.wav,I,1.0,16000,0.066933,0.243347,D:\STUPEN\Heartz\data-science\dataset\clean\I\I_0435.wav
I_0436.wav,I,1.0,16000,0.069282,0.271271,D:\STUPEN\Heartz\data-science\dataset\clean\I\I_0436.wav
I_0437.wav,I,1.0,16000,0.069282,0.29007,D:\STUPEN\Heartz\data-science\dataset\clean\I\I_0437.wav
I_0438.wav,I,1.0,16000,0.071554,0.279388,D:\STUPEN\Heartz\data-science\dataset\clean\I\I_0438.wav
I_0439.wav,I,1.0,16000,0.069282,0.270142,D:\STUPEN\Heartz\data-science\dataset\clean\I\I_0439.wav
I_0440.wav,I,1.0,16000,0.071554,0.2677,D:\STUPEN\Heartz\data-science\dataset\clean\I\I_0440.wav
I_0441.wav,I,1.0,16000,0.069282,0.2948,D:\STUPEN\Heartz\data-science\dataset\clean\I\I_0441.wav
I_0442.wav,I,1.0,16000,0.069282,0.299469,D:\STUPEN\Heartz\data-science\dataset\clean\I\I_0442.wav
I_0443.wav,I,1.0,16000,0.071554,0.296387,D:\STUPEN\Heartz\data-science\dataset\clean\I\I_0443.wav
I_0444.wav,I,1.0,16000,0.069282,0.270477,D:\STUPEN\Heartz\data-science\dataset\clean\I\I_0444.wav
I_0445.wav,I,1.0,16000,0.069282,0.310486,D:\STUPEN\Heartz\data-science\dataset\clean\I\I_0445.wav
I_0446.wav,I,1.0,16000,0.066933,0.270599,D:\STUPEN\Heartz\data-science\dataset\clean\I\I_0446.wav
I_0447.wav,I,1.0,16000,0.066933,0.278107,D:\STUPEN\Heartz\data-science\dataset\clean\I\I_0447.wav
I_0448.wav,I,1.0,16000,0.066933,0.331696,D:\STUPEN\Heartz\data-science\dataset\clean\I\I_0448.wav
I_0449.wav,I,1.0,16000,0.064498,0.266724,D:\STUPEN\Heartz\data-science\dataset\clean\I\I_0449.wav
I_0450.wav,I,1.0,16000,0.066933,0.266998,D:\STUPEN\Heartz\data-science\dataset\clean\I\I_0450.wav
I_0451.wav,I,1.0,16000,0.064498,0.283264,D:\STUPEN\Heartz\data-science\dataset\clean\I\I_0451.wav
I_0452.wav,I,1.0,16000,0.066933,0.273254,D:\STUPEN\Heartz\data-science\dataset\clean\I\I_0452.wav
I_0453.wav,I,1.0,16000,0.066933,0.283264,D:\STUPEN\Heartz\data-science\dataset\clean\I\I_0453.wav
I_0454.wav,I,1.0,16000,0.061968,0.26532,D:\STUPEN\Heartz\data-science\dataset\clean\I\I_0454.wav
I_0455.wav,I,1.0,16000,0.061968,0.299957,D:\STUPEN\Heartz\data-science\dataset\clean\I\I_0455.wav
I_0456.wav,I,1.0,16000,0.064498,0.285156,D:\STUPEN\Heartz\data-science\dataset\clean\I\I_0456.wav
I_0457.wav,I,1.0,16000,0.066933,0.262207,D:\STUPEN\Heartz\data-science\dataset\clean\I\I_0457.wav
I_0458.wav,I,1.0,16000,0.066933,0.272522,D:\STUPEN\Heartz\data-science\dataset\clean\I\I_0458.wav
I_0459.wav,I,1.0,16000,0.066933,0.282959,D:\STUPEN\Heartz\data-science\dataset\clean\I\I_0459.wav
I_0460.wav,I,1.0,16000,0.066933,0.303589,D:\STUPEN\Heartz\data-science\dataset\clean\I\I_0460.wav
I_0461.wav,I,1.0,16000,0.066933,0.291107,D:\STUPEN\Heartz\data-science\dataset\clean\I\I_0461.wav
I_0462.wav,I,1.0,16000,0.066933,0.265625,D:\STUPEN\Heartz\data-science\dataset\clean\I\I_0462.wav
I_0463.wav,I,1.0,16000,0.066933,0.284546,D:\STUPEN\Heartz\data-science\dataset\clean\I\I_0463.wav
I_0464.wav,I,1.0,16000,0.066933,0.306702,D:\STUPEN\Heartz\data-science\dataset\clean\I\I_0464.wav
I_0465.wav,I,1.0,16000,0.069282,0.275055,D:\STUPEN\Heartz\data-science\dataset\clean\I\I_0465.wav
I_0466.wav,I,1.0,16000,0.066933,0.279877,D:\STUPEN\Heartz\data-science\dataset\clean\I\I_0466.wav
I_0467.wav,I,1.0,16000,0.064498,0.261749,D:\STUPEN\Heartz\data-science\dataset\clean\I\I_0467.wav
I_0468.wav,I,1.0,16000,0.066933,0.241547,D:\STUPEN\Heartz\data-science\dataset\clean\I\I_0468.wav
I_0469.wav,I,1.0,16000,0.064498,0.266602,D:\STUPEN\Heartz\data-science\dataset\clean\I\I_0469.wav
I_0470.wav,I,1.0,16000,0.066933,0.247223,D:\STUPEN\Heartz\data-science\dataset\clean\I\I_0470.wav
I_0471.wav,I,1.0,16000,0.064498,0.290131,D:\STUPEN\Heartz\data-science\dataset\clean\I\I_0471.wav
I_0472.wav,I,1.0,16000,0.066933,0.297241,D:\STUPEN\Heartz\data-science\dataset\clean\I\I_0472.wav
I_0473.wav,I,1.0,16000,0.064498,0.326447,D:\STUPEN\Heartz\data-science\dataset\clean\I\I_0473.wav
I_0474.wav,I,1.0,16000,0.066933,0.324432,D:\STUPEN\Heartz\data-science\dataset\clean\I\I_0474.wav
I_0475.wav,I,1.0,16000,0.066933,0.292236,D:\STUPEN\Heartz\data-science\dataset\clean\I\I_0475.wav
I_0476.wav,I,1.0,16000,0.073756,0.311737,D:\STUPEN\Heartz\data-science\dataset\clean\I\I_0476.wav
I_0477.wav,I,1.0,16000,0.075895,0.258301,D:\STUPEN\Heartz\data-science\dataset\clean\I\I_0477.wav
I_0478.wav,I,1.0,16000,0.073756,0.29068,D:\STUPEN\Heartz\data-science\dataset\clean\I\I_0478.wav
I_0479.wav,I,1.0,16000,0.071554,0.336578,D:\STUPEN\Heartz\data-science\dataset\clean\I\I_0479.wav
I_0480.wav,I,1.0,16000,0.069282,0.317169,D:\STUPEN\Heartz\data-science\dataset\clean\I\I_0480.wav
I_0481.wav,I,1.0,16000,0.064498,0.319489,D:\STUPEN\Heartz\data-science\dataset\clean\I\I_0481.wav
I_0482.wav,I,1.0,16000,0.066933,0.296783,D:\STUPEN\Heartz\data-science\dataset\clean\I\I_0482.wav
I_0483.wav,I,1.0,16000,0.069282,0.303833,D:\STUPEN\Heartz\data-science\dataset\clean\I\I_0483.wav
I_0484.wav,I,1.0,16000,0.071554,0.32959,D:\STUPEN\Heartz\data-science\dataset\clean\I\I_0484.wav
I_0485.wav,I,1.0,16000,0.066933,0.301178,D:\STUPEN\Heartz\data-science\dataset\clean\I\I_0485.wav
I_0486.wav,I,1.0,16000,0.064498,0.286163,D:\STUPEN\Heartz\data-science\dataset\clean\I\I_0486.wav
I_0487.wav,I,1.0,16000,0.061968,0.465637,D:\STUPEN\Heartz\data-science\dataset\clean\I\I_0487.wav
I_0488.wav,I,1.0,16000,0.064498,0.418121,D:\STUPEN\Heartz\data-science\dataset\clean\I\I_0488.wav
I_0489.wav,I,1.0,16000,0.064498,0.348969,D:\STUPEN\Heartz\data-science\dataset\clean\I\I_0489.wav
I_0490.wav,I,1.0,16000,0.073756,0.339142,D:\STUPEN\Heartz\data-science\dataset\clean\I\I_0490.wav
I_0491.wav,I,1.0,16000,0.077974,0.36087,D:\STUPEN\Heartz\data-science\dataset\clean\I\I_0491.wav
I_0492.wav,I,1.0,16000,0.073756,0.331665,D:\STUPEN\Heartz\data-science\dataset\clean\I\I_0492.wav
I_0493.wav,I,1.0,16000,0.069282,0.319366,D:\STUPEN\Heartz\data-science\dataset\clean\I\I_0493.wav
I_0494.wav,I,1.0,16000,0.066933,0.395081,D:\STUPEN\Heartz\data-science\dataset\clean\I\I_0494.wav
I_0495.wav,I,1.0,16000,0.064498,0.419067,D:\STUPEN\Heartz\data-science\dataset\clean\I\I_0495.wav
I_0496.wav,I,1.0,16000,0.069282,0.387909,D:\STUPEN\Heartz\data-science\dataset\clean\I\I_0496.wav
I_0497.wav,I,1.0,16000,0.066933,0.359039,D:\STUPEN\Heartz\data-science\dataset\clean\I\I_0497.wav
I_0498.wav,I,1.0,16000,0.064498,0.371918,D:\STUPEN\Heartz\data-science\dataset\clean\I\I_0498.wav
I_0499.wav,I,1.0,16000,0.064498,0.360504,D:\STUPEN\Heartz\data-science\dataset\clean\I\I_0499.wav
I_0500.wav,I,1.0,16000,0.064498,0.34787,D:\STUPEN\Heartz\data-science\dataset\clean\I\I_0500.wav
Ma_0001.wav,Ma,1.0,16000,0.073756,0.606506,D:\STUPEN\Heartz\data-science\dataset\clean\Ma\Ma_0001.wav
Ma_0002.wav,Ma,1.0,16000,0.101579,0.893494,D:\STUPEN\Heartz\data-science\dataset\clean\Ma\Ma_0002.wav
Ma_0003.wav,Ma,1.0,16000,0.115585,0.905579,D:\STUPEN\Heartz\data-science\dataset\clean\Ma\Ma_0003.wav
Ma_0004.wav,Ma,1.0,16000,0.069282,0.549225,D:\STUPEN\Heartz\data-science\dataset\clean\Ma\Ma_0004.wav
Ma_0005.wav,Ma,1.0,16000,0.069282,0.59964,D:\STUPEN\Heartz\data-science\dataset\clean\Ma\Ma_0005.wav
Ma_0006.wav,Ma,1.0,16000,0.069282,0.587616,D:\STUPEN\Heartz\data-science\dataset\clean\Ma\Ma_0006.wav
Ma_0007.wav,Ma,1.0,16000,0.069282,0.559692,D:\STUPEN\Heartz\data-science\dataset\clean\Ma\Ma_0007.wav
Ma_0008.wav,Ma,1.0,16000,0.071554,0.544281,D:\STUPEN\Heartz\data-science\dataset\clean\Ma\Ma_0008.wav
Ma_0009.wav,Ma,1.0,16000,0.075895,0.58667,D:\STUPEN\Heartz\data-science\dataset\clean\Ma\Ma_0009.wav
Ma_0010.wav,Ma,1.0,16000,0.071554,0.534454,D:\STUPEN\Heartz\data-science\dataset\clean\Ma\Ma_0010.wav
Ma_0011.wav,Ma,1.0,16000,0.095806,0.920013,D:\STUPEN\Heartz\data-science\dataset\clean\Ma\Ma_0011.wav
Ma_0012.wav,Ma,1.0,16000,0.07142,0.78894,D:\STUPEN\Heartz\data-science\dataset\clean\Ma\Ma_0012.wav
Ma_0013.wav,Ma,1.0,16000,0.077974,0.768524,D:\STUPEN\Heartz\data-science\dataset\clean\Ma\Ma_0013.wav
Ma_0014.wav,Ma,1.0,16000,0.069282,0.593964,D:\STUPEN\Heartz\data-science\dataset\clean\Ma\Ma_0014.wav
Ma_0015.wav,Ma,1.0,16000,0.071554,0.551086,D:\STUPEN\Heartz\data-science\dataset\clean\Ma\Ma_0015.wav
Ma_0016.wav,Ma,1.0,16000,0.066933,0.589142,D:\STUPEN\Heartz\data-science\dataset\clean\Ma\Ma_0016.wav
Ma_0017.wav,Ma,1.0,16000,0.061968,0.556458,D:\STUPEN\Heartz\data-science\dataset\clean\Ma\Ma_0017.wav
Ma_0018.wav,Ma,1.0,16000,0.064498,0.565033,D:\STUPEN\Heartz\data-science\dataset\clean\Ma\Ma_0018.wav
Ma_0019.wav,Ma,1.0,16000,0.092399,0.98999,D:\STUPEN\Heartz\data-science\dataset\clean\Ma\Ma_0019.wav
Ma_0020.wav,Ma,1.0,16000,0.09798,0.916534,D:\STUPEN\Heartz\data-science\dataset\clean\Ma\Ma_0020.wav
Ma_0021.wav,Ma,1.0,16000,0.088793,0.835907,D:\STUPEN\Heartz\data-science\dataset\clean\Ma\Ma_0021.wav
Ma_0022.wav,Ma,1.0,16000,0.118017,0.9599,D:\STUPEN\Heartz\data-science\dataset\clean\Ma\Ma_0022.wav
Ma_0023.wav,Ma,1.0,16000,0.069282,0.601685,D:\STUPEN\Heartz\data-science\dataset\clean\Ma\Ma_0023.wav
Ma_0024.wav,Ma,1.0,16000,0.071554,0.511383,D:\STUPEN\Heartz\data-science\dataset\clean\Ma\Ma_0024.wav
Ma_0025.wav,Ma,1.0,16000,0.071554,0.527435,D:\STUPEN\Heartz\data-science\dataset\clean\Ma\Ma_0025.wav
Ma_0026.wav,Ma,1.0,16000,0.071554,0.503143,D:\STUPEN\Heartz\data-science\dataset\clean\Ma\Ma_0026.wav
Ma_0027.wav,Ma,1.0,16000,0.071554,0.529236,D:\STUPEN\Heartz\data-science\dataset\clean\Ma\Ma_0027.wav
Ma_0028.wav,Ma,1.0,16000,0.075895,0.598236,D:\STUPEN\Heartz\data-science\dataset\clean\Ma\Ma_0028.wav
Ma_0029.wav,Ma,1.0,16000,0.077974,0.686859,D:\STUPEN\Heartz\data-science\dataset\clean\Ma\Ma_0029.wav
Ma_0030.wav,Ma,1.0,16000,0.073756,0.56662,D:\STUPEN\Heartz\data-science\dataset\clean\Ma\Ma_0030.wav
Ma_0031.wav,Ma,1.0,16000,0.073756,0.554443,D:\STUPEN\Heartz\data-science\dataset\clean\Ma\Ma_0031.wav
Ma_0032.wav,Ma,1.0,16000,0.071554,0.571777,D:\STUPEN\Heartz\data-science\dataset\clean\Ma\Ma_0032.wav
Ma_0033.wav,Ma,1.0,16000,0.091214,0.712585,D:\STUPEN\Heartz\data-science\dataset\clean\Ma\Ma_0033.wav
Ma_0034.wav,Ma,1.0,16000,0.096333,0.836395,D:\STUPEN\Heartz\data-science\dataset\clean\Ma\Ma_0034.wav
Ma_0035.wav,Ma,1.0,16000,0.071554,0.531433,D:\STUPEN\Heartz\data-science\dataset\clean\Ma\Ma_0035.wav
Ma_0036.wav,Ma,1.0,16000,0.08579,0.626801,D:\STUPEN\Heartz\data-science\dataset\clean\Ma\Ma_0036.wav
Ma_0037.wav,Ma,1.0,16000,0.08579,0.73526,D:\STUPEN\Heartz\data-science\dataset\clean\Ma\Ma_0037.wav
Ma_0038.wav,Ma,1.0,16000,0.105768,0.871338,D:\STUPEN\Heartz\data-science\dataset\clean\Ma\Ma_0038.wav
Ma_0039.wav,Ma,1.0,16000,0.069282,0.589081,D:\STUPEN\Heartz\data-science\dataset\clean\Ma\Ma_0039.wav
Ma_0040.wav,Ma,1.0,16000,0.061968,0.560852,D:\STUPEN\Heartz\data-science\dataset\clean\Ma\Ma_0040.wav
Ma_0041.wav,Ma,1.0,16000,0.066933,0.583496,D:\STUPEN\Heartz\data-science\dataset\clean\Ma\Ma_0041.wav
Ma_0042.wav,Ma,1.0,16000,0.066933,0.530731,D:\STUPEN\Heartz\data-science\dataset\clean\Ma\Ma_0042.wav
Ma_0043.wav,Ma,1.0,16000,0.068847,0.509125,D:\STUPEN\Heartz\data-science\dataset\clean\Ma\Ma_0043.wav
Ma_0044.wav,Ma,1.0,16000,0.075895,0.833862,D:\STUPEN\Heartz\data-science\dataset\clean\Ma\Ma_0044.wav
Ma_0045.wav,Ma,1.0,16000,0.073756,0.559967,D:\STUPEN\Heartz\data-science\dataset\clean\Ma\Ma_0045.wav
Ma_0046.wav,Ma,1.0,16000,0.069282,0.525024,D:\STUPEN\Heartz\data-science\dataset\clean\Ma\Ma_0046.wav
Ma_0047.wav,Ma,1.0,16000,0.102742,0.851318,D:\STUPEN\Heartz\data-science\dataset\clean\Ma\Ma_0047.wav
Ma_0048.wav,Ma,1.0,16000,0.09273,0.929779,D:\STUPEN\Heartz\data-science\dataset\clean\Ma\Ma_0048.wav
Ma_0049.wav,Ma,1.0,16000,0.078994,0.428314,D:\STUPEN\Heartz\data-science\dataset\clean\Ma\Ma_0049.wav
Ma_0050.wav,Ma,1.0,16000,0.064498,0.553192,D:\STUPEN\Heartz\data-science\dataset\clean\Ma\Ma_0050.wav
Ma_0051.wav,Ma,1.0,16000,0.094657,0.726044,D:\STUPEN\Heartz\data-science\dataset\clean\Ma\Ma_0051.wav
Ma_0052.wav,Ma,1.0,16000,0.069282,0.616028,D:\STUPEN\Heartz\data-science\dataset\clean\Ma\Ma_0052.wav
Ma_0053.wav,Ma,1.0,16000,0.064498,0.547424,D:\STUPEN\Heartz\data-science\dataset\clean\Ma\Ma_0053.wav
Ma_0054.wav,Ma,1.0,16000,0.066933,0.552277,D:\STUPEN\Heartz\data-science\dataset\clean\Ma\Ma_0054.wav
Ma_0055.wav,Ma,1.0,16000,0.061968,0.571228,D:\STUPEN\Heartz\data-science\dataset\clean\Ma\Ma_0055.wav
Ma_0056.wav,Ma,1.0,16000,0.061968,0.59845,D:\STUPEN\Heartz\data-science\dataset\clean\Ma\Ma_0056.wav
Ma_0057.wav,Ma,1.0,16000,0.061968,0.500214,D:\STUPEN\Heartz\data-science\dataset\clean\Ma\Ma_0057.wav
Ma_0058.wav,Ma,1.0,16000,0.066933,0.56546,D:\STUPEN\Heartz\data-science\dataset\clean\Ma\Ma_0058.wav
Ma_0059.wav,Ma,1.0,16000,0.066933,0.616577,D:\STUPEN\Heartz\data-science\dataset\clean\Ma\Ma_0059.wav
Ma_0060.wav,Ma,1.0,16000,0.064498,0.566956,D:\STUPEN\Heartz\data-science\dataset\clean\Ma\Ma_0060.wav
Ma_0061.wav,Ma,1.0,16000,0.066933,0.613403,D:\STUPEN\Heartz\data-science\dataset\clean\Ma\Ma_0061.wav
Ma_0062.wav,Ma,1.0,16000,0.069282,0.581085,D:\STUPEN\Heartz\data-science\dataset\clean\Ma\Ma_0062.wav
Ma_0063.wav,Ma,1.0,16000,0.064498,0.59259,D:\STUPEN\Heartz\data-science\dataset\clean\Ma\Ma_0063.wav
Ma_0064.wav,Ma,1.0,16000,0.071554,0.617035,D:\STUPEN\Heartz\data-science\dataset\clean\Ma\Ma_0064.wav
Ma_0065.wav,Ma,1.0,16000,0.073756,0.641266,D:\STUPEN\Heartz\data-science\dataset\clean\Ma\Ma_0065.wav
Ma_0066.wav,Ma,1.0,16000,0.071554,0.641968,D:\STUPEN\Heartz\data-science\dataset\clean\Ma\Ma_0066.wav
Ma_0067.wav,Ma,1.0,16000,0.075895,0.669708,D:\STUPEN\Heartz\data-science\dataset\clean\Ma\Ma_0067.wav
Ma_0068.wav,Ma,1.0,16000,0.073756,0.583862,D:\STUPEN\Heartz\data-science\dataset\clean\Ma\Ma_0068.wav
Ma_0069.wav,Ma,1.0,16000,0.071554,0.689392,D:\STUPEN\Heartz\data-science\dataset\clean\Ma\Ma_0069.wav
Ma_0070.wav,Ma,1.0,16000,0.069282,0.557281,D:\STUPEN\Heartz\data-science\dataset\clean\Ma\Ma_0070.wav
Ma_0071.wav,Ma,1.0,16000,0.069282,0.589478,D:\STUPEN\Heartz\data-science\dataset\clean\Ma\Ma_0071.wav
Ma_0072.wav,Ma,1.0,16000,0.064498,0.534576,D:\STUPEN\Heartz\data-science\dataset\clean\Ma\Ma_0072.wav
Ma_0073.wav,Ma,1.0,16000,0.071554,0.664795,D:\STUPEN\Heartz\data-science\dataset\clean\Ma\Ma_0073.wav
Ma_0074.wav,Ma,1.0,16000,0.066933,0.571136,D:\STUPEN\Heartz\data-science\dataset\clean\Ma\Ma_0074.wav
Ma_0075.wav,Ma,1.0,16000,0.066933,0.54599,D:\STUPEN\Heartz\data-science\dataset\clean\Ma\Ma_0075.wav
Ma_0076.wav,Ma,1.0,16000,0.110151,0.989807,D:\STUPEN\Heartz\data-science\dataset\clean\Ma\Ma_0076.wav
Ma_0077.wav,Ma,1.0,16000,0.08513,0.885223,D:\STUPEN\Heartz\data-science\dataset\clean\Ma\Ma_0077.wav
Ma_0078.wav,Ma,1.0,16000,0.077974,0.499603,D:\STUPEN\Heartz\data-science\dataset\clean\Ma\Ma_0078.wav
Ma_0079.wav,Ma,1.0,16000,0.08,0.790802,D:\STUPEN\Heartz\data-science\dataset\clean\Ma\Ma_0079.wav
Ma_0080.wav,Ma,1.0,16000,0.066933,0.64151,D:\STUPEN\Heartz\data-science\dataset\clean\Ma\Ma_0080.wav
Ma_0081.wav,Ma,1.0,16000,0.09798,0.82666,D:\STUPEN\Heartz\data-science\dataset\clean\Ma\Ma_0081.wav
Ma_0082.wav,Ma,1.0,16000,0.096333,0.479126,D:\STUPEN\Heartz\data-science\dataset\clean\Ma\Ma_0082.wav
Ma_0083.wav,Ma,1.0,16000,0.108738,0.927765,D:\STUPEN\Heartz\data-science\dataset\clean\Ma\Ma_0083.wav
Ma_0084.wav,Ma,1.0,16000,0.071554,0.584412,D:\STUPEN\Heartz\data-science\dataset\clean\Ma\Ma_0084.wav
Ma_0085.wav,Ma,1.0,16000,0.08,0.53952,D:\STUPEN\Heartz\data-science\dataset\clean\Ma\Ma_0085.wav
Ma_0086.wav,Ma,1.0,16000,0.073756,0.594757,D:\STUPEN\Heartz\data-science\dataset\clean\Ma\Ma_0086.wav
Ma_0087.wav,Ma,1.0,16000,0.077974,0.642334,D:\STUPEN\Heartz\data-science\dataset\clean\Ma\Ma_0087.wav
Ma_0088.wav,Ma,1.0,16000,0.071554,0.528107,D:\STUPEN\Heartz\data-science\dataset\clean\Ma\Ma_0088.wav
Ma_0089.wav,Ma,1.0,16000,0.073756,0.567047,D:\STUPEN\Heartz\data-science\dataset\clean\Ma\Ma_0089.wav
Ma_0090.wav,Ma,1.0,16000,0.122165,0.94397,D:\STUPEN\Heartz\data-science\dataset\clean\Ma\Ma_0090.wav
Ma_0091.wav,Ma,1.0,16000,0.099599,0.879608,D:\STUPEN\Heartz\data-science\dataset\clean\Ma\Ma_0091.wav
Ma_0092.wav,Ma,1.0,16000,0.108674,0.918243,D:\STUPEN\Heartz\data-science\dataset\clean\Ma\Ma_0092.wav
Ma_0093.wav,Ma,1.0,16000,0.091635,0.796509,D:\STUPEN\Heartz\data-science\dataset\clean\Ma\Ma_0093.wav
Ma_0094.wav,Ma,1.0,16000,0.064498,0.601044,D:\STUPEN\Heartz\data-science\dataset\clean\Ma\Ma_0094.wav
Ma_0095.wav,Ma,1.0,16000,0.064498,0.616577,D:\STUPEN\Heartz\data-science\dataset\clean\Ma\Ma_0095.wav
Ma_0096.wav,Ma,1.0,16000,0.064498,0.680786,D:\STUPEN\Heartz\data-science\dataset\clean\Ma\Ma_0096.wav
Ma_0097.wav,Ma,1.0,16000,0.061968,0.731293,D:\STUPEN\Heartz\data-science\dataset\clean\Ma\Ma_0097.wav
Ma_0098.wav,Ma,1.0,16000,0.066933,0.605743,D:\STUPEN\Heartz\data-science\dataset\clean\Ma\Ma_0098.wav
Ma_0099.wav,Ma,1.0,16000,0.066933,0.57959,D:\STUPEN\Heartz\data-science\dataset\clean\Ma\Ma_0099.wav
Ma_0100.wav,Ma,1.0,16000,0.069282,0.677979,D:\STUPEN\Heartz\data-science\dataset\clean\Ma\Ma_0100.wav
Ma_0101.wav,Ma,1.0,16000,0.069282,0.581024,D:\STUPEN\Heartz\data-science\dataset\clean\Ma\Ma_0101.wav
Ma_0102.wav,Ma,1.0,16000,0.064498,0.551605,D:\STUPEN\Heartz\data-science\dataset\clean\Ma\Ma_0102.wav
Ma_0103.wav,Ma,1.0,16000,0.064498,0.501251,D:\STUPEN\Heartz\data-science\dataset\clean\Ma\Ma_0103.wav
Ma_0104.wav,Ma,1.0,16000,0.066933,0.499268,D:\STUPEN\Heartz\data-science\dataset\clean\Ma\Ma_0104.wav
Ma_0105.wav,Ma,1.0,16000,0.061968,0.578979,D:\STUPEN\Heartz\data-science\dataset\clean\Ma\Ma_0105.wav
Ma_0106.wav,Ma,1.0,16000,0.064498,0.517639,D:\STUPEN\Heartz\data-science\dataset\clean\Ma\Ma_0106.wav
Ma_0107.wav,Ma,1.0,16000,0.064498,0.667603,D:\STUPEN\Heartz\data-science\dataset\clean\Ma\Ma_0107.wav
Ma_0108.wav,Ma,1.0,16000,0.066933,0.618073,D:\STUPEN\Heartz\data-science\dataset\clean\Ma\Ma_0108.wav
Ma_0109.wav,Ma,1.0,16000,0.066933,0.585968,D:\STUPEN\Heartz\data-science\dataset\clean\Ma\Ma_0109.wav
Ma_0110.wav,Ma,1.0,16000,0.061968,0.548462,D:\STUPEN\Heartz\data-science\dataset\clean\Ma\Ma_0110.wav
Ma_0111.wav,Ma,1.0,16000,0.061968,0.538605,D:\STUPEN\Heartz\data-science\dataset\clean\Ma\Ma_0111.wav
Ma_0112.wav,Ma,1.0,16000,0.071554,0.591095,D:\STUPEN\Heartz\data-science\dataset\clean\Ma\Ma_0112.wav
Ma_0113.wav,Ma,1.0,16000,0.066933,0.72049,D:\STUPEN\Heartz\data-science\dataset\clean\Ma\Ma_0113.wav
Ma_0114.wav,Ma,1.0,16000,0.073756,0.600525,D:\STUPEN\Heartz\data-science\dataset\clean\Ma\Ma_0114.wav
Ma_0115.wav,Ma,1.0,16000,0.064498,0.528961,D:\STUPEN\Heartz\data-science\dataset\clean\Ma\Ma_0115.wav
Ma_0116.wav,Ma,1.0,16000,0.069282,0.612335,D:\STUPEN\Heartz\data-science\dataset\clean\Ma\Ma_0116.wav
Ma_0117.wav,Ma,1.0,16000,0.064498,0.567566,D:\STUPEN\Heartz\data-science\dataset\clean\Ma\Ma_0117.wav
Ma_0118.wav,Ma,1.0,16000,0.066933,0.566895,D:\STUPEN\Heartz\data-science\dataset\clean\Ma\Ma_0118.wav
Ma_0119.wav,Ma,1.0,16000,0.075189,0.841248,D:\STUPEN\Heartz\data-science\dataset\clean\Ma\Ma_0119.wav
Ma_0120.wav,Ma,1.0,16000,0.064498,0.510193,D:\STUPEN\Heartz\data-science\dataset\clean\Ma\Ma_0120.wav
Ma_0121.wav,Ma,1.0,16000,0.061968,0.504272,D:\STUPEN\Heartz\data-science\dataset\clean\Ma\Ma_0121.wav
Ma_0122.wav,Ma,1.0,16000,0.066933,0.56073,D:\STUPEN\Heartz\data-science\dataset\clean\Ma\Ma_0122.wav
Ma_0123.wav,Ma,1.0,16000,0.066933,0.515442,D:\STUPEN\Heartz\data-science\dataset\clean\Ma\Ma_0123.wav
Ma_0124.wav,Ma,1.0,16000,0.064498,0.560944,D:\STUPEN\Heartz\data-science\dataset\clean\Ma\Ma_0124.wav
Ma_0125.wav,Ma,1.0,16000,0.066933,0.49881,D:\STUPEN\Heartz\data-science\dataset\clean\Ma\Ma_0125.wav
Ma_0126.wav,Ma,1.0,16000,0.109385,0.98999,D:\STUPEN\Heartz\data-science\dataset\clean\Ma\Ma_0126.wav
Ma_0127.wav,Ma,1.0,16000,0.066933,0.561798,D:\STUPEN\Heartz\data-science\dataset\clean\Ma\Ma_0127.wav
Ma_0128.wav,Ma,1.0,16000,0.066933,0.599396,D:\STUPEN\Heartz\data-science\dataset\clean\Ma\Ma_0128.wav
Ma_0129.wav,Ma,1.0,16000,0.071554,0.584564,D:\STUPEN\Heartz\data-science\dataset\clean\Ma\Ma_0129.wav
Ma_0130.wav,Ma,1.0,16000,0.066933,0.645691,D:\STUPEN\Heartz\data-science\dataset\clean\Ma\Ma_0130.wav
Ma_0131.wav,Ma,1.0,16000,0.091214,0.782471,D:\STUPEN\Heartz\data-science\dataset\clean\Ma\Ma_0131.wav
Ma_0132.wav,Ma,1.0,16000,0.061968,0.632019,D:\STUPEN\Heartz\data-science\dataset\clean\Ma\Ma_0132.wav
Ma_0133.wav,Ma,1.0,16000,0.066933,0.622589,D:\STUPEN\Heartz\data-science\dataset\clean\Ma\Ma_0133.wav
Ma_0134.wav,Ma,1.0,16000,0.069282,0.557861,D:\STUPEN\Heartz\data-science\dataset\clean\Ma\Ma_0134.wav
Ma_0135.wav,Ma,1.0,16000,0.064498,0.527466,D:\STUPEN\Heartz\data-science\dataset\clean\Ma\Ma_0135.wav
Ma_0136.wav,Ma,1.0,16000,0.061968,0.522858,D:\STUPEN\Heartz\data-science\dataset\clean\Ma\Ma_0136.wav
Ma_0137.wav,Ma,1.0,16000,0.066933,0.54715,D:\STUPEN\Heartz\data-science\dataset\clean\Ma\Ma_0137.wav
Ma_0138.wav,Ma,1.0,16000,0.064498,0.598541,D:\STUPEN\Heartz\data-science\dataset\clean\Ma\Ma_0138.wav
Ma_0139.wav,Ma,1.0,16000,0.061968,0.55426,D:\STUPEN\Heartz\data-science\dataset\clean\Ma\Ma_0139.wav
Ma_0140.wav,Ma,1.0,16000,0.061968,0.545685,D:\STUPEN\Heartz\data-science\dataset\clean\Ma\Ma_0140.wav
Ma_0141.wav,Ma,1.0,16000,0.096333,0.8508,D:\STUPEN\Heartz\data-science\dataset\clean\Ma\Ma_0141.wav
Ma_0142.wav,Ma,1.0,16000,0.071554,0.615875,D:\STUPEN\Heartz\data-science\dataset\clean\Ma\Ma_0142.wav
Ma_0143.wav,Ma,1.0,16000,0.077974,0.621796,D:\STUPEN\Heartz\data-science\dataset\clean\Ma\Ma_0143.wav
Ma_0144.wav,Ma,1.0,16000,0.075895,0.507324,D:\STUPEN\Heartz\data-science\dataset\clean\Ma\Ma_0144.wav
Ma_0145.wav,Ma,1.0,16000,0.069282,0.518738,D:\STUPEN\Heartz\data-science\dataset\clean\Ma\Ma_0145.wav
Ma_0146.wav,Ma,1.0,16000,0.066933,0.526062,D:\STUPEN\Heartz\data-science\dataset\clean\Ma\Ma_0146.wav
Ma_0147.wav,Ma,1.0,16000,0.087636,0.617004,D:\STUPEN\Heartz\data-science\dataset\clean\Ma\Ma_0147.wav
Ma_0148.wav,Ma,1.0,16000,0.077974,0.668549,D:\STUPEN\Heartz\data-science\dataset\clean\Ma\Ma_0148.wav
Ma_0149.wav,Ma,1.0,16000,0.073756,0.591522,D:\STUPEN\Heartz\data-science\dataset\clean\Ma\Ma_0149.wav
Ma_0150.wav,Ma,1.0,16000,0.075895,0.496063,D:\STUPEN\Heartz\data-science\dataset\clean\Ma\Ma_0150.wav
Ma_0151.wav,Ma,1.0,16000,0.08,0.721039,D:\STUPEN\Heartz\data-science\dataset\clean\Ma\Ma_0151.wav
Ma_0152.wav,Ma,1.0,16000,0.077974,0.641541,D:\STUPEN\Heartz\data-science\dataset\clean\Ma\Ma_0152.wav
Ma_0153.wav,Ma,1.0,16000,0.075895,0.593842,D:\STUPEN\Heartz\data-science\dataset\clean\Ma\Ma_0153.wav
Ma_0154.wav,Ma,1.0,16000,0.087636,0.672333,D:\STUPEN\Heartz\data-science\dataset\clean\Ma\Ma_0154.wav
Ma_0155.wav,Ma,1.0,16000,0.075895,0.519165,D:\STUPEN\Heartz\data-science\dataset\clean\Ma\Ma_0155.wav
Ma_0156.wav,Ma,1.0,16000,0.075895,0.536957,D:\STUPEN\Heartz\data-science\dataset\clean\Ma\Ma_0156.wav
Ma_0157.wav,Ma,1.0,16000,0.077974,0.510468,D:\STUPEN\Heartz\data-science\dataset\clean\Ma\Ma_0157.wav
Ma_0158.wav,Ma,1.0,16000,0.083905,0.549194,D:\STUPEN\Heartz\data-science\dataset\clean\Ma\Ma_0158.wav
Ma_0159.wav,Ma,1.0,16000,0.077974,0.471832,D:\STUPEN\Heartz\data-science\dataset\clean\Ma\Ma_0159.wav
Ma_0160.wav,Ma,1.0,16000,0.08,0.568024,D:\STUPEN\Heartz\data-science\dataset\clean\Ma\Ma_0160.wav
Ma_0161.wav,Ma,1.0,16000,0.08,0.640259,D:\STUPEN\Heartz\data-science\dataset\clean\Ma\Ma_0161.wav
Ma_0162.wav,Ma,1.0,16000,0.083905,0.701141,D:\STUPEN\Heartz\data-science\dataset\clean\Ma\Ma_0162.wav
Ma_0163.wav,Ma,1.0,16000,0.08,0.64444,D:\STUPEN\Heartz\data-science\dataset\clean\Ma\Ma_0163.wav
Ma_0164.wav,Ma,1.0,16000,0.073756,0.595154,D:\STUPEN\Heartz\data-science\dataset\clean\Ma\Ma_0164.wav
Ma_0165.wav,Ma,1.0,16000,0.071554,0.557617,D:\STUPEN\Heartz\data-science\dataset\clean\Ma\Ma_0165.wav
Ma_0166.wav,Ma,1.0,16000,0.069282,0.521057,D:\STUPEN\Heartz\data-science\dataset\clean\Ma\Ma_0166.wav
Ma_0167.wav,Ma,1.0,16000,0.073756,0.567291,D:\STUPEN\Heartz\data-science\dataset\clean\Ma\Ma_0167.wav
Ma_0168.wav,Ma,1.0,16000,0.071554,0.577454,D:\STUPEN\Heartz\data-science\dataset\clean\Ma\Ma_0168.wav
Ma_0169.wav,Ma,1.0,16000,0.075895,0.596222,D:\STUPEN\Heartz\data-science\dataset\clean\Ma\Ma_0169.wav
Ma_0170.wav,Ma,1.0,16000,0.075895,0.588013,D:\STUPEN\Heartz\data-science\dataset\clean\Ma\Ma_0170.wav
Ma_0171.wav,Ma,1.0,16000,0.075895,0.49057,D:\STUPEN\Heartz\data-science\dataset\clean\Ma\Ma_0171.wav
Ma_0172.wav,Ma,1.0,16000,0.083905,0.549774,D:\STUPEN\Heartz\data-science\dataset\clean\Ma\Ma_0172.wav
Ma_0173.wav,Ma,1.0,16000,0.069282,0.534302,D:\STUPEN\Heartz\data-science\dataset\clean\Ma\Ma_0173.wav
Ma_0174.wav,Ma,1.0,16000,0.073756,0.508514,D:\STUPEN\Heartz\data-science\dataset\clean\Ma\Ma_0174.wav
Ma_0175.wav,Ma,1.0,16000,0.064478,0.802094,D:\STUPEN\Heartz\data-science\dataset\clean\Ma\Ma_0175.wav
Ma_0176.wav,Ma,1.0,16000,0.073756,0.545746,D:\STUPEN\Heartz\data-science\dataset\clean\Ma\Ma_0176.wav
Ma_0177.wav,Ma,1.0,16000,0.071554,0.608826,D:\STUPEN\Heartz\data-science\dataset\clean\Ma\Ma_0177.wav
Ma_0178.wav,Ma,1.0,16000,0.08,0.594971,D:\STUPEN\Heartz\data-science\dataset\clean\Ma\Ma_0178.wav
Ma_0179.wav,Ma,1.0,16000,0.11294,0.824554,D:\STUPEN\Heartz\data-science\dataset\clean\Ma\Ma_0179.wav
Ma_0180.wav,Ma,1.0,16000,0.081976,0.445831,D:\STUPEN\Heartz\data-science\dataset\clean\Ma\Ma_0180.wav
Ma_0181.wav,Ma,1.0,16000,0.089443,0.725281,D:\STUPEN\Heartz\data-science\dataset\clean\Ma\Ma_0181.wav
Ma_0182.wav,Ma,1.0,16000,0.071554,0.597504,D:\STUPEN\Heartz\data-science\dataset\clean\Ma\Ma_0182.wav
Ma_0183.wav,Ma,1.0,16000,0.066933,0.572876,D:\STUPEN\Heartz\data-science\dataset\clean\Ma\Ma_0183.wav
Ma_0184.wav,Ma,1.0,16000,0.087636,0.771606,D:\STUPEN\Heartz\data-science\dataset\clean\Ma\Ma_0184.wav
Ma_0185.wav,Ma,1.0,16000,0.071554,0.648743,D:\STUPEN\Heartz\data-science\dataset\clean\Ma\Ma_0185.wav
Ma_0186.wav,Ma,1.0,16000,0.069282,0.54248,D:\STUPEN\Heartz\data-science\dataset\clean\Ma\Ma_0186.wav
Ma_0187.wav,Ma,1.0,16000,0.071554,0.563995,D:\STUPEN\Heartz\data-science\dataset\clean\Ma\Ma_0187.wav
Ma_0188.wav,Ma,1.0,16000,0.071554,0.522003,D:\STUPEN\Heartz\data-science\dataset\clean\Ma\Ma_0188.wav
Ma_0189.wav,Ma,1.0,16000,0.073756,0.512817,D:\STUPEN\Heartz\data-science\dataset\clean\Ma\Ma_0189.wav
Ma_0190.wav,Ma,1.0,16000,0.069282,0.524902,D:\STUPEN\Heartz\data-science\dataset\clean\Ma\Ma_0190.wav
Ma_0191.wav,Ma,1.0,16000,0.077974,0.302399,D:\STUPEN\Heartz\data-science\dataset\clean\Ma\Ma_0191.wav
Ma_0192.wav,Ma,1.0,16000,0.073756,0.513733,D:\STUPEN\Heartz\data-science\dataset\clean\Ma\Ma_0192.wav
Ma_0193.wav,Ma,1.0,16000,0.085791,0.683563,D:\STUPEN\Heartz\data-science\dataset\clean\Ma\Ma_0193.wav
Ma_0194.wav,Ma,1.0,16000,0.069282,0.511658,D:\STUPEN\Heartz\data-science\dataset\clean\Ma\Ma_0194.wav
Ma_0195.wav,Ma,1.0,16000,0.066933,0.519165,D:\STUPEN\Heartz\data-science\dataset\clean\Ma\Ma_0195.wav
Ma_0196.wav,Ma,1.0,16000,0.073756,0.53595,D:\STUPEN\Heartz\data-science\dataset\clean\Ma\Ma_0196.wav
Ma_0197.wav,Ma,1.0,16000,0.073756,0.606506,D:\STUPEN\Heartz\data-science\dataset\clean\Ma\Ma_0197.wav
Ma_0198.wav,Ma,1.0,16000,0.101579,0.893494,D:\STUPEN\Heartz\data-science\dataset\clean\Ma\Ma_0198.wav
Ma_0199.wav,Ma,1.0,16000,0.115585,0.905579,D:\STUPEN\Heartz\data-science\dataset\clean\Ma\Ma_0199.wav
Ma_0200.wav,Ma,1.0,16000,0.069282,0.549225,D:\STUPEN\Heartz\data-science\dataset\clean\Ma\Ma_0200.wav
Ma_0201.wav,Ma,1.0,16000,0.069282,0.59964,D:\STUPEN\Heartz\data-science\dataset\clean\Ma\Ma_0201.wav
Ma_0202.wav,Ma,1.0,16000,0.069282,0.587616,D:\STUPEN\Heartz\data-science\dataset\clean\Ma\Ma_0202.wav
Ma_0203.wav,Ma,1.0,16000,0.069282,0.559692,D:\STUPEN\Heartz\data-science\dataset\clean\Ma\Ma_0203.wav
Ma_0204.wav,Ma,1.0,16000,0.071554,0.544281,D:\STUPEN\Heartz\data-science\dataset\clean\Ma\Ma_0204.wav
Ma_0205.wav,Ma,1.0,16000,0.075895,0.58667,D:\STUPEN\Heartz\data-science\dataset\clean\Ma\Ma_0205.wav
Ma_0206.wav,Ma,1.0,16000,0.071554,0.534454,D:\STUPEN\Heartz\data-science\dataset\clean\Ma\Ma_0206.wav
Ma_0207.wav,Ma,1.0,16000,0.095806,0.920013,D:\STUPEN\Heartz\data-science\dataset\clean\Ma\Ma_0207.wav
Ma_0208.wav,Ma,1.0,16000,0.07142,0.78894,D:\STUPEN\Heartz\data-science\dataset\clean\Ma\Ma_0208.wav
Ma_0209.wav,Ma,1.0,16000,0.077974,0.768524,D:\STUPEN\Heartz\data-science\dataset\clean\Ma\Ma_0209.wav
Ma_0210.wav,Ma,1.0,16000,0.069282,0.593964,D:\STUPEN\Heartz\data-science\dataset\clean\Ma\Ma_0210.wav
Ma_0211.wav,Ma,1.0,16000,0.071554,0.551086,D:\STUPEN\Heartz\data-science\dataset\clean\Ma\Ma_0211.wav
Ma_0212.wav,Ma,1.0,16000,0.066933,0.589142,D:\STUPEN\Heartz\data-science\dataset\clean\Ma\Ma_0212.wav
Ma_0213.wav,Ma,1.0,16000,0.061968,0.556458,D:\STUPEN\Heartz\data-science\dataset\clean\Ma\Ma_0213.wav
Ma_0214.wav,Ma,1.0,16000,0.064498,0.565033,D:\STUPEN\Heartz\data-science\dataset\clean\Ma\Ma_0214.wav
Ma_0215.wav,Ma,1.0,16000,0.092399,0.98999,D:\STUPEN\Heartz\data-science\dataset\clean\Ma\Ma_0215.wav
Ma_0216.wav,Ma,1.0,16000,0.09798,0.916534,D:\STUPEN\Heartz\data-science\dataset\clean\Ma\Ma_0216.wav
Ma_0217.wav,Ma,1.0,16000,0.088793,0.835907,D:\STUPEN\Heartz\data-science\dataset\clean\Ma\Ma_0217.wav
Ma_0218.wav,Ma,1.0,16000,0.118017,0.9599,D:\STUPEN\Heartz\data-science\dataset\clean\Ma\Ma_0218.wav
Ma_0219.wav,Ma,1.0,16000,0.069282,0.601685,D:\STUPEN\Heartz\data-science\dataset\clean\Ma\Ma_0219.wav
Ma_0220.wav,Ma,1.0,16000,0.071554,0.511383,D:\STUPEN\Heartz\data-science\dataset\clean\Ma\Ma_0220.wav
Ma_0221.wav,Ma,1.0,16000,0.071554,0.527435,D:\STUPEN\Heartz\data-science\dataset\clean\Ma\Ma_0221.wav
Ma_0222.wav,Ma,1.0,16000,0.071554,0.503143,D:\STUPEN\Heartz\data-science\dataset\clean\Ma\Ma_0222.wav
Ma_0223.wav,Ma,1.0,16000,0.071554,0.529236,D:\STUPEN\Heartz\data-science\dataset\clean\Ma\Ma_0223.wav
Ma_0224.wav,Ma,1.0,16000,0.075895,0.598236,D:\STUPEN\Heartz\data-science\dataset\clean\Ma\Ma_0224.wav
Ma_0225.wav,Ma,1.0,16000,0.077974,0.686859,D:\STUPEN\Heartz\data-science\dataset\clean\Ma\Ma_0225.wav
Ma_0226.wav,Ma,1.0,16000,0.073756,0.56662,D:\STUPEN\Heartz\data-science\dataset\clean\Ma\Ma_0226.wav
Ma_0227.wav,Ma,1.0,16000,0.073756,0.554443,D:\STUPEN\Heartz\data-science\dataset\clean\Ma\Ma_0227.wav
Ma_0228.wav,Ma,1.0,16000,0.071554,0.571777,D:\STUPEN\Heartz\data-science\dataset\clean\Ma\Ma_0228.wav
Ma_0229.wav,Ma,1.0,16000,0.091214,0.712585,D:\STUPEN\Heartz\data-science\dataset\clean\Ma\Ma_0229.wav
Ma_0230.wav,Ma,1.0,16000,0.096333,0.836395,D:\STUPEN\Heartz\data-science\dataset\clean\Ma\Ma_0230.wav
Ma_0231.wav,Ma,1.0,16000,0.071554,0.531433,D:\STUPEN\Heartz\data-science\dataset\clean\Ma\Ma_0231.wav
Ma_0232.wav,Ma,1.0,16000,0.08579,0.626801,D:\STUPEN\Heartz\data-science\dataset\clean\Ma\Ma_0232.wav
Ma_0233.wav,Ma,1.0,16000,0.08579,0.73526,D:\STUPEN\Heartz\data-science\dataset\clean\Ma\Ma_0233.wav
Ma_0234.wav,Ma,1.0,16000,0.105768,0.871338,D:\STUPEN\Heartz\data-science\dataset\clean\Ma\Ma_0234.wav
Ma_0235.wav,Ma,1.0,16000,0.069282,0.589081,D:\STUPEN\Heartz\data-science\dataset\clean\Ma\Ma_0235.wav
Ma_0236.wav,Ma,1.0,16000,0.061968,0.560852,D:\STUPEN\Heartz\data-science\dataset\clean\Ma\Ma_0236.wav
Ma_0237.wav,Ma,1.0,16000,0.066933,0.583496,D:\STUPEN\Heartz\data-science\dataset\clean\Ma\Ma_0237.wav
Ma_0238.wav,Ma,1.0,16000,0.066933,0.530731,D:\STUPEN\Heartz\data-science\dataset\clean\Ma\Ma_0238.wav
Ma_0239.wav,Ma,1.0,16000,0.068847,0.509125,D:\STUPEN\Heartz\data-science\dataset\clean\Ma\Ma_0239.wav
Ma_0240.wav,Ma,1.0,16000,0.075895,0.833862,D:\STUPEN\Heartz\data-science\dataset\clean\Ma\Ma_0240.wav
Ma_0241.wav,Ma,1.0,16000,0.073756,0.559967,D:\STUPEN\Heartz\data-science\dataset\clean\Ma\Ma_0241.wav
Ma_0242.wav,Ma,1.0,16000,0.069282,0.525024,D:\STUPEN\Heartz\data-science\dataset\clean\Ma\Ma_0242.wav
Ma_0243.wav,Ma,1.0,16000,0.102742,0.851318,D:\STUPEN\Heartz\data-science\dataset\clean\Ma\Ma_0243.wav
Ma_0244.wav,Ma,1.0,16000,0.09273,0.929779,D:\STUPEN\Heartz\data-science\dataset\clean\Ma\Ma_0244.wav
Ma_0245.wav,Ma,1.0,16000,0.078994,0.428314,D:\STUPEN\Heartz\data-science\dataset\clean\Ma\Ma_0245.wav
Ma_0246.wav,Ma,1.0,16000,0.064498,0.553192,D:\STUPEN\Heartz\data-science\dataset\clean\Ma\Ma_0246.wav
Ma_0247.wav,Ma,1.0,16000,0.094657,0.726044,D:\STUPEN\Heartz\data-science\dataset\clean\Ma\Ma_0247.wav
Ma_0248.wav,Ma,1.0,16000,0.069282,0.616028,D:\STUPEN\Heartz\data-science\dataset\clean\Ma\Ma_0248.wav
Ma_0249.wav,Ma,1.0,16000,0.064498,0.547424,D:\STUPEN\Heartz\data-science\dataset\clean\Ma\Ma_0249.wav
Ma_0250.wav,Ma,1.0,16000,0.066933,0.552277,D:\STUPEN\Heartz\data-science\dataset\clean\Ma\Ma_0250.wav
Ma_0251.wav,Ma,1.0,16000,0.061968,0.571228,D:\STUPEN\Heartz\data-science\dataset\clean\Ma\Ma_0251.wav
Ma_0252.wav,Ma,1.0,16000,0.061968,0.59845,D:\STUPEN\Heartz\data-science\dataset\clean\Ma\Ma_0252.wav
Ma_0253.wav,Ma,1.0,16000,0.061968,0.500214,D:\STUPEN\Heartz\data-science\dataset\clean\Ma\Ma_0253.wav
Ma_0254.wav,Ma,1.0,16000,0.066933,0.56546,D:\STUPEN\Heartz\data-science\dataset\clean\Ma\Ma_0254.wav
Ma_0255.wav,Ma,1.0,16000,0.066933,0.616577,D:\STUPEN\Heartz\data-science\dataset\clean\Ma\Ma_0255.wav
Ma_0256.wav,Ma,1.0,16000,0.064498,0.566956,D:\STUPEN\Heartz\data-science\dataset\clean\Ma\Ma_0256.wav
Ma_0257.wav,Ma,1.0,16000,0.066933,0.613403,D:\STUPEN\Heartz\data-science\dataset\clean\Ma\Ma_0257.wav
Ma_0258.wav,Ma,1.0,16000,0.069282,0.581085,D:\STUPEN\Heartz\data-science\dataset\clean\Ma\Ma_0258.wav
Ma_0259.wav,Ma,1.0,16000,0.064498,0.59259,D:\STUPEN\Heartz\data-science\dataset\clean\Ma\Ma_0259.wav
Ma_0260.wav,Ma,1.0,16000,0.071554,0.617035,D:\STUPEN\Heartz\data-science\dataset\clean\Ma\Ma_0260.wav
Ma_0261.wav,Ma,1.0,16000,0.073756,0.641266,D:\STUPEN\Heartz\data-science\dataset\clean\Ma\Ma_0261.wav
Ma_0262.wav,Ma,1.0,16000,0.071554,0.641968,D:\STUPEN\Heartz\data-science\dataset\clean\Ma\Ma_0262.wav
Ma_0263.wav,Ma,1.0,16000,0.075895,0.669708,D:\STUPEN\Heartz\data-science\dataset\clean\Ma\Ma_0263.wav
Ma_0264.wav,Ma,1.0,16000,0.073756,0.583862,D:\STUPEN\Heartz\data-science\dataset\clean\Ma\Ma_0264.wav
Ma_0265.wav,Ma,1.0,16000,0.071554,0.689392,D:\STUPEN\Heartz\data-science\dataset\clean\Ma\Ma_0265.wav
Ma_0266.wav,Ma,1.0,16000,0.069282,0.557281,D:\STUPEN\Heartz\data-science\dataset\clean\Ma\Ma_0266.wav
Ma_0267.wav,Ma,1.0,16000,0.069282,0.589478,D:\STUPEN\Heartz\data-science\dataset\clean\Ma\Ma_0267.wav
Ma_0268.wav,Ma,1.0,16000,0.064498,0.534576,D:\STUPEN\Heartz\data-science\dataset\clean\Ma\Ma_0268.wav
Ma_0269.wav,Ma,1.0,16000,0.071554,0.664795,D:\STUPEN\Heartz\data-science\dataset\clean\Ma\Ma_0269.wav
Ma_0270.wav,Ma,1.0,16000,0.066933,0.571136,D:\STUPEN\Heartz\data-science\dataset\clean\Ma\Ma_0270.wav
Ma_0271.wav,Ma,1.0,16000,0.066933,0.54599,D:\STUPEN\Heartz\data-science\dataset\clean\Ma\Ma_0271.wav
Ma_0272.wav,Ma,1.0,16000,0.110151,0.989807,D:\STUPEN\Heartz\data-science\dataset\clean\Ma\Ma_0272.wav
Ma_0273.wav,Ma,1.0,16000,0.08513,0.885223,D:\STUPEN\Heartz\data-science\dataset\clean\Ma\Ma_0273.wav
Ma_0274.wav,Ma,1.0,16000,0.077974,0.499603,D:\STUPEN\Heartz\data-science\dataset\clean\Ma\Ma_0274.wav
Ma_0275.wav,Ma,1.0,16000,0.08,0.790802,D:\STUPEN\Heartz\data-science\dataset\clean\Ma\Ma_0275.wav
Ma_0276.wav,Ma,1.0,16000,0.066933,0.64151,D:\STUPEN\Heartz\data-science\dataset\clean\Ma\Ma_0276.wav
Ma_0277.wav,Ma,1.0,16000,0.09798,0.82666,D:\STUPEN\Heartz\data-science\dataset\clean\Ma\Ma_0277.wav
Ma_0278.wav,Ma,1.0,16000,0.096333,0.479126,D:\STUPEN\Heartz\data-science\dataset\clean\Ma\Ma_0278.wav
Ma_0279.wav,Ma,1.0,16000,0.108738,0.927765,D:\STUPEN\Heartz\data-science\dataset\clean\Ma\Ma_0279.wav
Ma_0280.wav,Ma,1.0,16000,0.071554,0.584412,D:\STUPEN\Heartz\data-science\dataset\clean\Ma\Ma_0280.wav
Ma_0281.wav,Ma,1.0,16000,0.08,0.53952,D:\STUPEN\Heartz\data-science\dataset\clean\Ma\Ma_0281.wav
Ma_0282.wav,Ma,1.0,16000,0.073756,0.594757,D:\STUPEN\Heartz\data-science\dataset\clean\Ma\Ma_0282.wav
Ma_0283.wav,Ma,1.0,16000,0.077974,0.642334,D:\STUPEN\Heartz\data-science\dataset\clean\Ma\Ma_0283.wav
Ma_0284.wav,Ma,1.0,16000,0.071554,0.528107,D:\STUPEN\Heartz\data-science\dataset\clean\Ma\Ma_0284.wav
Ma_0285.wav,Ma,1.0,16000,0.073756,0.567047,D:\STUPEN\Heartz\data-science\dataset\clean\Ma\Ma_0285.wav
Ma_0286.wav,Ma,1.0,16000,0.122165,0.94397,D:\STUPEN\Heartz\data-science\dataset\clean\Ma\Ma_0286.wav
Ma_0287.wav,Ma,1.0,16000,0.099599,0.879608,D:\STUPEN\Heartz\data-science\dataset\clean\Ma\Ma_0287.wav
Ma_0288.wav,Ma,1.0,16000,0.108674,0.918243,D:\STUPEN\Heartz\data-science\dataset\clean\Ma\Ma_0288.wav
Ma_0289.wav,Ma,1.0,16000,0.091635,0.796509,D:\STUPEN\Heartz\data-science\dataset\clean\Ma\Ma_0289.wav
Ma_0290.wav,Ma,1.0,16000,0.064498,0.601044,D:\STUPEN\Heartz\data-science\dataset\clean\Ma\Ma_0290.wav
Ma_0291.wav,Ma,1.0,16000,0.064498,0.616577,D:\STUPEN\Heartz\data-science\dataset\clean\Ma\Ma_0291.wav
Ma_0292.wav,Ma,1.0,16000,0.064498,0.680786,D:\STUPEN\Heartz\data-science\dataset\clean\Ma\Ma_0292.wav
Ma_0293.wav,Ma,1.0,16000,0.061968,0.731293,D:\STUPEN\Heartz\data-science\dataset\clean\Ma\Ma_0293.wav
Ma_0294.wav,Ma,1.0,16000,0.066933,0.605743,D:\STUPEN\Heartz\data-science\dataset\clean\Ma\Ma_0294.wav
Ma_0295.wav,Ma,1.0,16000,0.066933,0.57959,D:\STUPEN\Heartz\data-science\dataset\clean\Ma\Ma_0295.wav
Ma_0296.wav,Ma,1.0,16000,0.069282,0.677979,D:\STUPEN\Heartz\data-science\dataset\clean\Ma\Ma_0296.wav
Ma_0297.wav,Ma,1.0,16000,0.069282,0.581024,D:\STUPEN\Heartz\data-science\dataset\clean\Ma\Ma_0297.wav
Ma_0298.wav,Ma,1.0,16000,0.064498,0.551605,D:\STUPEN\Heartz\data-science\dataset\clean\Ma\Ma_0298.wav
Ma_0299.wav,Ma,1.0,16000,0.064498,0.501251,D:\STUPEN\Heartz\data-science\dataset\clean\Ma\Ma_0299.wav
Ma_0300.wav,Ma,1.0,16000,0.066933,0.499268,D:\STUPEN\Heartz\data-science\dataset\clean\Ma\Ma_0300.wav
Ma_0301.wav,Ma,1.0,16000,0.061968,0.578979,D:\STUPEN\Heartz\data-science\dataset\clean\Ma\Ma_0301.wav
Ma_0302.wav,Ma,1.0,16000,0.064498,0.517639,D:\STUPEN\Heartz\data-science\dataset\clean\Ma\Ma_0302.wav
Ma_0303.wav,Ma,1.0,16000,0.064498,0.667603,D:\STUPEN\Heartz\data-science\dataset\clean\Ma\Ma_0303.wav
Ma_0304.wav,Ma,1.0,16000,0.066933,0.618073,D:\STUPEN\Heartz\data-science\dataset\clean\Ma\Ma_0304.wav
Ma_0305.wav,Ma,1.0,16000,0.066933,0.585968,D:\STUPEN\Heartz\data-science\dataset\clean\Ma\Ma_0305.wav
Ma_0306.wav,Ma,1.0,16000,0.061968,0.548462,D:\STUPEN\Heartz\data-science\dataset\clean\Ma\Ma_0306.wav
Ma_0307.wav,Ma,1.0,16000,0.061968,0.538605,D:\STUPEN\Heartz\data-science\dataset\clean\Ma\Ma_0307.wav
Ma_0308.wav,Ma,1.0,16000,0.071554,0.591095,D:\STUPEN\Heartz\data-science\dataset\clean\Ma\Ma_0308.wav
Ma_0309.wav,Ma,1.0,16000,0.066933,0.72049,D:\STUPEN\Heartz\data-science\dataset\clean\Ma\Ma_0309.wav
Ma_0310.wav,Ma,1.0,16000,0.073756,0.600525,D:\STUPEN\Heartz\data-science\dataset\clean\Ma\Ma_0310.wav
Ma_0311.wav,Ma,1.0,16000,0.064498,0.528961,D:\STUPEN\Heartz\data-science\dataset\clean\Ma\Ma_0311.wav
Ma_0312.wav,Ma,1.0,16000,0.069282,0.612335,D:\STUPEN\Heartz\data-science\dataset\clean\Ma\Ma_0312.wav
Ma_0313.wav,Ma,1.0,16000,0.064498,0.567566,D:\STUPEN\Heartz\data-science\dataset\clean\Ma\Ma_0313.wav
Ma_0314.wav,Ma,1.0,16000,0.066933,0.566895,D:\STUPEN\Heartz\data-science\dataset\clean\Ma\Ma_0314.wav
Ma_0315.wav,Ma,1.0,16000,0.075189,0.841248,D:\STUPEN\Heartz\data-science\dataset\clean\Ma\Ma_0315.wav
Ma_0316.wav,Ma,1.0,16000,0.064498,0.510193,D:\STUPEN\Heartz\data-science\dataset\clean\Ma\Ma_0316.wav
Ma_0317.wav,Ma,1.0,16000,0.061968,0.504272,D:\STUPEN\Heartz\data-science\dataset\clean\Ma\Ma_0317.wav
Ma_0318.wav,Ma,1.0,16000,0.066933,0.56073,D:\STUPEN\Heartz\data-science\dataset\clean\Ma\Ma_0318.wav
Ma_0319.wav,Ma,1.0,16000,0.066933,0.515442,D:\STUPEN\Heartz\data-science\dataset\clean\Ma\Ma_0319.wav
Ma_0320.wav,Ma,1.0,16000,0.064498,0.560944,D:\STUPEN\Heartz\data-science\dataset\clean\Ma\Ma_0320.wav
Ma_0321.wav,Ma,1.0,16000,0.066933,0.49881,D:\STUPEN\Heartz\data-science\dataset\clean\Ma\Ma_0321.wav
Ma_0322.wav,Ma,1.0,16000,0.109385,0.98999,D:\STUPEN\Heartz\data-science\dataset\clean\Ma\Ma_0322.wav
Ma_0323.wav,Ma,1.0,16000,0.066933,0.561798,D:\STUPEN\Heartz\data-science\dataset\clean\Ma\Ma_0323.wav
Ma_0324.wav,Ma,1.0,16000,0.066933,0.599396,D:\STUPEN\Heartz\data-science\dataset\clean\Ma\Ma_0324.wav
Ma_0325.wav,Ma,1.0,16000,0.071554,0.584564,D:\STUPEN\Heartz\data-science\dataset\clean\Ma\Ma_0325.wav
Ma_0326.wav,Ma,1.0,16000,0.066933,0.645691,D:\STUPEN\Heartz\data-science\dataset\clean\Ma\Ma_0326.wav
Ma_0327.wav,Ma,1.0,16000,0.091214,0.782471,D:\STUPEN\Heartz\data-science\dataset\clean\Ma\Ma_0327.wav
Ma_0328.wav,Ma,1.0,16000,0.061968,0.632019,D:\STUPEN\Heartz\data-science\dataset\clean\Ma\Ma_0328.wav
Ma_0329.wav,Ma,1.0,16000,0.066933,0.622589,D:\STUPEN\Heartz\data-science\dataset\clean\Ma\Ma_0329.wav
Ma_0330.wav,Ma,1.0,16000,0.069282,0.557861,D:\STUPEN\Heartz\data-science\dataset\clean\Ma\Ma_0330.wav
Ma_0331.wav,Ma,1.0,16000,0.064498,0.527466,D:\STUPEN\Heartz\data-science\dataset\clean\Ma\Ma_0331.wav
Ma_0332.wav,Ma,1.0,16000,0.061968,0.522858,D:\STUPEN\Heartz\data-science\dataset\clean\Ma\Ma_0332.wav
Ma_0333.wav,Ma,1.0,16000,0.066933,0.54715,D:\STUPEN\Heartz\data-science\dataset\clean\Ma\Ma_0333.wav
Ma_0334.wav,Ma,1.0,16000,0.064498,0.598541,D:\STUPEN\Heartz\data-science\dataset\clean\Ma\Ma_0334.wav
Ma_0335.wav,Ma,1.0,16000,0.061968,0.55426,D:\STUPEN\Heartz\data-science\dataset\clean\Ma\Ma_0335.wav
Ma_0336.wav,Ma,1.0,16000,0.061968,0.545685,D:\STUPEN\Heartz\data-science\dataset\clean\Ma\Ma_0336.wav
Ma_0337.wav,Ma,1.0,16000,0.096333,0.8508,D:\STUPEN\Heartz\data-science\dataset\clean\Ma\Ma_0337.wav
Ma_0338.wav,Ma,1.0,16000,0.071554,0.615875,D:\STUPEN\Heartz\data-science\dataset\clean\Ma\Ma_0338.wav
Ma_0339.wav,Ma,1.0,16000,0.077974,0.621796,D:\STUPEN\Heartz\data-science\dataset\clean\Ma\Ma_0339.wav
Ma_0340.wav,Ma,1.0,16000,0.075895,0.507324,D:\STUPEN\Heartz\data-science\dataset\clean\Ma\Ma_0340.wav
Ma_0341.wav,Ma,1.0,16000,0.069282,0.518738,D:\STUPEN\Heartz\data-science\dataset\clean\Ma\Ma_0341.wav
Ma_0342.wav,Ma,1.0,16000,0.066933,0.526062,D:\STUPEN\Heartz\data-science\dataset\clean\Ma\Ma_0342.wav
Ma_0343.wav,Ma,1.0,16000,0.087636,0.617004,D:\STUPEN\Heartz\data-science\dataset\clean\Ma\Ma_0343.wav
Ma_0344.wav,Ma,1.0,16000,0.077974,0.668549,D:\STUPEN\Heartz\data-science\dataset\clean\Ma\Ma_0344.wav
Ma_0345.wav,Ma,1.0,16000,0.073756,0.591522,D:\STUPEN\Heartz\data-science\dataset\clean\Ma\Ma_0345.wav
Ma_0346.wav,Ma,1.0,16000,0.075895,0.496063,D:\STUPEN\Heartz\data-science\dataset\clean\Ma\Ma_0346.wav
Ma_0347.wav,Ma,1.0,16000,0.08,0.721039,D:\STUPEN\Heartz\data-science\dataset\clean\Ma\Ma_0347.wav
Ma_0348.wav,Ma,1.0,16000,0.077974,0.641541,D:\STUPEN\Heartz\data-science\dataset\clean\Ma\Ma_0348.wav
Ma_0349.wav,Ma,1.0,16000,0.075895,0.593842,D:\STUPEN\Heartz\data-science\dataset\clean\Ma\Ma_0349.wav
Ma_0350.wav,Ma,1.0,16000,0.087636,0.672333,D:\STUPEN\Heartz\data-science\dataset\clean\Ma\Ma_0350.wav
Ma_0351.wav,Ma,1.0,16000,0.075895,0.519165,D:\STUPEN\Heartz\data-science\dataset\clean\Ma\Ma_0351.wav
Ma_0352.wav,Ma,1.0,16000,0.075895,0.536957,D:\STUPEN\Heartz\data-science\dataset\clean\Ma\Ma_0352.wav
Ma_0353.wav,Ma,1.0,16000,0.077974,0.510468,D:\STUPEN\Heartz\data-science\dataset\clean\Ma\Ma_0353.wav
Ma_0354.wav,Ma,1.0,16000,0.083905,0.549194,D:\STUPEN\Heartz\data-science\dataset\clean\Ma\Ma_0354.wav
Ma_0355.wav,Ma,1.0,16000,0.077974,0.471832,D:\STUPEN\Heartz\data-science\dataset\clean\Ma\Ma_0355.wav
Ma_0356.wav,Ma,1.0,16000,0.08,0.568024,D:\STUPEN\Heartz\data-science\dataset\clean\Ma\Ma_0356.wav
Ma_0357.wav,Ma,1.0,16000,0.08,0.640259,D:\STUPEN\Heartz\data-science\dataset\clean\Ma\Ma_0357.wav
Ma_0358.wav,Ma,1.0,16000,0.083905,0.701141,D:\STUPEN\Heartz\data-science\dataset\clean\Ma\Ma_0358.wav
Ma_0359.wav,Ma,1.0,16000,0.08,0.64444,D:\STUPEN\Heartz\data-science\dataset\clean\Ma\Ma_0359.wav
Ma_0360.wav,Ma,1.0,16000,0.073756,0.595154,D:\STUPEN\Heartz\data-science\dataset\clean\Ma\Ma_0360.wav
Ma_0361.wav,Ma,1.0,16000,0.071554,0.557617,D:\STUPEN\Heartz\data-science\dataset\clean\Ma\Ma_0361.wav
Ma_0362.wav,Ma,1.0,16000,0.069282,0.521057,D:\STUPEN\Heartz\data-science\dataset\clean\Ma\Ma_0362.wav
Ma_0363.wav,Ma,1.0,16000,0.073756,0.567291,D:\STUPEN\Heartz\data-science\dataset\clean\Ma\Ma_0363.wav
Ma_0364.wav,Ma,1.0,16000,0.071554,0.577454,D:\STUPEN\Heartz\data-science\dataset\clean\Ma\Ma_0364.wav
Ma_0365.wav,Ma,1.0,16000,0.075895,0.596222,D:\STUPEN\Heartz\data-science\dataset\clean\Ma\Ma_0365.wav
Ma_0366.wav,Ma,1.0,16000,0.075895,0.588013,D:\STUPEN\Heartz\data-science\dataset\clean\Ma\Ma_0366.wav
Ma_0367.wav,Ma,1.0,16000,0.075895,0.49057,D:\STUPEN\Heartz\data-science\dataset\clean\Ma\Ma_0367.wav
Ma_0368.wav,Ma,1.0,16000,0.083905,0.549774,D:\STUPEN\Heartz\data-science\dataset\clean\Ma\Ma_0368.wav
Ma_0369.wav,Ma,1.0,16000,0.069282,0.534302,D:\STUPEN\Heartz\data-science\dataset\clean\Ma\Ma_0369.wav
Ma_0370.wav,Ma,1.0,16000,0.073756,0.508514,D:\STUPEN\Heartz\data-science\dataset\clean\Ma\Ma_0370.wav
Ma_0371.wav,Ma,1.0,16000,0.064478,0.802094,D:\STUPEN\Heartz\data-science\dataset\clean\Ma\Ma_0371.wav
Ma_0372.wav,Ma,1.0,16000,0.073756,0.545746,D:\STUPEN\Heartz\data-science\dataset\clean\Ma\Ma_0372.wav
Ma_0373.wav,Ma,1.0,16000,0.071554,0.608826,D:\STUPEN\Heartz\data-science\dataset\clean\Ma\Ma_0373.wav
Ma_0374.wav,Ma,1.0,16000,0.08,0.594971,D:\STUPEN\Heartz\data-science\dataset\clean\Ma\Ma_0374.wav
Ma_0375.wav,Ma,1.0,16000,0.11294,0.824554,D:\STUPEN\Heartz\data-science\dataset\clean\Ma\Ma_0375.wav
Ma_0376.wav,Ma,1.0,16000,0.081976,0.445831,D:\STUPEN\Heartz\data-science\dataset\clean\Ma\Ma_0376.wav
Ma_0377.wav,Ma,1.0,16000,0.089443,0.725281,D:\STUPEN\Heartz\data-science\dataset\clean\Ma\Ma_0377.wav
Ma_0378.wav,Ma,1.0,16000,0.071554,0.597504,D:\STUPEN\Heartz\data-science\dataset\clean\Ma\Ma_0378.wav
Ma_0379.wav,Ma,1.0,16000,0.066933,0.572876,D:\STUPEN\Heartz\data-science\dataset\clean\Ma\Ma_0379.wav
Ma_0380.wav,Ma,1.0,16000,0.087636,0.771606,D:\STUPEN\Heartz\data-science\dataset\clean\Ma\Ma_0380.wav
Ma_0381.wav,Ma,1.0,16000,0.071554,0.648743,D:\STUPEN\Heartz\data-science\dataset\clean\Ma\Ma_0381.wav
Ma_0382.wav,Ma,1.0,16000,0.069282,0.54248,D:\STUPEN\Heartz\data-science\dataset\clean\Ma\Ma_0382.wav
Ma_0383.wav,Ma,1.0,16000,0.071554,0.563995,D:\STUPEN\Heartz\data-science\dataset\clean\Ma\Ma_0383.wav
Ma_0384.wav,Ma,1.0,16000,0.071554,0.522003,D:\STUPEN\Heartz\data-science\dataset\clean\Ma\Ma_0384.wav
Ma_0385.wav,Ma,1.0,16000,0.073756,0.512817,D:\STUPEN\Heartz\data-science\dataset\clean\Ma\Ma_0385.wav
Ma_0386.wav,Ma,1.0,16000,0.069282,0.524902,D:\STUPEN\Heartz\data-science\dataset\clean\Ma\Ma_0386.wav
Ma_0387.wav,Ma,1.0,16000,0.077974,0.302399,D:\STUPEN\Heartz\data-science\dataset\clean\Ma\Ma_0387.wav
Ma_0388.wav,Ma,1.0,16000,0.073756,0.513733,D:\STUPEN\Heartz\data-science\dataset\clean\Ma\Ma_0388.wav
Ma_0389.wav,Ma,1.0,16000,0.085791,0.683563,D:\STUPEN\Heartz\data-science\dataset\clean\Ma\Ma_0389.wav
Ma_0390.wav,Ma,1.0,16000,0.069282,0.511658,D:\STUPEN\Heartz\data-science\dataset\clean\Ma\Ma_0390.wav
Ma_0391.wav,Ma,1.0,16000,0.066933,0.519165,D:\STUPEN\Heartz\data-science\dataset\clean\Ma\Ma_0391.wav
Ma_0392.wav,Ma,1.0,16000,0.073756,0.53595,D:\STUPEN\Heartz\data-science\dataset\clean\Ma\Ma_0392.wav
Ma_0393.wav,Ma,1.0,16000,0.073756,0.606506,D:\STUPEN\Heartz\data-science\dataset\clean\Ma\Ma_0393.wav
Ma_0394.wav,Ma,1.0,16000,0.101579,0.893494,D:\STUPEN\Heartz\data-science\dataset\clean\Ma\Ma_0394.wav
Ma_0395.wav,Ma,1.0,16000,0.115585,0.905579,D:\STUPEN\Heartz\data-science\dataset\clean\Ma\Ma_0395.wav
Ma_0396.wav,Ma,1.0,16000,0.069282,0.549225,D:\STUPEN\Heartz\data-science\dataset\clean\Ma\Ma_0396.wav
Ma_0397.wav,Ma,1.0,16000,0.069282,0.59964,D:\STUPEN\Heartz\data-science\dataset\clean\Ma\Ma_0397.wav
Ma_0398.wav,Ma,1.0,16000,0.069282,0.587616,D:\STUPEN\Heartz\data-science\dataset\clean\Ma\Ma_0398.wav
Ma_0399.wav,Ma,1.0,16000,0.069282,0.559692,D:\STUPEN\Heartz\data-science\dataset\clean\Ma\Ma_0399.wav
Ma_0400.wav,Ma,1.0,16000,0.071554,0.544281,D:\STUPEN\Heartz\data-science\dataset\clean\Ma\Ma_0400.wav
Ma_0401.wav,Ma,1.0,16000,0.075895,0.58667,D:\STUPEN\Heartz\data-science\dataset\clean\Ma\Ma_0401.wav
Ma_0402.wav,Ma,1.0,16000,0.071554,0.534454,D:\STUPEN\Heartz\data-science\dataset\clean\Ma\Ma_0402.wav
Ma_0403.wav,Ma,1.0,16000,0.095806,0.920013,D:\STUPEN\Heartz\data-science\dataset\clean\Ma\Ma_0403.wav
Ma_0404.wav,Ma,1.0,16000,0.07142,0.78894,D:\STUPEN\Heartz\data-science\dataset\clean\Ma\Ma_0404.wav
Ma_0405.wav,Ma,1.0,16000,0.077974,0.768524,D:\STUPEN\Heartz\data-science\dataset\clean\Ma\Ma_0405.wav
Ma_0406.wav,Ma,1.0,16000,0.069282,0.593964,D:\STUPEN\Heartz\data-science\dataset\clean\Ma\Ma_0406.wav
Ma_0407.wav,Ma,1.0,16000,0.071554,0.551086,D:\STUPEN\Heartz\data-science\dataset\clean\Ma\Ma_0407.wav
Ma_0408.wav,Ma,1.0,16000,0.066933,0.589142,D:\STUPEN\Heartz\data-science\dataset\clean\Ma\Ma_0408.wav
Ma_0409.wav,Ma,1.0,16000,0.061968,0.556458,D:\STUPEN\Heartz\data-science\dataset\clean\Ma\Ma_0409.wav
Ma_0410.wav,Ma,1.0,16000,0.064498,0.565033,D:\STUPEN\Heartz\data-science\dataset\clean\Ma\Ma_0410.wav
Ma_0411.wav,Ma,1.0,16000,0.092399,0.98999,D:\STUPEN\Heartz\data-science\dataset\clean\Ma\Ma_0411.wav
Ma_0412.wav,Ma,1.0,16000,0.09798,0.916534,D:\STUPEN\Heartz\data-science\dataset\clean\Ma\Ma_0412.wav
Ma_0413.wav,Ma,1.0,16000,0.088793,0.835907,D:\STUPEN\Heartz\data-science\dataset\clean\Ma\Ma_0413.wav
Ma_0414.wav,Ma,1.0,16000,0.118017,0.9599,D:\STUPEN\Heartz\data-science\dataset\clean\Ma\Ma_0414.wav
Ma_0415.wav,Ma,1.0,16000,0.069282,0.601685,D:\STUPEN\Heartz\data-science\dataset\clean\Ma\Ma_0415.wav
Ma_0416.wav,Ma,1.0,16000,0.071554,0.511383,D:\STUPEN\Heartz\data-science\dataset\clean\Ma\Ma_0416.wav
Ma_0417.wav,Ma,1.0,16000,0.071554,0.527435,D:\STUPEN\Heartz\data-science\dataset\clean\Ma\Ma_0417.wav
Ma_0418.wav,Ma,1.0,16000,0.071554,0.503143,D:\STUPEN\Heartz\data-science\dataset\clean\Ma\Ma_0418.wav
Ma_0419.wav,Ma,1.0,16000,0.071554,0.529236,D:\STUPEN\Heartz\data-science\dataset\clean\Ma\Ma_0419.wav
Ma_0420.wav,Ma,1.0,16000,0.075895,0.598236,D:\STUPEN\Heartz\data-science\dataset\clean\Ma\Ma_0420.wav
Ma_0421.wav,Ma,1.0,16000,0.077974,0.686859,D:\STUPEN\Heartz\data-science\dataset\clean\Ma\Ma_0421.wav
Ma_0422.wav,Ma,1.0,16000,0.073756,0.56662,D:\STUPEN\Heartz\data-science\dataset\clean\Ma\Ma_0422.wav
Ma_0423.wav,Ma,1.0,16000,0.073756,0.554443,D:\STUPEN\Heartz\data-science\dataset\clean\Ma\Ma_0423.wav
Ma_0424.wav,Ma,1.0,16000,0.071554,0.571777,D:\STUPEN\Heartz\data-science\dataset\clean\Ma\Ma_0424.wav
Ma_0425.wav,Ma,1.0,16000,0.091214,0.712585,D:\STUPEN\Heartz\data-science\dataset\clean\Ma\Ma_0425.wav
Ma_0426.wav,Ma,1.0,16000,0.096333,0.836395,D:\STUPEN\Heartz\data-science\dataset\clean\Ma\Ma_0426.wav
Ma_0427.wav,Ma,1.0,16000,0.071554,0.531433,D:\STUPEN\Heartz\data-science\dataset\clean\Ma\Ma_0427.wav
Ma_0428.wav,Ma,1.0,16000,0.08579,0.626801,D:\STUPEN\Heartz\data-science\dataset\clean\Ma\Ma_0428.wav
Ma_0429.wav,Ma,1.0,16000,0.08579,0.73526,D:\STUPEN\Heartz\data-science\dataset\clean\Ma\Ma_0429.wav
Ma_0430.wav,Ma,1.0,16000,0.105768,0.871338,D:\STUPEN\Heartz\data-science\dataset\clean\Ma\Ma_0430.wav
Ma_0431.wav,Ma,1.0,16000,0.069282,0.589081,D:\STUPEN\Heartz\data-science\dataset\clean\Ma\Ma_0431.wav
Ma_0432.wav,Ma,1.0,16000,0.061968,0.560852,D:\STUPEN\Heartz\data-science\dataset\clean\Ma\Ma_0432.wav
Ma_0433.wav,Ma,1.0,16000,0.066933,0.583496,D:\STUPEN\Heartz\data-science\dataset\clean\Ma\Ma_0433.wav
Ma_0434.wav,Ma,1.0,16000,0.066933,0.530731,D:\STUPEN\Heartz\data-science\dataset\clean\Ma\Ma_0434.wav
Ma_0435.wav,Ma,1.0,16000,0.068847,0.509125,D:\STUPEN\Heartz\data-science\dataset\clean\Ma\Ma_0435.wav
Ma_0436.wav,Ma,1.0,16000,0.075895,0.833862,D:\STUPEN\Heartz\data-science\dataset\clean\Ma\Ma_0436.wav
Ma_0437.wav,Ma,1.0,16000,0.073756,0.559967,D:\STUPEN\Heartz\data-science\dataset\clean\Ma\Ma_0437.wav
Ma_0438.wav,Ma,1.0,16000,0.069282,0.525024,D:\STUPEN\Heartz\data-science\dataset\clean\Ma\Ma_0438.wav
Ma_0439.wav,Ma,1.0,16000,0.102742,0.851318,D:\STUPEN\Heartz\data-science\dataset\clean\Ma\Ma_0439.wav
Ma_0440.wav,Ma,1.0,16000,0.09273,0.929779,D:\STUPEN\Heartz\data-science\dataset\clean\Ma\Ma_0440.wav
Ma_0441.wav,Ma,1.0,16000,0.078994,0.428314,D:\STUPEN\Heartz\data-science\dataset\clean\Ma\Ma_0441.wav
Ma_0442.wav,Ma,1.0,16000,0.064498,0.553192,D:\STUPEN\Heartz\data-science\dataset\clean\Ma\Ma_0442.wav
Ma_0443.wav,Ma,1.0,16000,0.094657,0.726044,D:\STUPEN\Heartz\data-science\dataset\clean\Ma\Ma_0443.wav
Ma_0444.wav,Ma,1.0,16000,0.069282,0.616028,D:\STUPEN\Heartz\data-science\dataset\clean\Ma\Ma_0444.wav
Ma_0445.wav,Ma,1.0,16000,0.064498,0.547424,D:\STUPEN\Heartz\data-science\dataset\clean\Ma\Ma_0445.wav
Ma_0446.wav,Ma,1.0,16000,0.066933,0.552277,D:\STUPEN\Heartz\data-science\dataset\clean\Ma\Ma_0446.wav
Ma_0447.wav,Ma,1.0,16000,0.061968,0.571228,D:\STUPEN\Heartz\data-science\dataset\clean\Ma\Ma_0447.wav
Ma_0448.wav,Ma,1.0,16000,0.061968,0.59845,D:\STUPEN\Heartz\data-science\dataset\clean\Ma\Ma_0448.wav
Ma_0449.wav,Ma,1.0,16000,0.061968,0.500214,D:\STUPEN\Heartz\data-science\dataset\clean\Ma\Ma_0449.wav
Ma_0450.wav,Ma,1.0,16000,0.066933,0.56546,D:\STUPEN\Heartz\data-science\dataset\clean\Ma\Ma_0450.wav
Ma_0451.wav,Ma,1.0,16000,0.066933,0.616577,D:\STUPEN\Heartz\data-science\dataset\clean\Ma\Ma_0451.wav
Ma_0452.wav,Ma,1.0,16000,0.064498,0.566956,D:\STUPEN\Heartz\data-science\dataset\clean\Ma\Ma_0452.wav
Ma_0453.wav,Ma,1.0,16000,0.066933,0.613403,D:\STUPEN\Heartz\data-science\dataset\clean\Ma\Ma_0453.wav
Ma_0454.wav,Ma,1.0,16000,0.069282,0.581085,D:\STUPEN\Heartz\data-science\dataset\clean\Ma\Ma_0454.wav
Ma_0455.wav,Ma,1.0,16000,0.064498,0.59259,D:\STUPEN\Heartz\data-science\dataset\clean\Ma\Ma_0455.wav
Ma_0456.wav,Ma,1.0,16000,0.071554,0.617035,D:\STUPEN\Heartz\data-science\dataset\clean\Ma\Ma_0456.wav
Ma_0457.wav,Ma,1.0,16000,0.073756,0.641266,D:\STUPEN\Heartz\data-science\dataset\clean\Ma\Ma_0457.wav
Ma_0458.wav,Ma,1.0,16000,0.071554,0.641968,D:\STUPEN\Heartz\data-science\dataset\clean\Ma\Ma_0458.wav
Ma_0459.wav,Ma,1.0,16000,0.075895,0.669708,D:\STUPEN\Heartz\data-science\dataset\clean\Ma\Ma_0459.wav
Ma_0460.wav,Ma,1.0,16000,0.073756,0.583862,D:\STUPEN\Heartz\data-science\dataset\clean\Ma\Ma_0460.wav
Ma_0461.wav,Ma,1.0,16000,0.071554,0.689392,D:\STUPEN\Heartz\data-science\dataset\clean\Ma\Ma_0461.wav
Ma_0462.wav,Ma,1.0,16000,0.069282,0.557281,D:\STUPEN\Heartz\data-science\dataset\clean\Ma\Ma_0462.wav
Ma_0463.wav,Ma,1.0,16000,0.069282,0.589478,D:\STUPEN\Heartz\data-science\dataset\clean\Ma\Ma_0463.wav
Ma_0464.wav,Ma,1.0,16000,0.064498,0.534576,D:\STUPEN\Heartz\data-science\dataset\clean\Ma\Ma_0464.wav
Ma_0465.wav,Ma,1.0,16000,0.071554,0.664795,D:\STUPEN\Heartz\data-science\dataset\clean\Ma\Ma_0465.wav
Ma_0466.wav,Ma,1.0,16000,0.066933,0.571136,D:\STUPEN\Heartz\data-science\dataset\clean\Ma\Ma_0466.wav
Ma_0467.wav,Ma,1.0,16000,0.066933,0.54599,D:\STUPEN\Heartz\data-science\dataset\clean\Ma\Ma_0467.wav
Ma_0468.wav,Ma,1.0,16000,0.110151,0.989807,D:\STUPEN\Heartz\data-science\dataset\clean\Ma\Ma_0468.wav
Ma_0469.wav,Ma,1.0,16000,0.08513,0.885223,D:\STUPEN\Heartz\data-science\dataset\clean\Ma\Ma_0469.wav
Ma_0470.wav,Ma,1.0,16000,0.077974,0.499603,D:\STUPEN\Heartz\data-science\dataset\clean\Ma\Ma_0470.wav
Ma_0471.wav,Ma,1.0,16000,0.08,0.790802,D:\STUPEN\Heartz\data-science\dataset\clean\Ma\Ma_0471.wav
Ma_0472.wav,Ma,1.0,16000,0.066933,0.64151,D:\STUPEN\Heartz\data-science\dataset\clean\Ma\Ma_0472.wav
Ma_0473.wav,Ma,1.0,16000,0.09798,0.82666,D:\STUPEN\Heartz\data-science\dataset\clean\Ma\Ma_0473.wav
Ma_0474.wav,Ma,1.0,16000,0.096333,0.479126,D:\STUPEN\Heartz\data-science\dataset\clean\Ma\Ma_0474.wav
Ma_0475.wav,Ma,1.0,16000,0.108738,0.927765,D:\STUPEN\Heartz\data-science\dataset\clean\Ma\Ma_0475.wav
Ma_0476.wav,Ma,1.0,16000,0.071554,0.584412,D:\STUPEN\Heartz\data-science\dataset\clean\Ma\Ma_0476.wav
Ma_0477.wav,Ma,1.0,16000,0.08,0.53952,D:\STUPEN\Heartz\data-science\dataset\clean\Ma\Ma_0477.wav
Ma_0478.wav,Ma,1.0,16000,0.073756,0.594757,D:\STUPEN\Heartz\data-science\dataset\clean\Ma\Ma_0478.wav
Ma_0479.wav,Ma,1.0,16000,0.077974,0.642334,D:\STUPEN\Heartz\data-science\dataset\clean\Ma\Ma_0479.wav
Ma_0480.wav,Ma,1.0,16000,0.071554,0.528107,D:\STUPEN\Heartz\data-science\dataset\clean\Ma\Ma_0480.wav
Ma_0481.wav,Ma,1.0,16000,0.073756,0.567047,D:\STUPEN\Heartz\data-science\dataset\clean\Ma\Ma_0481.wav
Ma_0482.wav,Ma,1.0,16000,0.122165,0.94397,D:\STUPEN\Heartz\data-science\dataset\clean\Ma\Ma_0482.wav
Ma_0483.wav,Ma,1.0,16000,0.099599,0.879608,D:\STUPEN\Heartz\data-science\dataset\clean\Ma\Ma_0483.wav
Ma_0484.wav,Ma,1.0,16000,0.108674,0.918243,D:\STUPEN\Heartz\data-science\dataset\clean\Ma\Ma_0484.wav
Ma_0485.wav,Ma,1.0,16000,0.091635,0.796509,D:\STUPEN\Heartz\data-science\dataset\clean\Ma\Ma_0485.wav
Ma_0486.wav,Ma,1.0,16000,0.064498,0.601044,D:\STUPEN\Heartz\data-science\dataset\clean\Ma\Ma_0486.wav
Ma_0487.wav,Ma,1.0,16000,0.064498,0.616577,D:\STUPEN\Heartz\data-science\dataset\clean\Ma\Ma_0487.wav
Ma_0488.wav,Ma,1.0,16000,0.064498,0.680786,D:\STUPEN\Heartz\data-science\dataset\clean\Ma\Ma_0488.wav
Ma_0489.wav,Ma,1.0,16000,0.061968,0.731293,D:\STUPEN\Heartz\data-science\dataset\clean\Ma\Ma_0489.wav
Ma_0490.wav,Ma,1.0,16000,0.066933,0.605743,D:\STUPEN\Heartz\data-science\dataset\clean\Ma\Ma_0490.wav
Ma_0491.wav,Ma,1.0,16000,0.066933,0.57959,D:\STUPEN\Heartz\data-science\dataset\clean\Ma\Ma_0491.wav
Ma_0492.wav,Ma,1.0,16000,0.069282,0.677979,D:\STUPEN\Heartz\data-science\dataset\clean\Ma\Ma_0492.wav
Ma_0493.wav,Ma,1.0,16000,0.069282,0.581024,D:\STUPEN\Heartz\data-science\dataset\clean\Ma\Ma_0493.wav
Ma_0494.wav,Ma,1.0,16000,0.064498,0.551605,D:\STUPEN\Heartz\data-science\dataset\clean\Ma\Ma_0494.wav
Ma_0495.wav,Ma,1.0,16000,0.064498,0.501251,D:\STUPEN\Heartz\data-science\dataset\clean\Ma\Ma_0495.wav
Ma_0496.wav,Ma,1.0,16000,0.066933,0.499268,D:\STUPEN\Heartz\data-science\dataset\clean\Ma\Ma_0496.wav
Ma_0497.wav,Ma,1.0,16000,0.061968,0.578979,D:\STUPEN\Heartz\data-science\dataset\clean\Ma\Ma_0497.wav
Ma_0498.wav,Ma,1.0,16000,0.064498,0.517639,D:\STUPEN\Heartz\data-science\dataset\clean\Ma\Ma_0498.wav
Ma_0499.wav,Ma,1.0,16000,0.064498,0.667603,D:\STUPEN\Heartz\data-science\dataset\clean\Ma\Ma_0499.wav
Ma_0500.wav,Ma,1.0,16000,0.066933,0.618073,D:\STUPEN\Heartz\data-science\dataset\clean\Ma\Ma_0500.wav
Ma_0501.wav,Ma,1.0,16000,0.066933,0.585968,D:\STUPEN\Heartz\data-science\dataset\clean\Ma\Ma_0501.wav
Ma_0502.wav,Ma,1.0,16000,0.061968,0.548462,D:\STUPEN\Heartz\data-science\dataset\clean\Ma\Ma_0502.wav
Ma_0503.wav,Ma,1.0,16000,0.061968,0.538605,D:\STUPEN\Heartz\data-science\dataset\clean\Ma\Ma_0503.wav
Ma_0504.wav,Ma,1.0,16000,0.071554,0.591095,D:\STUPEN\Heartz\data-science\dataset\clean\Ma\Ma_0504.wav
Ma_0505.wav,Ma,1.0,16000,0.066933,0.72049,D:\STUPEN\Heartz\data-science\dataset\clean\Ma\Ma_0505.wav
Ma_0506.wav,Ma,1.0,16000,0.073756,0.600525,D:\STUPEN\Heartz\data-science\dataset\clean\Ma\Ma_0506.wav
Ma_0507.wav,Ma,1.0,16000,0.064498,0.528961,D:\STUPEN\Heartz\data-science\dataset\clean\Ma\Ma_0507.wav
Ma_0508.wav,Ma,1.0,16000,0.069282,0.612335,D:\STUPEN\Heartz\data-science\dataset\clean\Ma\Ma_0508.wav
Ma_0509.wav,Ma,1.0,16000,0.064498,0.567566,D:\STUPEN\Heartz\data-science\dataset\clean\Ma\Ma_0509.wav
Ma_0510.wav,Ma,1.0,16000,0.066933,0.566895,D:\STUPEN\Heartz\data-science\dataset\clean\Ma\Ma_0510.wav
Ma_0511.wav,Ma,1.0,16000,0.075189,0.841248,D:\STUPEN\Heartz\data-science\dataset\clean\Ma\Ma_0511.wav
Ma_0512.wav,Ma,1.0,16000,0.064498,0.510193,D:\STUPEN\Heartz\data-science\dataset\clean\Ma\Ma_0512.wav
Ma_0513.wav,Ma,1.0,16000,0.061968,0.504272,D:\STUPEN\Heartz\data-science\dataset\clean\Ma\Ma_0513.wav
Ma_0514.wav,Ma,1.0,16000,0.066933,0.56073,D:\STUPEN\Heartz\data-science\dataset\clean\Ma\Ma_0514.wav
Ma_0515.wav,Ma,1.0,16000,0.066933,0.515442,D:\STUPEN\Heartz\data-science\dataset\clean\Ma\Ma_0515.wav
Ma_0516.wav,Ma,1.0,16000,0.064498,0.560944,D:\STUPEN\Heartz\data-science\dataset\clean\Ma\Ma_0516.wav
Ma_0517.wav,Ma,1.0,16000,0.066933,0.49881,D:\STUPEN\Heartz\data-science\dataset\clean\Ma\Ma_0517.wav
Ma_0518.wav,Ma,1.0,16000,0.109385,0.98999,D:\STUPEN\Heartz\data-science\dataset\clean\Ma\Ma_0518.wav
Ma_0519.wav,Ma,1.0,16000,0.066933,0.561798,D:\STUPEN\Heartz\data-science\dataset\clean\Ma\Ma_0519.wav
Ma_0520.wav,Ma,1.0,16000,0.066933,0.599396,D:\STUPEN\Heartz\data-science\dataset\clean\Ma\Ma_0520.wav
Ma_0521.wav,Ma,1.0,16000,0.071554,0.584564,D:\STUPEN\Heartz\data-science\dataset\clean\Ma\Ma_0521.wav
Ma_0522.wav,Ma,1.0,16000,0.066933,0.645691,D:\STUPEN\Heartz\data-science\dataset\clean\Ma\Ma_0522.wav
Ma_0523.wav,Ma,1.0,16000,0.091214,0.782471,D:\STUPEN\Heartz\data-science\dataset\clean\Ma\Ma_0523.wav
Ma_0524.wav,Ma,1.0,16000,0.061968,0.632019,D:\STUPEN\Heartz\data-science\dataset\clean\Ma\Ma_0524.wav
Ma_0525.wav,Ma,1.0,16000,0.066933,0.622589,D:\STUPEN\Heartz\data-science\dataset\clean\Ma\Ma_0525.wav
Ma_0526.wav,Ma,1.0,16000,0.069282,0.557861,D:\STUPEN\Heartz\data-science\dataset\clean\Ma\Ma_0526.wav
Ma_0527.wav,Ma,1.0,16000,0.064498,0.527466,D:\STUPEN\Heartz\data-science\dataset\clean\Ma\Ma_0527.wav
Ma_0528.wav,Ma,1.0,16000,0.061968,0.522858,D:\STUPEN\Heartz\data-science\dataset\clean\Ma\Ma_0528.wav
Ma_0529.wav,Ma,1.0,16000,0.066933,0.54715,D:\STUPEN\Heartz\data-science\dataset\clean\Ma\Ma_0529.wav
Ma_0530.wav,Ma,1.0,16000,0.064498,0.598541,D:\STUPEN\Heartz\data-science\dataset\clean\Ma\Ma_0530.wav
Ma_0531.wav,Ma,1.0,16000,0.061968,0.55426,D:\STUPEN\Heartz\data-science\dataset\clean\Ma\Ma_0531.wav
Ma_0532.wav,Ma,1.0,16000,0.061968,0.545685,D:\STUPEN\Heartz\data-science\dataset\clean\Ma\Ma_0532.wav
Ma_0533.wav,Ma,1.0,16000,0.096333,0.8508,D:\STUPEN\Heartz\data-science\dataset\clean\Ma\Ma_0533.wav
Ma_0534.wav,Ma,1.0,16000,0.071554,0.615875,D:\STUPEN\Heartz\data-science\dataset\clean\Ma\Ma_0534.wav
Ma_0535.wav,Ma,1.0,16000,0.077974,0.621796,D:\STUPEN\Heartz\data-science\dataset\clean\Ma\Ma_0535.wav
Ma_0536.wav,Ma,1.0,16000,0.075895,0.507324,D:\STUPEN\Heartz\data-science\dataset\clean\Ma\Ma_0536.wav
Ma_0537.wav,Ma,1.0,16000,0.069282,0.518738,D:\STUPEN\Heartz\data-science\dataset\clean\Ma\Ma_0537.wav
Ma_0538.wav,Ma,1.0,16000,0.066933,0.526062,D:\STUPEN\Heartz\data-science\dataset\clean\Ma\Ma_0538.wav
Ma_0539.wav,Ma,1.0,16000,0.087636,0.617004,D:\STUPEN\Heartz\data-science\dataset\clean\Ma\Ma_0539.wav
Ma_0540.wav,Ma,1.0,16000,0.077974,0.668549,D:\STUPEN\Heartz\data-science\dataset\clean\Ma\Ma_0540.wav
Ma_0541.wav,Ma,1.0,16000,0.073756,0.591522,D:\STUPEN\Heartz\data-science\dataset\clean\Ma\Ma_0541.wav
Ma_0542.wav,Ma,1.0,16000,0.075895,0.496063,D:\STUPEN\Heartz\data-science\dataset\clean\Ma\Ma_0542.wav
Ma_0543.wav,Ma,1.0,16000,0.08,0.721039,D:\STUPEN\Heartz\data-science\dataset\clean\Ma\Ma_0543.wav
Ma_0544.wav,Ma,1.0,16000,0.077974,0.641541,D:\STUPEN\Heartz\data-science\dataset\clean\Ma\Ma_0544.wav
Ma_0545.wav,Ma,1.0,16000,0.075895,0.593842,D:\STUPEN\Heartz\data-science\dataset\clean\Ma\Ma_0545.wav
Ma_0546.wav,Ma,1.0,16000,0.087636,0.672333,D:\STUPEN\Heartz\data-science\dataset\clean\Ma\Ma_0546.wav
Ma_0547.wav,Ma,1.0,16000,0.075895,0.519165,D:\STUPEN\Heartz\data-science\dataset\clean\Ma\Ma_0547.wav
Ma_0548.wav,Ma,1.0,16000,0.075895,0.536957,D:\STUPEN\Heartz\data-science\dataset\clean\Ma\Ma_0548.wav
Ma_0549.wav,Ma,1.0,16000,0.077974,0.510468,D:\STUPEN\Heartz\data-science\dataset\clean\Ma\Ma_0549.wav
Ma_0550.wav,Ma,1.0,16000,0.083905,0.549194,D:\STUPEN\Heartz\data-science\dataset\clean\Ma\Ma_0550.wav
Ma_0551.wav,Ma,1.0,16000,0.077974,0.471832,D:\STUPEN\Heartz\data-science\dataset\clean\Ma\Ma_0551.wav
Ma_0552.wav,Ma,1.0,16000,0.08,0.568024,D:\STUPEN\Heartz\data-science\dataset\clean\Ma\Ma_0552.wav
Ma_0553.wav,Ma,1.0,16000,0.08,0.640259,D:\STUPEN\Heartz\data-science\dataset\clean\Ma\Ma_0553.wav
Ma_0554.wav,Ma,1.0,16000,0.083905,0.701141,D:\STUPEN\Heartz\data-science\dataset\clean\Ma\Ma_0554.wav
Ma_0555.wav,Ma,1.0,16000,0.08,0.64444,D:\STUPEN\Heartz\data-science\dataset\clean\Ma\Ma_0555.wav
Ma_0556.wav,Ma,1.0,16000,0.073756,0.595154,D:\STUPEN\Heartz\data-science\dataset\clean\Ma\Ma_0556.wav
Ma_0557.wav,Ma,1.0,16000,0.071554,0.557617,D:\STUPEN\Heartz\data-science\dataset\clean\Ma\Ma_0557.wav
Ma_0558.wav,Ma,1.0,16000,0.069282,0.521057,D:\STUPEN\Heartz\data-science\dataset\clean\Ma\Ma_0558.wav
Ma_0559.wav,Ma,1.0,16000,0.073756,0.567291,D:\STUPEN\Heartz\data-science\dataset\clean\Ma\Ma_0559.wav
Ma_0560.wav,Ma,1.0,16000,0.071554,0.577454,D:\STUPEN\Heartz\data-science\dataset\clean\Ma\Ma_0560.wav
Ma_0561.wav,Ma,1.0,16000,0.075895,0.596222,D:\STUPEN\Heartz\data-science\dataset\clean\Ma\Ma_0561.wav
Ma_0562.wav,Ma,1.0,16000,0.075895,0.588013,D:\STUPEN\Heartz\data-science\dataset\clean\Ma\Ma_0562.wav
Ma_0563.wav,Ma,1.0,16000,0.075895,0.49057,D:\STUPEN\Heartz\data-science\dataset\clean\Ma\Ma_0563.wav
Ma_0564.wav,Ma,1.0,16000,0.083905,0.549774,D:\STUPEN\Heartz\data-science\dataset\clean\Ma\Ma_0564.wav
Ma_0565.wav,Ma,1.0,16000,0.069282,0.534302,D:\STUPEN\Heartz\data-science\dataset\clean\Ma\Ma_0565.wav
Ma_0566.wav,Ma,1.0,16000,0.073756,0.508514,D:\STUPEN\Heartz\data-science\dataset\clean\Ma\Ma_0566.wav
Ma_0567.wav,Ma,1.0,16000,0.064478,0.802094,D:\STUPEN\Heartz\data-science\dataset\clean\Ma\Ma_0567.wav
Ma_0568.wav,Ma,1.0,16000,0.073756,0.545746,D:\STUPEN\Heartz\data-science\dataset\clean\Ma\Ma_0568.wav
Ma_0569.wav,Ma,1.0,16000,0.071554,0.608826,D:\STUPEN\Heartz\data-science\dataset\clean\Ma\Ma_0569.wav
Ma_0570.wav,Ma,1.0,16000,0.08,0.594971,D:\STUPEN\Heartz\data-science\dataset\clean\Ma\Ma_0570.wav
Ma_0571.wav,Ma,1.0,16000,0.11294,0.824554,D:\STUPEN\Heartz\data-science\dataset\clean\Ma\Ma_0571.wav
Ma_0572.wav,Ma,1.0,16000,0.081976,0.445831,D:\STUPEN\Heartz\data-science\dataset\clean\Ma\Ma_0572.wav
Ma_0573.wav,Ma,1.0,16000,0.089443,0.725281,D:\STUPEN\Heartz\data-science\dataset\clean\Ma\Ma_0573.wav
Ma_0574.wav,Ma,1.0,16000,0.071554,0.597504,D:\STUPEN\Heartz\data-science\dataset\clean\Ma\Ma_0574.wav
Ma_0575.wav,Ma,1.0,16000,0.066933,0.572876,D:\STUPEN\Heartz\data-science\dataset\clean\Ma\Ma_0575.wav
Ma_0576.wav,Ma,1.0,16000,0.087636,0.771606,D:\STUPEN\Heartz\data-science\dataset\clean\Ma\Ma_0576.wav
Ma_0577.wav,Ma,1.0,16000,0.071554,0.648743,D:\STUPEN\Heartz\data-science\dataset\clean\Ma\Ma_0577.wav
Ma_0578.wav,Ma,1.0,16000,0.069282,0.54248,D:\STUPEN\Heartz\data-science\dataset\clean\Ma\Ma_0578.wav
Ma_0579.wav,Ma,1.0,16000,0.071554,0.563995,D:\STUPEN\Heartz\data-science\dataset\clean\Ma\Ma_0579.wav
Ma_0580.wav,Ma,1.0,16000,0.071554,0.522003,D:\STUPEN\Heartz\data-science\dataset\clean\Ma\Ma_0580.wav
Ma_0581.wav,Ma,1.0,16000,0.073756,0.512817,D:\STUPEN\Heartz\data-science\dataset\clean\Ma\Ma_0581.wav
Ma_0582.wav,Ma,1.0,16000,0.069282,0.524902,D:\STUPEN\Heartz\data-science\dataset\clean\Ma\Ma_0582.wav
Ma_0583.wav,Ma,1.0,16000,0.077974,0.302399,D:\STUPEN\Heartz\data-science\dataset\clean\Ma\Ma_0583.wav
Ma_0584.wav,Ma,1.0,16000,0.073756,0.513733,D:\STUPEN\Heartz\data-science\dataset\clean\Ma\Ma_0584.wav
Ma_0585.wav,Ma,1.0,16000,0.085791,0.683563,D:\STUPEN\Heartz\data-science\dataset\clean\Ma\Ma_0585.wav
Ma_0586.wav,Ma,1.0,16000,0.069282,0.511658,D:\STUPEN\Heartz\data-science\dataset\clean\Ma\Ma_0586.wav
Ma_0587.wav,Ma,1.0,16000,0.066933,0.519165,D:\STUPEN\Heartz\data-science\dataset\clean\Ma\Ma_0587.wav
Ma_0588.wav,Ma,1.0,16000,0.073756,0.53595,D:\STUPEN\Heartz\data-science\dataset\clean\Ma\Ma_0588.wav
Ma_0589.wav,Ma,1.0,16000,0.073756,0.606506,D:\STUPEN\Heartz\data-science\dataset\clean\Ma\Ma_0589.wav
Ma_0590.wav,Ma,1.0,16000,0.101579,0.893494,D:\STUPEN\Heartz\data-science\dataset\clean\Ma\Ma_0590.wav
Ma_0591.wav,Ma,1.0,16000,0.115585,0.905579,D:\STUPEN\Heartz\data-science\dataset\clean\Ma\Ma_0591.wav
Ma_0592.wav,Ma,1.0,16000,0.069282,0.549225,D:\STUPEN\Heartz\data-science\dataset\clean\Ma\Ma_0592.wav
Ma_0593.wav,Ma,1.0,16000,0.069282,0.59964,D:\STUPEN\Heartz\data-science\dataset\clean\Ma\Ma_0593.wav
Ma_0594.wav,Ma,1.0,16000,0.069282,0.587616,D:\STUPEN\Heartz\data-science\dataset\clean\Ma\Ma_0594.wav
Ma_0595.wav,Ma,1.0,16000,0.069282,0.559692,D:\STUPEN\Heartz\data-science\dataset\clean\Ma\Ma_0595.wav
Ma_0596.wav,Ma,1.0,16000,0.071554,0.544281,D:\STUPEN\Heartz\data-science\dataset\clean\Ma\Ma_0596.wav
Ma_0597.wav,Ma,1.0,16000,0.075895,0.58667,D:\STUPEN\Heartz\data-science\dataset\clean\Ma\Ma_0597.wav
Ma_0598.wav,Ma,1.0,16000,0.071554,0.534454,D:\STUPEN\Heartz\data-science\dataset\clean\Ma\Ma_0598.wav
Ma_0599.wav,Ma,1.0,16000,0.095806,0.920013,D:\STUPEN\Heartz\data-science\dataset\clean\Ma\Ma_0599.wav
Ma_0600.wav,Ma,1.0,16000,0.07142,0.78894,D:\STUPEN\Heartz\data-science\dataset\clean\Ma\Ma_0600.wav
Ma_0601.wav,Ma,1.0,16000,0.077974,0.768524,D:\STUPEN\Heartz\data-science\dataset\clean\Ma\Ma_0601.wav
Ma_0602.wav,Ma,1.0,16000,0.069282,0.593964,D:\STUPEN\Heartz\data-science\dataset\clean\Ma\Ma_0602.wav
Ma_0603.wav,Ma,1.0,16000,0.071554,0.551086,D:\STUPEN\Heartz\data-science\dataset\clean\Ma\Ma_0603.wav
Ma_0604.wav,Ma,1.0,16000,0.066933,0.589142,D:\STUPEN\Heartz\data-science\dataset\clean\Ma\Ma_0604.wav
Ma_0605.wav,Ma,1.0,16000,0.061968,0.556458,D:\STUPEN\Heartz\data-science\dataset\clean\Ma\Ma_0605.wav
Ma_0606.wav,Ma,1.0,16000,0.064498,0.565033,D:\STUPEN\Heartz\data-science\dataset\clean\Ma\Ma_0606.wav
Ma_0607.wav,Ma,1.0,16000,0.092399,0.98999,D:\STUPEN\Heartz\data-science\dataset\clean\Ma\Ma_0607.wav
Ma_0608.wav,Ma,1.0,16000,0.09798,0.916534,D:\STUPEN\Heartz\data-science\dataset\clean\Ma\Ma_0608.wav
Ma_0609.wav,Ma,1.0,16000,0.088793,0.835907,D:\STUPEN\Heartz\data-science\dataset\clean\Ma\Ma_0609.wav
Ma_0610.wav,Ma,1.0,16000,0.118017,0.9599,D:\STUPEN\Heartz\data-science\dataset\clean\Ma\Ma_0610.wav
Ma_0611.wav,Ma,1.0,16000,0.069282,0.601685,D:\STUPEN\Heartz\data-science\dataset\clean\Ma\Ma_0611.wav
Ma_0612.wav,Ma,1.0,16000,0.071554,0.511383,D:\STUPEN\Heartz\data-science\dataset\clean\Ma\Ma_0612.wav
Ma_0613.wav,Ma,1.0,16000,0.071554,0.527435,D:\STUPEN\Heartz\data-science\dataset\clean\Ma\Ma_0613.wav
Ma_0614.wav,Ma,1.0,16000,0.071554,0.503143,D:\STUPEN\Heartz\data-science\dataset\clean\Ma\Ma_0614.wav
Ma_0615.wav,Ma,1.0,16000,0.071554,0.529236,D:\STUPEN\Heartz\data-science\dataset\clean\Ma\Ma_0615.wav
Ma_0616.wav,Ma,1.0,16000,0.075895,0.598236,D:\STUPEN\Heartz\data-science\dataset\clean\Ma\Ma_0616.wav
Ma_0617.wav,Ma,1.0,16000,0.077974,0.686859,D:\STUPEN\Heartz\data-science\dataset\clean\Ma\Ma_0617.wav
Ma_0618.wav,Ma,1.0,16000,0.073756,0.56662,D:\STUPEN\Heartz\data-science\dataset\clean\Ma\Ma_0618.wav
Ma_0619.wav,Ma,1.0,16000,0.073756,0.554443,D:\STUPEN\Heartz\data-science\dataset\clean\Ma\Ma_0619.wav
Ma_0620.wav,Ma,1.0,16000,0.071554,0.571777,D:\STUPEN\Heartz\data-science\dataset\clean\Ma\Ma_0620.wav
Ma_0621.wav,Ma,1.0,16000,0.091214,0.712585,D:\STUPEN\Heartz\data-science\dataset\clean\Ma\Ma_0621.wav
Ma_0622.wav,Ma,1.0,16000,0.096333,0.836395,D:\STUPEN\Heartz\data-science\dataset\clean\Ma\Ma_0622.wav
Ma_0623.wav,Ma,1.0,16000,0.071554,0.531433,D:\STUPEN\Heartz\data-science\dataset\clean\Ma\Ma_0623.wav
Ma_0624.wav,Ma,1.0,16000,0.08579,0.626801,D:\STUPEN\Heartz\data-science\dataset\clean\Ma\Ma_0624.wav
Ma_0625.wav,Ma,1.0,16000,0.08579,0.73526,D:\STUPEN\Heartz\data-science\dataset\clean\Ma\Ma_0625.wav
Ma_0626.wav,Ma,1.0,16000,0.105768,0.871338,D:\STUPEN\Heartz\data-science\dataset\clean\Ma\Ma_0626.wav
Ma_0627.wav,Ma,1.0,16000,0.069282,0.589081,D:\STUPEN\Heartz\data-science\dataset\clean\Ma\Ma_0627.wav
Ma_0628.wav,Ma,1.0,16000,0.061968,0.560852,D:\STUPEN\Heartz\data-science\dataset\clean\Ma\Ma_0628.wav
Ma_0629.wav,Ma,1.0,16000,0.066933,0.583496,D:\STUPEN\Heartz\data-science\dataset\clean\Ma\Ma_0629.wav
Ma_0630.wav,Ma,1.0,16000,0.066933,0.530731,D:\STUPEN\Heartz\data-science\dataset\clean\Ma\Ma_0630.wav
Ma_0631.wav,Ma,1.0,16000,0.068847,0.509125,D:\STUPEN\Heartz\data-science\dataset\clean\Ma\Ma_0631.wav
Ma_0632.wav,Ma,1.0,16000,0.075895,0.833862,D:\STUPEN\Heartz\data-science\dataset\clean\Ma\Ma_0632.wav
Ma_0633.wav,Ma,1.0,16000,0.073756,0.559967,D:\STUPEN\Heartz\data-science\dataset\clean\Ma\Ma_0633.wav
Ma_0634.wav,Ma,1.0,16000,0.069282,0.525024,D:\STUPEN\Heartz\data-science\dataset\clean\Ma\Ma_0634.wav
Ma_0635.wav,Ma,1.0,16000,0.102742,0.851318,D:\STUPEN\Heartz\data-science\dataset\clean\Ma\Ma_0635.wav
Ma_0636.wav,Ma,1.0,16000,0.09273,0.929779,D:\STUPEN\Heartz\data-science\dataset\clean\Ma\Ma_0636.wav
Ma_0637.wav,Ma,1.0,16000,0.078994,0.428314,D:\STUPEN\Heartz\data-science\dataset\clean\Ma\Ma_0637.wav
Ma_0638.wav,Ma,1.0,16000,0.064498,0.553192,D:\STUPEN\Heartz\data-science\dataset\clean\Ma\Ma_0638.wav
Ma_0639.wav,Ma,1.0,16000,0.094657,0.726044,D:\STUPEN\Heartz\data-science\dataset\clean\Ma\Ma_0639.wav
Ma_0640.wav,Ma,1.0,16000,0.069282,0.616028,D:\STUPEN\Heartz\data-science\dataset\clean\Ma\Ma_0640.wav
Ma_0641.wav,Ma,1.0,16000,0.064498,0.547424,D:\STUPEN\Heartz\data-science\dataset\clean\Ma\Ma_0641.wav
Ma_0642.wav,Ma,1.0,16000,0.066933,0.552277,D:\STUPEN\Heartz\data-science\dataset\clean\Ma\Ma_0642.wav
Ma_0643.wav,Ma,1.0,16000,0.061968,0.571228,D:\STUPEN\Heartz\data-science\dataset\clean\Ma\Ma_0643.wav
Ma_0644.wav,Ma,1.0,16000,0.061968,0.59845,D:\STUPEN\Heartz\data-science\dataset\clean\Ma\Ma_0644.wav
Ma_0645.wav,Ma,1.0,16000,0.061968,0.500214,D:\STUPEN\Heartz\data-science\dataset\clean\Ma\Ma_0645.wav
Ma_0646.wav,Ma,1.0,16000,0.066933,0.56546,D:\STUPEN\Heartz\data-science\dataset\clean\Ma\Ma_0646.wav
Ma_0647.wav,Ma,1.0,16000,0.066933,0.616577,D:\STUPEN\Heartz\data-science\dataset\clean\Ma\Ma_0647.wav
Ma_0648.wav,Ma,1.0,16000,0.064498,0.566956,D:\STUPEN\Heartz\data-science\dataset\clean\Ma\Ma_0648.wav
Ma_0649.wav,Ma,1.0,16000,0.066933,0.613403,D:\STUPEN\Heartz\data-science\dataset\clean\Ma\Ma_0649.wav
Ma_0650.wav,Ma,1.0,16000,0.069282,0.581085,D:\STUPEN\Heartz\data-science\dataset\clean\Ma\Ma_0650.wav
Ma_0651.wav,Ma,1.0,16000,0.064498,0.59259,D:\STUPEN\Heartz\data-science\dataset\clean\Ma\Ma_0651.wav
Ma_0652.wav,Ma,1.0,16000,0.071554,0.617035,D:\STUPEN\Heartz\data-science\dataset\clean\Ma\Ma_0652.wav
Ma_0653.wav,Ma,1.0,16000,0.073756,0.641266,D:\STUPEN\Heartz\data-science\dataset\clean\Ma\Ma_0653.wav
Ma_0654.wav,Ma,1.0,16000,0.071554,0.641968,D:\STUPEN\Heartz\data-science\dataset\clean\Ma\Ma_0654.wav
Ma_0655.wav,Ma,1.0,16000,0.075895,0.669708,D:\STUPEN\Heartz\data-science\dataset\clean\Ma\Ma_0655.wav
Ma_0656.wav,Ma,1.0,16000,0.073756,0.583862,D:\STUPEN\Heartz\data-science\dataset\clean\Ma\Ma_0656.wav
Ma_0657.wav,Ma,1.0,16000,0.071554,0.689392,D:\STUPEN\Heartz\data-science\dataset\clean\Ma\Ma_0657.wav
Ma_0658.wav,Ma,1.0,16000,0.069282,0.557281,D:\STUPEN\Heartz\data-science\dataset\clean\Ma\Ma_0658.wav
Ma_0659.wav,Ma,1.0,16000,0.069282,0.589478,D:\STUPEN\Heartz\data-science\dataset\clean\Ma\Ma_0659.wav
Ma_0660.wav,Ma,1.0,16000,0.064498,0.534576,D:\STUPEN\Heartz\data-science\dataset\clean\Ma\Ma_0660.wav
Ma_0661.wav,Ma,1.0,16000,0.071554,0.664795,D:\STUPEN\Heartz\data-science\dataset\clean\Ma\Ma_0661.wav
Ma_0662.wav,Ma,1.0,16000,0.066933,0.571136,D:\STUPEN\Heartz\data-science\dataset\clean\Ma\Ma_0662.wav
Ma_0663.wav,Ma,1.0,16000,0.066933,0.54599,D:\STUPEN\Heartz\data-science\dataset\clean\Ma\Ma_0663.wav
Ma_0664.wav,Ma,1.0,16000,0.110151,0.989807,D:\STUPEN\Heartz\data-science\dataset\clean\Ma\Ma_0664.wav
Ma_0665.wav,Ma,1.0,16000,0.08513,0.885223,D:\STUPEN\Heartz\data-science\dataset\clean\Ma\Ma_0665.wav
Ma_0666.wav,Ma,1.0,16000,0.077974,0.499603,D:\STUPEN\Heartz\data-science\dataset\clean\Ma\Ma_0666.wav
Ma_0667.wav,Ma,1.0,16000,0.08,0.790802,D:\STUPEN\Heartz\data-science\dataset\clean\Ma\Ma_0667.wav
Ma_0668.wav,Ma,1.0,16000,0.066933,0.64151,D:\STUPEN\Heartz\data-science\dataset\clean\Ma\Ma_0668.wav
Ma_0669.wav,Ma,1.0,16000,0.09798,0.82666,D:\STUPEN\Heartz\data-science\dataset\clean\Ma\Ma_0669.wav
Ma_0670.wav,Ma,1.0,16000,0.096333,0.479126,D:\STUPEN\Heartz\data-science\dataset\clean\Ma\Ma_0670.wav
Ma_0671.wav,Ma,1.0,16000,0.108738,0.927765,D:\STUPEN\Heartz\data-science\dataset\clean\Ma\Ma_0671.wav
Ma_0672.wav,Ma,1.0,16000,0.071554,0.584412,D:\STUPEN\Heartz\data-science\dataset\clean\Ma\Ma_0672.wav
Ma_0673.wav,Ma,1.0,16000,0.08,0.53952,D:\STUPEN\Heartz\data-science\dataset\clean\Ma\Ma_0673.wav
Ma_0674.wav,Ma,1.0,16000,0.073756,0.594757,D:\STUPEN\Heartz\data-science\dataset\clean\Ma\Ma_0674.wav
Ma_0675.wav,Ma,1.0,16000,0.077974,0.642334,D:\STUPEN\Heartz\data-science\dataset\clean\Ma\Ma_0675.wav
Ma_0676.wav,Ma,1.0,16000,0.071554,0.528107,D:\STUPEN\Heartz\data-science\dataset\clean\Ma\Ma_0676.wav
Ma_0677.wav,Ma,1.0,16000,0.073756,0.567047,D:\STUPEN\Heartz\data-science\dataset\clean\Ma\Ma_0677.wav
Ma_0678.wav,Ma,1.0,16000,0.122165,0.94397,D:\STUPEN\Heartz\data-science\dataset\clean\Ma\Ma_0678.wav
Ma_0679.wav,Ma,1.0,16000,0.099599,0.879608,D:\STUPEN\Heartz\data-science\dataset\clean\Ma\Ma_0679.wav
Ma_0680.wav,Ma,1.0,16000,0.108674,0.918243,D:\STUPEN\Heartz\data-science\dataset\clean\Ma\Ma_0680.wav
Ma_0681.wav,Ma,1.0,16000,0.091635,0.796509,D:\STUPEN\Heartz\data-science\dataset\clean\Ma\Ma_0681.wav
Ma_0682.wav,Ma,1.0,16000,0.064498,0.601044,D:\STUPEN\Heartz\data-science\dataset\clean\Ma\Ma_0682.wav
Ma_0683.wav,Ma,1.0,16000,0.064498,0.616577,D:\STUPEN\Heartz\data-science\dataset\clean\Ma\Ma_0683.wav
Ma_0684.wav,Ma,1.0,16000,0.064498,0.680786,D:\STUPEN\Heartz\data-science\dataset\clean\Ma\Ma_0684.wav
Ma_0685.wav,Ma,1.0,16000,0.061968,0.731293,D:\STUPEN\Heartz\data-science\dataset\clean\Ma\Ma_0685.wav
Ma_0686.wav,Ma,1.0,16000,0.066933,0.605743,D:\STUPEN\Heartz\data-science\dataset\clean\Ma\Ma_0686.wav
Ma_0687.wav,Ma,1.0,16000,0.066933,0.57959,D:\STUPEN\Heartz\data-science\dataset\clean\Ma\Ma_0687.wav
Ma_0688.wav,Ma,1.0,16000,0.069282,0.677979,D:\STUPEN\Heartz\data-science\dataset\clean\Ma\Ma_0688.wav
Ma_0689.wav,Ma,1.0,16000,0.069282,0.581024,D:\STUPEN\Heartz\data-science\dataset\clean\Ma\Ma_0689.wav
Ma_0690.wav,Ma,1.0,16000,0.064498,0.551605,D:\STUPEN\Heartz\data-science\dataset\clean\Ma\Ma_0690.wav
Ma_0691.wav,Ma,1.0,16000,0.064498,0.501251,D:\STUPEN\Heartz\data-science\dataset\clean\Ma\Ma_0691.wav
Ma_0692.wav,Ma,1.0,16000,0.066933,0.499268,D:\STUPEN\Heartz\data-science\dataset\clean\Ma\Ma_0692.wav
Ma_0693.wav,Ma,1.0,16000,0.061968,0.578979,D:\STUPEN\Heartz\data-science\dataset\clean\Ma\Ma_0693.wav
Ma_0694.wav,Ma,1.0,16000,0.064498,0.517639,D:\STUPEN\Heartz\data-science\dataset\clean\Ma\Ma_0694.wav
Ma_0695.wav,Ma,1.0,16000,0.064498,0.667603,D:\STUPEN\Heartz\data-science\dataset\clean\Ma\Ma_0695.wav
Ma_0696.wav,Ma,1.0,16000,0.066933,0.618073,D:\STUPEN\Heartz\data-science\dataset\clean\Ma\Ma_0696.wav
Ma_0697.wav,Ma,1.0,16000,0.066933,0.585968,D:\STUPEN\Heartz\data-science\dataset\clean\Ma\Ma_0697.wav
Ma_0698.wav,Ma,1.0,16000,0.061968,0.548462,D:\STUPEN\Heartz\data-science\dataset\clean\Ma\Ma_0698.wav
Ma_0699.wav,Ma,1.0,16000,0.061968,0.538605,D:\STUPEN\Heartz\data-science\dataset\clean\Ma\Ma_0699.wav
Ma_0700.wav,Ma,1.0,16000,0.071554,0.591095,D:\STUPEN\Heartz\data-science\dataset\clean\Ma\Ma_0700.wav
Ma_0701.wav,Ma,1.0,16000,0.066933,0.72049,D:\STUPEN\Heartz\data-science\dataset\clean\Ma\Ma_0701.wav
Ma_0702.wav,Ma,1.0,16000,0.073756,0.600525,D:\STUPEN\Heartz\data-science\dataset\clean\Ma\Ma_0702.wav
Ma_0703.wav,Ma,1.0,16000,0.064498,0.528961,D:\STUPEN\Heartz\data-science\dataset\clean\Ma\Ma_0703.wav
Ma_0704.wav,Ma,1.0,16000,0.069282,0.612335,D:\STUPEN\Heartz\data-science\dataset\clean\Ma\Ma_0704.wav
Ma_0705.wav,Ma,1.0,16000,0.064498,0.567566,D:\STUPEN\Heartz\data-science\dataset\clean\Ma\Ma_0705.wav
Ma_0706.wav,Ma,1.0,16000,0.066933,0.566895,D:\STUPEN\Heartz\data-science\dataset\clean\Ma\Ma_0706.wav
Ma_0707.wav,Ma,1.0,16000,0.075189,0.841248,D:\STUPEN\Heartz\data-science\dataset\clean\Ma\Ma_0707.wav
Ma_0708.wav,Ma,1.0,16000,0.064498,0.510193,D:\STUPEN\Heartz\data-science\dataset\clean\Ma\Ma_0708.wav
Ma_0709.wav,Ma,1.0,16000,0.061968,0.504272,D:\STUPEN\Heartz\data-science\dataset\clean\Ma\Ma_0709.wav
Ma_0710.wav,Ma,1.0,16000,0.066933,0.56073,D:\STUPEN\Heartz\data-science\dataset\clean\Ma\Ma_0710.wav
Ma_0711.wav,Ma,1.0,16000,0.066933,0.515442,D:\STUPEN\Heartz\data-science\dataset\clean\Ma\Ma_0711.wav
Ma_0712.wav,Ma,1.0,16000,0.064498,0.560944,D:\STUPEN\Heartz\data-science\dataset\clean\Ma\Ma_0712.wav
Ma_0713.wav,Ma,1.0,16000,0.066933,0.49881,D:\STUPEN\Heartz\data-science\dataset\clean\Ma\Ma_0713.wav
Ma_0714.wav,Ma,1.0,16000,0.109385,0.98999,D:\STUPEN\Heartz\data-science\dataset\clean\Ma\Ma_0714.wav
Ma_0715.wav,Ma,1.0,16000,0.066933,0.561798,D:\STUPEN\Heartz\data-science\dataset\clean\Ma\Ma_0715.wav
Ma_0716.wav,Ma,1.0,16000,0.066933,0.599396,D:\STUPEN\Heartz\data-science\dataset\clean\Ma\Ma_0716.wav
Ma_0717.wav,Ma,1.0,16000,0.071554,0.584564,D:\STUPEN\Heartz\data-science\dataset\clean\Ma\Ma_0717.wav
Ma_0718.wav,Ma,1.0,16000,0.066933,0.645691,D:\STUPEN\Heartz\data-science\dataset\clean\Ma\Ma_0718.wav
Ma_0719.wav,Ma,1.0,16000,0.091214,0.782471,D:\STUPEN\Heartz\data-science\dataset\clean\Ma\Ma_0719.wav
Ma_0720.wav,Ma,1.0,16000,0.061968,0.632019,D:\STUPEN\Heartz\data-science\dataset\clean\Ma\Ma_0720.wav
Ma_0721.wav,Ma,1.0,16000,0.066933,0.622589,D:\STUPEN\Heartz\data-science\dataset\clean\Ma\Ma_0721.wav
Ma_0722.wav,Ma,1.0,16000,0.069282,0.557861,D:\STUPEN\Heartz\data-science\dataset\clean\Ma\Ma_0722.wav
Ma_0723.wav,Ma,1.0,16000,0.064498,0.527466,D:\STUPEN\Heartz\data-science\dataset\clean\Ma\Ma_0723.wav
Ma_0724.wav,Ma,1.0,16000,0.061968,0.522858,D:\STUPEN\Heartz\data-science\dataset\clean\Ma\Ma_0724.wav
Ma_0725.wav,Ma,1.0,16000,0.066933,0.54715,D:\STUPEN\Heartz\data-science\dataset\clean\Ma\Ma_0725.wav
Ma_0726.wav,Ma,1.0,16000,0.064498,0.598541,D:\STUPEN\Heartz\data-science\dataset\clean\Ma\Ma_0726.wav
Ma_0727.wav,Ma,1.0,16000,0.061968,0.55426,D:\STUPEN\Heartz\data-science\dataset\clean\Ma\Ma_0727.wav
Ma_0728.wav,Ma,1.0,16000,0.061968,0.545685,D:\STUPEN\Heartz\data-science\dataset\clean\Ma\Ma_0728.wav
Ma_0729.wav,Ma,1.0,16000,0.096333,0.8508,D:\STUPEN\Heartz\data-science\dataset\clean\Ma\Ma_0729.wav
Ma_0730.wav,Ma,1.0,16000,0.071554,0.615875,D:\STUPEN\Heartz\data-science\dataset\clean\Ma\Ma_0730.wav
Ma_0731.wav,Ma,1.0,16000,0.077974,0.621796,D:\STUPEN\Heartz\data-science\dataset\clean\Ma\Ma_0731.wav
Ma_0732.wav,Ma,1.0,16000,0.075895,0.507324,D:\STUPEN\Heartz\data-science\dataset\clean\Ma\Ma_0732.wav
Ma_0733.wav,Ma,1.0,16000,0.069282,0.518738,D:\STUPEN\Heartz\data-science\dataset\clean\Ma\Ma_0733.wav
Ma_0734.wav,Ma,1.0,16000,0.066933,0.526062,D:\STUPEN\Heartz\data-science\dataset\clean\Ma\Ma_0734.wav
Ma_0735.wav,Ma,1.0,16000,0.087636,0.617004,D:\STUPEN\Heartz\data-science\dataset\clean\Ma\Ma_0735.wav
Ma_0736.wav,Ma,1.0,16000,0.077974,0.668549,D:\STUPEN\Heartz\data-science\dataset\clean\Ma\Ma_0736.wav
Ma_0737.wav,Ma,1.0,16000,0.073756,0.591522,D:\STUPEN\Heartz\data-science\dataset\clean\Ma\Ma_0737.wav
Ma_0738.wav,Ma,1.0,16000,0.075895,0.496063,D:\STUPEN\Heartz\data-science\dataset\clean\Ma\Ma_0738.wav
Ma_0739.wav,Ma,1.0,16000,0.08,0.721039,D:\STUPEN\Heartz\data-science\dataset\clean\Ma\Ma_0739.wav
Ma_0740.wav,Ma,1.0,16000,0.077974,0.641541,D:\STUPEN\Heartz\data-science\dataset\clean\Ma\Ma_0740.wav
Ma_0741.wav,Ma,1.0,16000,0.075895,0.593842,D:\STUPEN\Heartz\data-science\dataset\clean\Ma\Ma_0741.wav
Ma_0742.wav,Ma,1.0,16000,0.087636,0.672333,D:\STUPEN\Heartz\data-science\dataset\clean\Ma\Ma_0742.wav
Ma_0743.wav,Ma,1.0,16000,0.075895,0.519165,D:\STUPEN\Heartz\data-science\dataset\clean\Ma\Ma_0743.wav
Ma_0744.wav,Ma,1.0,16000,0.075895,0.536957,D:\STUPEN\Heartz\data-science\dataset\clean\Ma\Ma_0744.wav
Ma_0745.wav,Ma,1.0,16000,0.077974,0.510468,D:\STUPEN\Heartz\data-science\dataset\clean\Ma\Ma_0745.wav
Ma_0746.wav,Ma,1.0,16000,0.083905,0.549194,D:\STUPEN\Heartz\data-science\dataset\clean\Ma\Ma_0746.wav
Ma_0747.wav,Ma,1.0,16000,0.077974,0.471832,D:\STUPEN\Heartz\data-science\dataset\clean\Ma\Ma_0747.wav
Ma_0748.wav,Ma,1.0,16000,0.08,0.568024,D:\STUPEN\Heartz\data-science\dataset\clean\Ma\Ma_0748.wav
Ma_0749.wav,Ma,1.0,16000,0.08,0.640259,D:\STUPEN\Heartz\data-science\dataset\clean\Ma\Ma_0749.wav
Ma_0750.wav,Ma,1.0,16000,0.083905,0.701141,D:\STUPEN\Heartz\data-science\dataset\clean\Ma\Ma_0750.wav
Ma_0751.wav,Ma,1.0,16000,0.08,0.64444,D:\STUPEN\Heartz\data-science\dataset\clean\Ma\Ma_0751.wav
Ma_0752.wav,Ma,1.0,16000,0.073756,0.595154,D:\STUPEN\Heartz\data-science\dataset\clean\Ma\Ma_0752.wav
Ma_0753.wav,Ma,1.0,16000,0.071554,0.557617,D:\STUPEN\Heartz\data-science\dataset\clean\Ma\Ma_0753.wav
Ma_0754.wav,Ma,1.0,16000,0.069282,0.521057,D:\STUPEN\Heartz\data-science\dataset\clean\Ma\Ma_0754.wav
Ma_0755.wav,Ma,1.0,16000,0.073756,0.567291,D:\STUPEN\Heartz\data-science\dataset\clean\Ma\Ma_0755.wav
Ma_0756.wav,Ma,1.0,16000,0.071554,0.577454,D:\STUPEN\Heartz\data-science\dataset\clean\Ma\Ma_0756.wav
Ma_0757.wav,Ma,1.0,16000,0.075895,0.596222,D:\STUPEN\Heartz\data-science\dataset\clean\Ma\Ma_0757.wav
Ma_0758.wav,Ma,1.0,16000,0.075895,0.588013,D:\STUPEN\Heartz\data-science\dataset\clean\Ma\Ma_0758.wav
Ma_0759.wav,Ma,1.0,16000,0.075895,0.49057,D:\STUPEN\Heartz\data-science\dataset\clean\Ma\Ma_0759.wav
Ma_0760.wav,Ma,1.0,16000,0.083905,0.549774,D:\STUPEN\Heartz\data-science\dataset\clean\Ma\Ma_0760.wav
Ma_0761.wav,Ma,1.0,16000,0.069282,0.534302,D:\STUPEN\Heartz\data-science\dataset\clean\Ma\Ma_0761.wav
Ma_0762.wav,Ma,1.0,16000,0.073756,0.508514,D:\STUPEN\Heartz\data-science\dataset\clean\Ma\Ma_0762.wav
Ma_0763.wav,Ma,1.0,16000,0.064478,0.802094,D:\STUPEN\Heartz\data-science\dataset\clean\Ma\Ma_0763.wav
Ma_0764.wav,Ma,1.0,16000,0.073756,0.545746,D:\STUPEN\Heartz\data-science\dataset\clean\Ma\Ma_0764.wav
Ma_0765.wav,Ma,1.0,16000,0.071554,0.608826,D:\STUPEN\Heartz\data-science\dataset\clean\Ma\Ma_0765.wav
Ma_0766.wav,Ma,1.0,16000,0.08,0.594971,D:\STUPEN\Heartz\data-science\dataset\clean\Ma\Ma_0766.wav
Ma_0767.wav,Ma,1.0,16000,0.11294,0.824554,D:\STUPEN\Heartz\data-science\dataset\clean\Ma\Ma_0767.wav
Ma_0768.wav,Ma,1.0,16000,0.081976,0.445831,D:\STUPEN\Heartz\data-science\dataset\clean\Ma\Ma_0768.wav
Ma_0769.wav,Ma,1.0,16000,0.089443,0.725281,D:\STUPEN\Heartz\data-science\dataset\clean\Ma\Ma_0769.wav
Ma_0770.wav,Ma,1.0,16000,0.071554,0.597504,D:\STUPEN\Heartz\data-science\dataset\clean\Ma\Ma_0770.wav
Ma_0771.wav,Ma,1.0,16000,0.066933,0.572876,D:\STUPEN\Heartz\data-science\dataset\clean\Ma\Ma_0771.wav
Ma_0772.wav,Ma,1.0,16000,0.087636,0.771606,D:\STUPEN\Heartz\data-science\dataset\clean\Ma\Ma_0772.wav
Ma_0773.wav,Ma,1.0,16000,0.071554,0.648743,D:\STUPEN\Heartz\data-science\dataset\clean\Ma\Ma_0773.wav
Ma_0774.wav,Ma,1.0,16000,0.069282,0.54248,D:\STUPEN\Heartz\data-science\dataset\clean\Ma\Ma_0774.wav
Ma_0775.wav,Ma,1.0,16000,0.071554,0.563995,D:\STUPEN\Heartz\data-science\dataset\clean\Ma\Ma_0775.wav
Ma_0776.wav,Ma,1.0,16000,0.071554,0.522003,D:\STUPEN\Heartz\data-science\dataset\clean\Ma\Ma_0776.wav
Ma_0777.wav,Ma,1.0,16000,0.073756,0.512817,D:\STUPEN\Heartz\data-science\dataset\clean\Ma\Ma_0777.wav
Ma_0778.wav,Ma,1.0,16000,0.069282,0.524902,D:\STUPEN\Heartz\data-science\dataset\clean\Ma\Ma_0778.wav
Ma_0779.wav,Ma,1.0,16000,0.077974,0.302399,D:\STUPEN\Heartz\data-science\dataset\clean\Ma\Ma_0779.wav
Ma_0780.wav,Ma,1.0,16000,0.073756,0.513733,D:\STUPEN\Heartz\data-science\dataset\clean\Ma\Ma_0780.wav
Ma_0781.wav,Ma,1.0,16000,0.085791,0.683563,D:\STUPEN\Heartz\data-science\dataset\clean\Ma\Ma_0781.wav
Ma_0782.wav,Ma,1.0,16000,0.069282,0.511658,D:\STUPEN\Heartz\data-science\dataset\clean\Ma\Ma_0782.wav
Ma_0783.wav,Ma,1.0,16000,0.066933,0.519165,D:\STUPEN\Heartz\data-science\dataset\clean\Ma\Ma_0783.wav
Ma_0784.wav,Ma,1.0,16000,0.073756,0.53595,D:\STUPEN\Heartz\data-science\dataset\clean\Ma\Ma_0784.wav
Me_0001.wav,Me,1.0,16000,0.071554,0.649445,D:\STUPEN\Heartz\data-science\dataset\clean\Me\Me_0001.wav
Me_0002.wav,Me,1.0,16000,0.066933,0.636902,D:\STUPEN\Heartz\data-science\dataset\clean\Me\Me_0002.wav
Me_0003.wav,Me,1.0,16000,0.069282,0.640869,D:\STUPEN\Heartz\data-science\dataset\clean\Me\Me_0003.wav
Me_0004.wav,Me,1.0,16000,0.066933,0.578308,D:\STUPEN\Heartz\data-science\dataset\clean\Me\Me_0004.wav
Me_0005.wav,Me,1.0,16000,0.069282,0.648926,D:\STUPEN\Heartz\data-science\dataset\clean\Me\Me_0005.wav
Me_0006.wav,Me,1.0,16000,0.066933,0.650452,D:\STUPEN\Heartz\data-science\dataset\clean\Me\Me_0006.wav
Me_0007.wav,Me,1.0,16000,0.066933,0.585693,D:\STUPEN\Heartz\data-science\dataset\clean\Me\Me_0007.wav
Me_0008.wav,Me,1.0,16000,0.069282,0.580109,D:\STUPEN\Heartz\data-science\dataset\clean\Me\Me_0008.wav
Me_0009.wav,Me,1.0,16000,0.064498,0.477997,D:\STUPEN\Heartz\data-science\dataset\clean\Me\Me_0009.wav
Me_0010.wav,Me,1.0,16000,0.064498,0.627747,D:\STUPEN\Heartz\data-science\dataset\clean\Me\Me_0010.wav
Me_0011.wav,Me,1.0,16000,0.069282,0.599884,D:\STUPEN\Heartz\data-science\dataset\clean\Me\Me_0011.wav
Me_0012.wav,Me,1.0,16000,0.069282,0.622589,D:\STUPEN\Heartz\data-science\dataset\clean\Me\Me_0012.wav
Me_0013.wav,Me,1.0,16000,0.069282,0.513611,D:\STUPEN\Heartz\data-science\dataset\clean\Me\Me_0013.wav
Me_0014.wav,Me,1.0,16000,0.069282,0.55365,D:\STUPEN\Heartz\data-science\dataset\clean\Me\Me_0014.wav
Me_0015.wav,Me,1.0,16000,0.071554,0.580017,D:\STUPEN\Heartz\data-science\dataset\clean\Me\Me_0015.wav
Me_0016.wav,Me,1.0,16000,0.066933,0.761932,D:\STUPEN\Heartz\data-science\dataset\clean\Me\Me_0016.wav
Me_0017.wav,Me,1.0,16000,0.066933,0.599915,D:\STUPEN\Heartz\data-science\dataset\clean\Me\Me_0017.wav
Me_0018.wav,Me,1.0,16000,0.069282,0.537079,D:\STUPEN\Heartz\data-science\dataset\clean\Me\Me_0018.wav
Me_0019.wav,Me,1.0,16000,0.073756,0.664917,D:\STUPEN\Heartz\data-science\dataset\clean\Me\Me_0019.wav
Me_0020.wav,Me,1.0,16000,0.075895,0.710754,D:\STUPEN\Heartz\data-science\dataset\clean\Me\Me_0020.wav
Me_0021.wav,Me,1.0,16000,0.071554,0.607544,D:\STUPEN\Heartz\data-science\dataset\clean\Me\Me_0021.wav
Me_0022.wav,Me,1.0,16000,0.066933,0.7453,D:\STUPEN\Heartz\data-science\dataset\clean\Me\Me_0022.wav
Me_0023.wav,Me,1.0,16000,0.066933,0.548553,D:\STUPEN\Heartz\data-science\dataset\clean\Me\Me_0023.wav
Me_0024.wav,Me,1.0,16000,0.069282,0.572174,D:\STUPEN\Heartz\data-science\dataset\clean\Me\Me_0024.wav
Me_0025.wav,Me,1.0,16000,0.069282,0.621674,D:\STUPEN\Heartz\data-science\dataset\clean\Me\Me_0025.wav
Me_0026.wav,Me,1.0,16000,0.071554,0.606079,D:\STUPEN\Heartz\data-science\dataset\clean\Me\Me_0026.wav
Me_0027.wav,Me,1.0,16000,0.071554,0.656738,D:\STUPEN\Heartz\data-science\dataset\clean\Me\Me_0027.wav
Me_0028.wav,Me,1.0,16000,0.071554,0.669098,D:\STUPEN\Heartz\data-science\dataset\clean\Me\Me_0028.wav
Me_0029.wav,Me,1.0,16000,0.071554,0.63797,D:\STUPEN\Heartz\data-science\dataset\clean\Me\Me_0029.wav
Me_0030.wav,Me,1.0,16000,0.069282,0.659668,D:\STUPEN\Heartz\data-science\dataset\clean\Me\Me_0030.wav
Me_0031.wav,Me,1.0,16000,0.069282,0.555939,D:\STUPEN\Heartz\data-science\dataset\clean\Me\Me_0031.wav
Me_0032.wav,Me,1.0,16000,0.069282,0.629364,D:\STUPEN\Heartz\data-science\dataset\clean\Me\Me_0032.wav
Me_0033.wav,Me,1.0,16000,0.069282,0.578735,D:\STUPEN\Heartz\data-science\dataset\clean\Me\Me_0033.wav
Me_0034.wav,Me,1.0,16000,0.069282,0.504547,D:\STUPEN\Heartz\data-science\dataset\clean\Me\Me_0034.wav
Me_0035.wav,Me,1.0,16000,0.066933,0.579102,D:\STUPEN\Heartz\data-science\dataset\clean\Me\Me_0035.wav
Me_0036.wav,Me,1.0,16000,0.071554,0.574554,D:\STUPEN\Heartz\data-science\dataset\clean\Me\Me_0036.wav
Me_0037.wav,Me,1.0,16000,0.075895,0.614502,D:\STUPEN\Heartz\data-science\dataset\clean\Me\Me_0037.wav
Me_0038.wav,Me,1.0,16000,0.069282,0.66333,D:\STUPEN\Heartz\data-science\dataset\clean\Me\Me_0038.wav
Me_0039.wav,Me,1.0,16000,0.071554,0.567413,D:\STUPEN\Heartz\data-science\dataset\clean\Me\Me_0039.wav
Me_0040.wav,Me,1.0,16000,0.069282,0.606689,D:\STUPEN\Heartz\data-science\dataset\clean\Me\Me_0040.wav
Me_0041.wav,Me,1.0,16000,0.071554,0.631775,D:\STUPEN\Heartz\data-science\dataset\clean\Me\Me_0041.wav
Me_0042.wav,Me,1.0,16000,0.071554,0.536621,D:\STUPEN\Heartz\data-science\dataset\clean\Me\Me_0042.wav
Me_0043.wav,Me,1.0,16000,0.066933,0.617035,D:\STUPEN\Heartz\data-science\dataset\clean\Me\Me_0043.wav
Me_0044.wav,Me,1.0,16000,0.066933,0.595917,D:\STUPEN\Heartz\data-science\dataset\clean\Me\Me_0044.wav
Me_0045.wav,Me,1.0,16000,0.069282,0.511108,D:\STUPEN\Heartz\data-science\dataset\clean\Me\Me_0045.wav
Me_0046.wav,Me,1.0,16000,0.069282,0.587921,D:\STUPEN\Heartz\data-science\dataset\clean\Me\Me_0046.wav
Me_0047.wav,Me,1.0,16000,0.069282,0.601868,D:\STUPEN\Heartz\data-science\dataset\clean\Me\Me_0047.wav
Me_0048.wav,Me,1.0,16000,0.066933,0.563232,D:\STUPEN\Heartz\data-science\dataset\clean\Me\Me_0048.wav
Me_0049.wav,Me,1.0,16000,0.069282,0.504852,D:\STUPEN\Heartz\data-science\dataset\clean\Me\Me_0049.wav
Me_0050.wav,Me,1.0,16000,0.069282,0.649628,D:\STUPEN\Heartz\data-science\dataset\clean\Me\Me_0050.wav
Me_0051.wav,Me,1.0,16000,0.071554,0.735992,D:\STUPEN\Heartz\data-science\dataset\clean\Me\Me_0051.wav
Me_0052.wav,Me,1.0,16000,0.069282,0.613098,D:\STUPEN\Heartz\data-science\dataset\clean\Me\Me_0052.wav
Me_0053.wav,Me,1.0,16000,0.066933,0.627563,D:\STUPEN\Heartz\data-science\dataset\clean\Me\Me_0053.wav
Me_0054.wav,Me,1.0,16000,0.071554,0.617889,D:\STUPEN\Heartz\data-science\dataset\clean\Me\Me_0054.wav
Me_0055.wav,Me,1.0,16000,0.066933,0.642853,D:\STUPEN\Heartz\data-science\dataset\clean\Me\Me_0055.wav
Me_0056.wav,Me,1.0,16000,0.071554,0.649445,D:\STUPEN\Heartz\data-science\dataset\clean\Me\Me_0056.wav
Me_0057.wav,Me,1.0,16000,0.066933,0.636902,D:\STUPEN\Heartz\data-science\dataset\clean\Me\Me_0057.wav
Me_0058.wav,Me,1.0,16000,0.069282,0.640869,D:\STUPEN\Heartz\data-science\dataset\clean\Me\Me_0058.wav
Me_0059.wav,Me,1.0,16000,0.066933,0.578308,D:\STUPEN\Heartz\data-science\dataset\clean\Me\Me_0059.wav
Me_0060.wav,Me,1.0,16000,0.069282,0.648926,D:\STUPEN\Heartz\data-science\dataset\clean\Me\Me_0060.wav
Me_0061.wav,Me,1.0,16000,0.066933,0.650452,D:\STUPEN\Heartz\data-science\dataset\clean\Me\Me_0061.wav
Me_0062.wav,Me,1.0,16000,0.066933,0.585693,D:\STUPEN\Heartz\data-science\dataset\clean\Me\Me_0062.wav
Me_0063.wav,Me,1.0,16000,0.069282,0.580109,D:\STUPEN\Heartz\data-science\dataset\clean\Me\Me_0063.wav
Me_0064.wav,Me,1.0,16000,0.064498,0.477997,D:\STUPEN\Heartz\data-science\dataset\clean\Me\Me_0064.wav
Me_0065.wav,Me,1.0,16000,0.064498,0.627747,D:\STUPEN\Heartz\data-science\dataset\clean\Me\Me_0065.wav
Me_0066.wav,Me,1.0,16000,0.069282,0.599884,D:\STUPEN\Heartz\data-science\dataset\clean\Me\Me_0066.wav
Me_0067.wav,Me,1.0,16000,0.069282,0.622589,D:\STUPEN\Heartz\data-science\dataset\clean\Me\Me_0067.wav
Me_0068.wav,Me,1.0,16000,0.069282,0.513611,D:\STUPEN\Heartz\data-science\dataset\clean\Me\Me_0068.wav
Me_0069.wav,Me,1.0,16000,0.069282,0.55365,D:\STUPEN\Heartz\data-science\dataset\clean\Me\Me_0069.wav
Me_0070.wav,Me,1.0,16000,0.071554,0.580017,D:\STUPEN\Heartz\data-science\dataset\clean\Me\Me_0070.wav
Me_0071.wav,Me,1.0,16000,0.066933,0.761932,D:\STUPEN\Heartz\data-science\dataset\clean\Me\Me_0071.wav
Me_0072.wav,Me,1.0,16000,0.066933,0.599915,D:\STUPEN\Heartz\data-science\dataset\clean\Me\Me_0072.wav
Me_0073.wav,Me,1.0,16000,0.069282,0.537079,D:\STUPEN\Heartz\data-science\dataset\clean\Me\Me_0073.wav
Me_0074.wav,Me,1.0,16000,0.073756,0.664917,D:\STUPEN\Heartz\data-science\dataset\clean\Me\Me_0074.wav
Me_0075.wav,Me,1.0,16000,0.075895,0.710754,D:\STUPEN\Heartz\data-science\dataset\clean\Me\Me_0075.wav
Me_0076.wav,Me,1.0,16000,0.071554,0.607544,D:\STUPEN\Heartz\data-science\dataset\clean\Me\Me_0076.wav
Me_0077.wav,Me,1.0,16000,0.066933,0.7453,D:\STUPEN\Heartz\data-science\dataset\clean\Me\Me_0077.wav
Me_0078.wav,Me,1.0,16000,0.066933,0.548553,D:\STUPEN\Heartz\data-science\dataset\clean\Me\Me_0078.wav
Me_0079.wav,Me,1.0,16000,0.069282,0.572174,D:\STUPEN\Heartz\data-science\dataset\clean\Me\Me_0079.wav
Me_0080.wav,Me,1.0,16000,0.069282,0.621674,D:\STUPEN\Heartz\data-science\dataset\clean\Me\Me_0080.wav
Me_0081.wav,Me,1.0,16000,0.071554,0.606079,D:\STUPEN\Heartz\data-science\dataset\clean\Me\Me_0081.wav
Me_0082.wav,Me,1.0,16000,0.071554,0.656738,D:\STUPEN\Heartz\data-science\dataset\clean\Me\Me_0082.wav
Me_0083.wav,Me,1.0,16000,0.071554,0.669098,D:\STUPEN\Heartz\data-science\dataset\clean\Me\Me_0083.wav
Me_0084.wav,Me,1.0,16000,0.071554,0.63797,D:\STUPEN\Heartz\data-science\dataset\clean\Me\Me_0084.wav
Me_0085.wav,Me,1.0,16000,0.069282,0.659668,D:\STUPEN\Heartz\data-science\dataset\clean\Me\Me_0085.wav
Me_0086.wav,Me,1.0,16000,0.069282,0.555939,D:\STUPEN\Heartz\data-science\dataset\clean\Me\Me_0086.wav
Me_0087.wav,Me,1.0,16000,0.069282,0.629364,D:\STUPEN\Heartz\data-science\dataset\clean\Me\Me_0087.wav
Me_0088.wav,Me,1.0,16000,0.069282,0.578735,D:\STUPEN\Heartz\data-science\dataset\clean\Me\Me_0088.wav
Me_0089.wav,Me,1.0,16000,0.069282,0.504547,D:\STUPEN\Heartz\data-science\dataset\clean\Me\Me_0089.wav
Me_0090.wav,Me,1.0,16000,0.066933,0.579102,D:\STUPEN\Heartz\data-science\dataset\clean\Me\Me_0090.wav
Me_0091.wav,Me,1.0,16000,0.071554,0.574554,D:\STUPEN\Heartz\data-science\dataset\clean\Me\Me_0091.wav
Me_0092.wav,Me,1.0,16000,0.075895,0.614502,D:\STUPEN\Heartz\data-science\dataset\clean\Me\Me_0092.wav
Me_0093.wav,Me,1.0,16000,0.069282,0.66333,D:\STUPEN\Heartz\data-science\dataset\clean\Me\Me_0093.wav
Me_0094.wav,Me,1.0,16000,0.071554,0.567413,D:\STUPEN\Heartz\data-science\dataset\clean\Me\Me_0094.wav
Me_0095.wav,Me,1.0,16000,0.069282,0.606689,D:\STUPEN\Heartz\data-science\dataset\clean\Me\Me_0095.wav
Me_0096.wav,Me,1.0,16000,0.071554,0.631775,D:\STUPEN\Heartz\data-science\dataset\clean\Me\Me_0096.wav
Me_0097.wav,Me,1.0,16000,0.071554,0.536621,D:\STUPEN\Heartz\data-science\dataset\clean\Me\Me_0097.wav
Me_0098.wav,Me,1.0,16000,0.066933,0.617035,D:\STUPEN\Heartz\data-science\dataset\clean\Me\Me_0098.wav
Me_0099.wav,Me,1.0,16000,0.066933,0.595917,D:\STUPEN\Heartz\data-science\dataset\clean\Me\Me_0099.wav
Me_0100.wav,Me,1.0,16000,0.069282,0.511108,D:\STUPEN\Heartz\data-science\dataset\clean\Me\Me_0100.wav
Me_0101.wav,Me,1.0,16000,0.069282,0.587921,D:\STUPEN\Heartz\data-science\dataset\clean\Me\Me_0101.wav
Me_0102.wav,Me,1.0,16000,0.069282,0.601868,D:\STUPEN\Heartz\data-science\dataset\clean\Me\Me_0102.wav
Me_0103.wav,Me,1.0,16000,0.066933,0.563232,D:\STUPEN\Heartz\data-science\dataset\clean\Me\Me_0103.wav
Me_0104.wav,Me,1.0,16000,0.069282,0.504852,D:\STUPEN\Heartz\data-science\dataset\clean\Me\Me_0104.wav
Me_0105.wav,Me,1.0,16000,0.069282,0.649628,D:\STUPEN\Heartz\data-science\dataset\clean\Me\Me_0105.wav
Me_0106.wav,Me,1.0,16000,0.071554,0.735992,D:\STUPEN\Heartz\data-science\dataset\clean\Me\Me_0106.wav
Me_0107.wav,Me,1.0,16000,0.069282,0.613098,D:\STUPEN\Heartz\data-science\dataset\clean\Me\Me_0107.wav
Me_0108.wav,Me,1.0,16000,0.066933,0.627563,D:\STUPEN\Heartz\data-science\dataset\clean\Me\Me_0108.wav
Me_0109.wav,Me,1.0,16000,0.071554,0.617889,D:\STUPEN\Heartz\data-science\dataset\clean\Me\Me_0109.wav
Me_0110.wav,Me,1.0,16000,0.066933,0.642853,D:\STUPEN\Heartz\data-science\dataset\clean\Me\Me_0110.wav
Me_0111.wav,Me,1.0,16000,0.071554,0.649445,D:\STUPEN\Heartz\data-science\dataset\clean\Me\Me_0111.wav
Me_0112.wav,Me,1.0,16000,0.066933,0.636902,D:\STUPEN\Heartz\data-science\dataset\clean\Me\Me_0112.wav
Me_0113.wav,Me,1.0,16000,0.069282,0.640869,D:\STUPEN\Heartz\data-science\dataset\clean\Me\Me_0113.wav
Me_0114.wav,Me,1.0,16000,0.066933,0.578308,D:\STUPEN\Heartz\data-science\dataset\clean\Me\Me_0114.wav
Me_0115.wav,Me,1.0,16000,0.069282,0.648926,D:\STUPEN\Heartz\data-science\dataset\clean\Me\Me_0115.wav
Me_0116.wav,Me,1.0,16000,0.066933,0.650452,D:\STUPEN\Heartz\data-science\dataset\clean\Me\Me_0116.wav
Me_0117.wav,Me,1.0,16000,0.066933,0.585693,D:\STUPEN\Heartz\data-science\dataset\clean\Me\Me_0117.wav
Me_0118.wav,Me,1.0,16000,0.069282,0.580109,D:\STUPEN\Heartz\data-science\dataset\clean\Me\Me_0118.wav
Me_0119.wav,Me,1.0,16000,0.064498,0.477997,D:\STUPEN\Heartz\data-science\dataset\clean\Me\Me_0119.wav
Me_0120.wav,Me,1.0,16000,0.064498,0.627747,D:\STUPEN\Heartz\data-science\dataset\clean\Me\Me_0120.wav
Me_0121.wav,Me,1.0,16000,0.069282,0.599884,D:\STUPEN\Heartz\data-science\dataset\clean\Me\Me_0121.wav
Me_0122.wav,Me,1.0,16000,0.069282,0.622589,D:\STUPEN\Heartz\data-science\dataset\clean\Me\Me_0122.wav
Me_0123.wav,Me,1.0,16000,0.069282,0.513611,D:\STUPEN\Heartz\data-science\dataset\clean\Me\Me_0123.wav
Me_0124.wav,Me,1.0,16000,0.069282,0.55365,D:\STUPEN\Heartz\data-science\dataset\clean\Me\Me_0124.wav
Me_0125.wav,Me,1.0,16000,0.071554,0.580017,D:\STUPEN\Heartz\data-science\dataset\clean\Me\Me_0125.wav
Me_0126.wav,Me,1.0,16000,0.066933,0.761932,D:\STUPEN\Heartz\data-science\dataset\clean\Me\Me_0126.wav
Me_0127.wav,Me,1.0,16000,0.066933,0.599915,D:\STUPEN\Heartz\data-science\dataset\clean\Me\Me_0127.wav
Me_0128.wav,Me,1.0,16000,0.069282,0.537079,D:\STUPEN\Heartz\data-science\dataset\clean\Me\Me_0128.wav
Me_0129.wav,Me,1.0,16000,0.073756,0.664917,D:\STUPEN\Heartz\data-science\dataset\clean\Me\Me_0129.wav
Me_0130.wav,Me,1.0,16000,0.075895,0.710754,D:\STUPEN\Heartz\data-science\dataset\clean\Me\Me_0130.wav
Me_0131.wav,Me,1.0,16000,0.071554,0.607544,D:\STUPEN\Heartz\data-science\dataset\clean\Me\Me_0131.wav
Me_0132.wav,Me,1.0,16000,0.066933,0.7453,D:\STUPEN\Heartz\data-science\dataset\clean\Me\Me_0132.wav
Me_0133.wav,Me,1.0,16000,0.066933,0.548553,D:\STUPEN\Heartz\data-science\dataset\clean\Me\Me_0133.wav
Me_0134.wav,Me,1.0,16000,0.069282,0.572174,D:\STUPEN\Heartz\data-science\dataset\clean\Me\Me_0134.wav
Me_0135.wav,Me,1.0,16000,0.069282,0.621674,D:\STUPEN\Heartz\data-science\dataset\clean\Me\Me_0135.wav
Me_0136.wav,Me,1.0,16000,0.071554,0.606079,D:\STUPEN\Heartz\data-science\dataset\clean\Me\Me_0136.wav
Me_0137.wav,Me,1.0,16000,0.071554,0.656738,D:\STUPEN\Heartz\data-science\dataset\clean\Me\Me_0137.wav
Me_0138.wav,Me,1.0,16000,0.071554,0.669098,D:\STUPEN\Heartz\data-science\dataset\clean\Me\Me_0138.wav
Me_0139.wav,Me,1.0,16000,0.071554,0.63797,D:\STUPEN\Heartz\data-science\dataset\clean\Me\Me_0139.wav
Me_0140.wav,Me,1.0,16000,0.069282,0.659668,D:\STUPEN\Heartz\data-science\dataset\clean\Me\Me_0140.wav
Me_0141.wav,Me,1.0,16000,0.069282,0.555939,D:\STUPEN\Heartz\data-science\dataset\clean\Me\Me_0141.wav
Me_0142.wav,Me,1.0,16000,0.069282,0.629364,D:\STUPEN\Heartz\data-science\dataset\clean\Me\Me_0142.wav
Me_0143.wav,Me,1.0,16000,0.069282,0.578735,D:\STUPEN\Heartz\data-science\dataset\clean\Me\Me_0143.wav
Me_0144.wav,Me,1.0,16000,0.069282,0.504547,D:\STUPEN\Heartz\data-science\dataset\clean\Me\Me_0144.wav
Me_0145.wav,Me,1.0,16000,0.066933,0.579102,D:\STUPEN\Heartz\data-science\dataset\clean\Me\Me_0145.wav
Me_0146.wav,Me,1.0,16000,0.071554,0.574554,D:\STUPEN\Heartz\data-science\dataset\clean\Me\Me_0146.wav
Me_0147.wav,Me,1.0,16000,0.075895,0.614502,D:\STUPEN\Heartz\data-science\dataset\clean\Me\Me_0147.wav
Me_0148.wav,Me,1.0,16000,0.069282,0.66333,D:\STUPEN\Heartz\data-science\dataset\clean\Me\Me_0148.wav
Me_0149.wav,Me,1.0,16000,0.071554,0.567413,D:\STUPEN\Heartz\data-science\dataset\clean\Me\Me_0149.wav
Me_0150.wav,Me,1.0,16000,0.069282,0.606689,D:\STUPEN\Heartz\data-science\dataset\clean\Me\Me_0150.wav
Me_0151.wav,Me,1.0,16000,0.071554,0.631775,D:\STUPEN\Heartz\data-science\dataset\clean\Me\Me_0151.wav
Me_0152.wav,Me,1.0,16000,0.071554,0.536621,D:\STUPEN\Heartz\data-science\dataset\clean\Me\Me_0152.wav
Me_0153.wav,Me,1.0,16000,0.066933,0.617035,D:\STUPEN\Heartz\data-science\dataset\clean\Me\Me_0153.wav
Me_0154.wav,Me,1.0,16000,0.066933,0.595917,D:\STUPEN\Heartz\data-science\dataset\clean\Me\Me_0154.wav
Me_0155.wav,Me,1.0,16000,0.069282,0.511108,D:\STUPEN\Heartz\data-science\dataset\clean\Me\Me_0155.wav
Me_0156.wav,Me,1.0,16000,0.069282,0.587921,D:\STUPEN\Heartz\data-science\dataset\clean\Me\Me_0156.wav
Me_0157.wav,Me,1.0,16000,0.069282,0.601868,D:\STUPEN\Heartz\data-science\dataset\clean\Me\Me_0157.wav
Me_0158.wav,Me,1.0,16000,0.066933,0.563232,D:\STUPEN\Heartz\data-science\dataset\clean\Me\Me_0158.wav
Me_0159.wav,Me,1.0,16000,0.069282,0.504852,D:\STUPEN\Heartz\data-science\dataset\clean\Me\Me_0159.wav
Me_0160.wav,Me,1.0,16000,0.069282,0.649628,D:\STUPEN\Heartz\data-science\dataset\clean\Me\Me_0160.wav
Me_0161.wav,Me,1.0,16000,0.071554,0.735992,D:\STUPEN\Heartz\data-science\dataset\clean\Me\Me_0161.wav
Me_0162.wav,Me,1.0,16000,0.069282,0.613098,D:\STUPEN\Heartz\data-science\dataset\clean\Me\Me_0162.wav
Me_0163.wav,Me,1.0,16000,0.066933,0.627563,D:\STUPEN\Heartz\data-science\dataset\clean\Me\Me_0163.wav
Me_0164.wav,Me,1.0,16000,0.071554,0.617889,D:\STUPEN\Heartz\data-science\dataset\clean\Me\Me_0164.wav
Me_0165.wav,Me,1.0,16000,0.066933,0.642853,D:\STUPEN\Heartz\data-science\dataset\clean\Me\Me_0165.wav
Me_0166.wav,Me,1.0,16000,0.071554,0.649445,D:\STUPEN\Heartz\data-science\dataset\clean\Me\Me_0166.wav
Me_0167.wav,Me,1.0,16000,0.066933,0.636902,D:\STUPEN\Heartz\data-science\dataset\clean\Me\Me_0167.wav
Me_0168.wav,Me,1.0,16000,0.069282,0.640869,D:\STUPEN\Heartz\data-science\dataset\clean\Me\Me_0168.wav
Me_0169.wav,Me,1.0,16000,0.066933,0.578308,D:\STUPEN\Heartz\data-science\dataset\clean\Me\Me_0169.wav
Me_0170.wav,Me,1.0,16000,0.069282,0.648926,D:\STUPEN\Heartz\data-science\dataset\clean\Me\Me_0170.wav
Me_0171.wav,Me,1.0,16000,0.066933,0.650452,D:\STUPEN\Heartz\data-science\dataset\clean\Me\Me_0171.wav
Me_0172.wav,Me,1.0,16000,0.066933,0.585693,D:\STUPEN\Heartz\data-science\dataset\clean\Me\Me_0172.wav
Me_0173.wav,Me,1.0,16000,0.069282,0.580109,D:\STUPEN\Heartz\data-science\dataset\clean\Me\Me_0173.wav
Me_0174.wav,Me,1.0,16000,0.064498,0.477997,D:\STUPEN\Heartz\data-science\dataset\clean\Me\Me_0174.wav
Me_0175.wav,Me,1.0,16000,0.064498,0.627747,D:\STUPEN\Heartz\data-science\dataset\clean\Me\Me_0175.wav
Me_0176.wav,Me,1.0,16000,0.069282,0.599884,D:\STUPEN\Heartz\data-science\dataset\clean\Me\Me_0176.wav
Me_0177.wav,Me,1.0,16000,0.069282,0.622589,D:\STUPEN\Heartz\data-science\dataset\clean\Me\Me_0177.wav
Me_0178.wav,Me,1.0,16000,0.069282,0.513611,D:\STUPEN\Heartz\data-science\dataset\clean\Me\Me_0178.wav
Me_0179.wav,Me,1.0,16000,0.069282,0.55365,D:\STUPEN\Heartz\data-science\dataset\clean\Me\Me_0179.wav
Me_0180.wav,Me,1.0,16000,0.071554,0.580017,D:\STUPEN\Heartz\data-science\dataset\clean\Me\Me_0180.wav
Me_0181.wav,Me,1.0,16000,0.066933,0.761932,D:\STUPEN\Heartz\data-science\dataset\clean\Me\Me_0181.wav
Me_0182.wav,Me,1.0,16000,0.066933,0.599915,D:\STUPEN\Heartz\data-science\dataset\clean\Me\Me_0182.wav
Me_0183.wav,Me,1.0,16000,0.069282,0.537079,D:\STUPEN\Heartz\data-science\dataset\clean\Me\Me_0183.wav
Me_0184.wav,Me,1.0,16000,0.073756,0.664917,D:\STUPEN\Heartz\data-science\dataset\clean\Me\Me_0184.wav
Me_0185.wav,Me,1.0,16000,0.075895,0.710754,D:\STUPEN\Heartz\data-science\dataset\clean\Me\Me_0185.wav
Me_0186.wav,Me,1.0,16000,0.071554,0.607544,D:\STUPEN\Heartz\data-science\dataset\clean\Me\Me_0186.wav
Me_0187.wav,Me,1.0,16000,0.066933,0.7453,D:\STUPEN\Heartz\data-science\dataset\clean\Me\Me_0187.wav
Me_0188.wav,Me,1.0,16000,0.066933,0.548553,D:\STUPEN\Heartz\data-science\dataset\clean\Me\Me_0188.wav
Me_0189.wav,Me,1.0,16000,0.069282,0.572174,D:\STUPEN\Heartz\data-science\dataset\clean\Me\Me_0189.wav
Me_0190.wav,Me,1.0,16000,0.069282,0.621674,D:\STUPEN\Heartz\data-science\dataset\clean\Me\Me_0190.wav
Me_0191.wav,Me,1.0,16000,0.071554,0.606079,D:\STUPEN\Heartz\data-science\dataset\clean\Me\Me_0191.wav
Me_0192.wav,Me,1.0,16000,0.071554,0.656738,D:\STUPEN\Heartz\data-science\dataset\clean\Me\Me_0192.wav
Me_0193.wav,Me,1.0,16000,0.071554,0.669098,D:\STUPEN\Heartz\data-science\dataset\clean\Me\Me_0193.wav
Me_0194.wav,Me,1.0,16000,0.071554,0.63797,D:\STUPEN\Heartz\data-science\dataset\clean\Me\Me_0194.wav
Me_0195.wav,Me,1.0,16000,0.069282,0.659668,D:\STUPEN\Heartz\data-science\dataset\clean\Me\Me_0195.wav
Me_0196.wav,Me,1.0,16000,0.069282,0.555939,D:\STUPEN\Heartz\data-science\dataset\clean\Me\Me_0196.wav
Me_0197.wav,Me,1.0,16000,0.069282,0.629364,D:\STUPEN\Heartz\data-science\dataset\clean\Me\Me_0197.wav
Me_0198.wav,Me,1.0,16000,0.069282,0.578735,D:\STUPEN\Heartz\data-science\dataset\clean\Me\Me_0198.wav
Me_0199.wav,Me,1.0,16000,0.069282,0.504547,D:\STUPEN\Heartz\data-science\dataset\clean\Me\Me_0199.wav
Me_0200.wav,Me,1.0,16000,0.066933,0.579102,D:\STUPEN\Heartz\data-science\dataset\clean\Me\Me_0200.wav
Me_0201.wav,Me,1.0,16000,0.071554,0.574554,D:\STUPEN\Heartz\data-science\dataset\clean\Me\Me_0201.wav
Me_0202.wav,Me,1.0,16000,0.075895,0.614502,D:\STUPEN\Heartz\data-science\dataset\clean\Me\Me_0202.wav
Me_0203.wav,Me,1.0,16000,0.069282,0.66333,D:\STUPEN\Heartz\data-science\dataset\clean\Me\Me_0203.wav
Me_0204.wav,Me,1.0,16000,0.071554,0.567413,D:\STUPEN\Heartz\data-science\dataset\clean\Me\Me_0204.wav
Me_0205.wav,Me,1.0,16000,0.069282,0.606689,D:\STUPEN\Heartz\data-science\dataset\clean\Me\Me_0205.wav
Me_0206.wav,Me,1.0,16000,0.071554,0.631775,D:\STUPEN\Heartz\data-science\dataset\clean\Me\Me_0206.wav
Me_0207.wav,Me,1.0,16000,0.071554,0.536621,D:\STUPEN\Heartz\data-science\dataset\clean\Me\Me_0207.wav
Me_0208.wav,Me,1.0,16000,0.066933,0.617035,D:\STUPEN\Heartz\data-science\dataset\clean\Me\Me_0208.wav
Me_0209.wav,Me,1.0,16000,0.066933,0.595917,D:\STUPEN\Heartz\data-science\dataset\clean\Me\Me_0209.wav
Me_0210.wav,Me,1.0,16000,0.069282,0.511108,D:\STUPEN\Heartz\data-science\dataset\clean\Me\Me_0210.wav
Me_0211.wav,Me,1.0,16000,0.069282,0.587921,D:\STUPEN\Heartz\data-science\dataset\clean\Me\Me_0211.wav
Me_0212.wav,Me,1.0,16000,0.069282,0.601868,D:\STUPEN\Heartz\data-science\dataset\clean\Me\Me_0212.wav
Me_0213.wav,Me,1.0,16000,0.066933,0.563232,D:\STUPEN\Heartz\data-science\dataset\clean\Me\Me_0213.wav
Me_0214.wav,Me,1.0,16000,0.069282,0.504852,D:\STUPEN\Heartz\data-science\dataset\clean\Me\Me_0214.wav
Me_0215.wav,Me,1.0,16000,0.069282,0.649628,D:\STUPEN\Heartz\data-science\dataset\clean\Me\Me_0215.wav
Me_0216.wav,Me,1.0,16000,0.071554,0.735992,D:\STUPEN\Heartz\data-science\dataset\clean\Me\Me_0216.wav
Me_0217.wav,Me,1.0,16000,0.069282,0.613098,D:\STUPEN\Heartz\data-science\dataset\clean\Me\Me_0217.wav
Me_0218.wav,Me,1.0,16000,0.066933,0.627563,D:\STUPEN\Heartz\data-science\dataset\clean\Me\Me_0218.wav
Me_0219.wav,Me,1.0,16000,0.071554,0.617889,D:\STUPEN\Heartz\data-science\dataset\clean\Me\Me_0219.wav
Me_0220.wav,Me,1.0,16000,0.066933,0.642853,D:\STUPEN\Heartz\data-science\dataset\clean\Me\Me_0220.wav
Me2_0001.wav,Me2,1.0,16000,0.077974,0.677124,D:\STUPEN\Heartz\data-science\dataset\clean\Me2\Me2_0001.wav
Me2_0002.wav,Me2,1.0,16000,0.073756,0.676697,D:\STUPEN\Heartz\data-science\dataset\clean\Me2\Me2_0002.wav
Me2_0003.wav,Me2,1.0,16000,0.071554,0.78186,D:\STUPEN\Heartz\data-science\dataset\clean\Me2\Me2_0003.wav
Me2_0004.wav,Me2,1.0,16000,0.071554,0.684662,D:\STUPEN\Heartz\data-science\dataset\clean\Me2\Me2_0004.wav
Me2_0005.wav,Me2,1.0,16000,0.071554,0.746368,D:\STUPEN\Heartz\data-science\dataset\clean\Me2\Me2_0005.wav
Me2_0006.wav,Me2,1.0,16000,0.069282,0.68576,D:\STUPEN\Heartz\data-science\dataset\clean\Me2\Me2_0006.wav
Me2_0007.wav,Me2,1.0,16000,0.069282,0.64856,D:\STUPEN\Heartz\data-science\dataset\clean\Me2\Me2_0007.wav
Me2_0008.wav,Me2,1.0,16000,0.069282,0.595825,D:\STUPEN\Heartz\data-science\dataset\clean\Me2\Me2_0008.wav
Me2_0009.wav,Me2,1.0,16000,0.069282,0.657135,D:\STUPEN\Heartz\data-science\dataset\clean\Me2\Me2_0009.wav
Me2_0010.wav,Me2,1.0,16000,0.066933,0.602356,D:\STUPEN\Heartz\data-science\dataset\clean\Me2\Me2_0010.wav
Me2_0011.wav,Me2,1.0,16000,0.071554,0.704254,D:\STUPEN\Heartz\data-science\dataset\clean\Me2\Me2_0011.wav
Me2_0012.wav,Me2,1.0,16000,0.071554,0.637054,D:\STUPEN\Heartz\data-science\dataset\clean\Me2\Me2_0012.wav
Me2_0013.wav,Me2,1.0,16000,0.071554,0.711792,D:\STUPEN\Heartz\data-science\dataset\clean\Me2\Me2_0013.wav
Me2_0014.wav,Me2,1.0,16000,0.071554,0.57196,D:\STUPEN\Heartz\data-science\dataset\clean\Me2\Me2_0014.wav
Me2_0015.wav,Me2,1.0,16000,0.073756,0.650879,D:\STUPEN\Heartz\data-science\dataset\clean\Me2\Me2_0015.wav
Me2_0016.wav,Me2,1.0,16000,0.073756,0.618713,D:\STUPEN\Heartz\data-science\dataset\clean\Me2\Me2_0016.wav
Me2_0017.wav,Me2,1.0,16000,0.066933,0.562286,D:\STUPEN\Heartz\data-science\dataset\clean\Me2\Me2_0017.wav
Me2_0018.wav,Me2,1.0,16000,0.071554,0.724487,D:\STUPEN\Heartz\data-science\dataset\clean\Me2\Me2_0018.wav
Me2_0019.wav,Me2,1.0,16000,0.075895,0.742065,D:\STUPEN\Heartz\data-science\dataset\clean\Me2\Me2_0019.wav
Me2_0020.wav,Me2,1.0,16000,0.075895,0.72522,D:\STUPEN\Heartz\data-science\dataset\clean\Me2\Me2_0020.wav
Me2_0021.wav,Me2,1.0,16000,0.066933,0.607117,D:\STUPEN\Heartz\data-science\dataset\clean\Me2\Me2_0021.wav
Me2_0022.wav,Me2,1.0,16000,0.069282,0.524689,D:\STUPEN\Heartz\data-science\dataset\clean\Me2\Me2_0022.wav
Me2_0023.wav,Me2,1.0,16000,0.087636,0.690948,D:\STUPEN\Heartz\data-science\dataset\clean\Me2\Me2_0023.wav
Me2_0024.wav,Me2,1.0,16000,0.071554,0.796844,D:\STUPEN\Heartz\data-science\dataset\clean\Me2\Me2_0024.wav
Me2_0025.wav,Me2,1.0,16000,0.075895,0.673431,D:\STUPEN\Heartz\data-science\dataset\clean\Me2\Me2_0025.wav
Me2_0026.wav,Me2,1.0,16000,0.075895,0.658539,D:\STUPEN\Heartz\data-science\dataset\clean\Me2\Me2_0026.wav
Me2_0027.wav,Me2,1.0,16000,0.066933,0.721649,D:\STUPEN\Heartz\data-science\dataset\clean\Me2\Me2_0027.wav
Me2_0028.wav,Me2,1.0,16000,0.066933,0.624084,D:\STUPEN\Heartz\data-science\dataset\clean\Me2\Me2_0028.wav
Me2_0029.wav,Me2,1.0,16000,0.069282,0.636383,D:\STUPEN\Heartz\data-science\dataset\clean\Me2\Me2_0029.wav
Me2_0030.wav,Me2,1.0,16000,0.069282,0.616516,D:\STUPEN\Heartz\data-science\dataset\clean\Me2\Me2_0030.wav
Me2_0031.wav,Me2,1.0,16000,0.066933,0.706024,D:\STUPEN\Heartz\data-science\dataset\clean\Me2\Me2_0031.wav
Me2_0032.wav,Me2,1.0,16000,0.071554,0.672821,D:\STUPEN\Heartz\data-science\dataset\clean\Me2\Me2_0032.wav
Me2_0033.wav,Me2,1.0,16000,0.069282,0.563232,D:\STUPEN\Heartz\data-science\dataset\clean\Me2\Me2_0033.wav
Me2_0034.wav,Me2,1.0,16000,0.066933,0.566345,D:\STUPEN\Heartz\data-science\dataset\clean\Me2\Me2_0034.wav
Me2_0035.wav,Me2,1.0,16000,0.071554,0.784058,D:\STUPEN\Heartz\data-science\dataset\clean\Me2\Me2_0035.wav
Me2_0036.wav,Me2,1.0,16000,0.069282,0.653351,D:\STUPEN\Heartz\data-science\dataset\clean\Me2\Me2_0036.wav
Me2_0037.wav,Me2,1.0,16000,0.069282,0.591614,D:\STUPEN\Heartz\data-science\dataset\clean\Me2\Me2_0037.wav
Me2_0038.wav,Me2,1.0,16000,0.066933,0.749298,D:\STUPEN\Heartz\data-science\dataset\clean\Me2\Me2_0038.wav
Me2_0039.wav,Me2,1.0,16000,0.066933,0.60611,D:\STUPEN\Heartz\data-science\dataset\clean\Me2\Me2_0039.wav
Me2_0040.wav,Me2,1.0,16000,0.064498,0.637756,D:\STUPEN\Heartz\data-science\dataset\clean\Me2\Me2_0040.wav
Me2_0041.wav,Me2,1.0,16000,0.073756,0.644135,D:\STUPEN\Heartz\data-science\dataset\clean\Me2\Me2_0041.wav
Me2_0042.wav,Me2,1.0,16000,0.071554,0.696869,D:\STUPEN\Heartz\data-science\dataset\clean\Me2\Me2_0042.wav
Me2_0043.wav,Me2,1.0,16000,0.069282,0.557617,D:\STUPEN\Heartz\data-science\dataset\clean\Me2\Me2_0043.wav
Me2_0044.wav,Me2,1.0,16000,0.071554,0.582062,D:\STUPEN\Heartz\data-science\dataset\clean\Me2\Me2_0044.wav
Me2_0045.wav,Me2,1.0,16000,0.073756,0.628601,D:\STUPEN\Heartz\data-science\dataset\clean\Me2\Me2_0045.wav
Me2_0046.wav,Me2,1.0,16000,0.069282,0.586273,D:\STUPEN\Heartz\data-science\dataset\clean\Me2\Me2_0046.wav
Me2_0047.wav,Me2,1.0,16000,0.066933,0.51532,D:\STUPEN\Heartz\data-science\dataset\clean\Me2\Me2_0047.wav
Me2_0048.wav,Me2,1.0,16000,0.069282,0.621002,D:\STUPEN\Heartz\data-science\dataset\clean\Me2\Me2_0048.wav
Me2_0049.wav,Me2,1.0,16000,0.069282,0.632416,D:\STUPEN\Heartz\data-science\dataset\clean\Me2\Me2_0049.wav
Me2_0050.wav,Me2,1.0,16000,0.069282,0.628113,D:\STUPEN\Heartz\data-science\dataset\clean\Me2\Me2_0050.wav
Me2_0051.wav,Me2,1.0,16000,0.069282,0.798187,D:\STUPEN\Heartz\data-science\dataset\clean\Me2\Me2_0051.wav
Me2_0052.wav,Me2,1.0,16000,0.064498,0.509338,D:\STUPEN\Heartz\data-science\dataset\clean\Me2\Me2_0052.wav
Me2_0053.wav,Me2,1.0,16000,0.069282,0.649628,D:\STUPEN\Heartz\data-science\dataset\clean\Me2\Me2_0053.wav
Me2_0054.wav,Me2,1.0,16000,0.071554,0.529724,D:\STUPEN\Heartz\data-science\dataset\clean\Me2\Me2_0054.wav
Me2_0055.wav,Me2,1.0,16000,0.069282,0.631805,D:\STUPEN\Heartz\data-science\dataset\clean\Me2\Me2_0055.wav
Me2_0056.wav,Me2,1.0,16000,0.066933,0.621246,D:\STUPEN\Heartz\data-science\dataset\clean\Me2\Me2_0056.wav
Me2_0057.wav,Me2,1.0,16000,0.066933,0.648804,D:\STUPEN\Heartz\data-science\dataset\clean\Me2\Me2_0057.wav
Me2_0058.wav,Me2,1.0,16000,0.064498,0.638092,D:\STUPEN\Heartz\data-science\dataset\clean\Me2\Me2_0058.wav
Me2_0059.wav,Me2,1.0,16000,0.077974,0.677124,D:\STUPEN\Heartz\data-science\dataset\clean\Me2\Me2_0059.wav
Me2_0060.wav,Me2,1.0,16000,0.073756,0.676697,D:\STUPEN\Heartz\data-science\dataset\clean\Me2\Me2_0060.wav
Me2_0061.wav,Me2,1.0,16000,0.071554,0.78186,D:\STUPEN\Heartz\data-science\dataset\clean\Me2\Me2_0061.wav
Me2_0062.wav,Me2,1.0,16000,0.071554,0.684662,D:\STUPEN\Heartz\data-science\dataset\clean\Me2\Me2_0062.wav
Me2_0063.wav,Me2,1.0,16000,0.071554,0.746368,D:\STUPEN\Heartz\data-science\dataset\clean\Me2\Me2_0063.wav
Me2_0064.wav,Me2,1.0,16000,0.069282,0.68576,D:\STUPEN\Heartz\data-science\dataset\clean\Me2\Me2_0064.wav
Me2_0065.wav,Me2,1.0,16000,0.069282,0.64856,D:\STUPEN\Heartz\data-science\dataset\clean\Me2\Me2_0065.wav
Me2_0066.wav,Me2,1.0,16000,0.069282,0.595825,D:\STUPEN\Heartz\data-science\dataset\clean\Me2\Me2_0066.wav
Me2_0067.wav,Me2,1.0,16000,0.069282,0.657135,D:\STUPEN\Heartz\data-science\dataset\clean\Me2\Me2_0067.wav
Me2_0068.wav,Me2,1.0,16000,0.066933,0.602356,D:\STUPEN\Heartz\data-science\dataset\clean\Me2\Me2_0068.wav
Me2_0069.wav,Me2,1.0,16000,0.071554,0.704254,D:\STUPEN\Heartz\data-science\dataset\clean\Me2\Me2_0069.wav
Me2_0070.wav,Me2,1.0,16000,0.071554,0.637054,D:\STUPEN\Heartz\data-science\dataset\clean\Me2\Me2_0070.wav
Me2_0071.wav,Me2,1.0,16000,0.071554,0.711792,D:\STUPEN\Heartz\data-science\dataset\clean\Me2\Me2_0071.wav
Me2_0072.wav,Me2,1.0,16000,0.071554,0.57196,D:\STUPEN\Heartz\data-science\dataset\clean\Me2\Me2_0072.wav
Me2_0073.wav,Me2,1.0,16000,0.073756,0.650879,D:\STUPEN\Heartz\data-science\dataset\clean\Me2\Me2_0073.wav
Me2_0074.wav,Me2,1.0,16000,0.073756,0.618713,D:\STUPEN\Heartz\data-science\dataset\clean\Me2\Me2_0074.wav
Me2_0075.wav,Me2,1.0,16000,0.066933,0.562286,D:\STUPEN\Heartz\data-science\dataset\clean\Me2\Me2_0075.wav
Me2_0076.wav,Me2,1.0,16000,0.071554,0.724487,D:\STUPEN\Heartz\data-science\dataset\clean\Me2\Me2_0076.wav
Me2_0077.wav,Me2,1.0,16000,0.075895,0.742065,D:\STUPEN\Heartz\data-science\dataset\clean\Me2\Me2_0077.wav
Me2_0078.wav,Me2,1.0,16000,0.075895,0.72522,D:\STUPEN\Heartz\data-science\dataset\clean\Me2\Me2_0078.wav
Me2_0079.wav,Me2,1.0,16000,0.066933,0.607117,D:\STUPEN\Heartz\data-science\dataset\clean\Me2\Me2_0079.wav
Me2_0080.wav,Me2,1.0,16000,0.069282,0.524689,D:\STUPEN\Heartz\data-science\dataset\clean\Me2\Me2_0080.wav
Me2_0081.wav,Me2,1.0,16000,0.087636,0.690948,D:\STUPEN\Heartz\data-science\dataset\clean\Me2\Me2_0081.wav
Me2_0082.wav,Me2,1.0,16000,0.071554,0.796844,D:\STUPEN\Heartz\data-science\dataset\clean\Me2\Me2_0082.wav
Me2_0083.wav,Me2,1.0,16000,0.075895,0.673431,D:\STUPEN\Heartz\data-science\dataset\clean\Me2\Me2_0083.wav
Me2_0084.wav,Me2,1.0,16000,0.075895,0.658539,D:\STUPEN\Heartz\data-science\dataset\clean\Me2\Me2_0084.wav
Me2_0085.wav,Me2,1.0,16000,0.066933,0.721649,D:\STUPEN\Heartz\data-science\dataset\clean\Me2\Me2_0085.wav
Me2_0086.wav,Me2,1.0,16000,0.066933,0.624084,D:\STUPEN\Heartz\data-science\dataset\clean\Me2\Me2_0086.wav
Me2_0087.wav,Me2,1.0,16000,0.069282,0.636383,D:\STUPEN\Heartz\data-science\dataset\clean\Me2\Me2_0087.wav
Me2_0088.wav,Me2,1.0,16000,0.069282,0.616516,D:\STUPEN\Heartz\data-science\dataset\clean\Me2\Me2_0088.wav
Me2_0089.wav,Me2,1.0,16000,0.066933,0.706024,D:\STUPEN\Heartz\data-science\dataset\clean\Me2\Me2_0089.wav
Me2_0090.wav,Me2,1.0,16000,0.071554,0.672821,D:\STUPEN\Heartz\data-science\dataset\clean\Me2\Me2_0090.wav
Me2_0091.wav,Me2,1.0,16000,0.069282,0.563232,D:\STUPEN\Heartz\data-science\dataset\clean\Me2\Me2_0091.wav
Me2_0092.wav,Me2,1.0,16000,0.066933,0.566345,D:\STUPEN\Heartz\data-science\dataset\clean\Me2\Me2_0092.wav
Me2_0093.wav,Me2,1.0,16000,0.071554,0.784058,D:\STUPEN\Heartz\data-science\dataset\clean\Me2\Me2_0093.wav
Me2_0094.wav,Me2,1.0,16000,0.069282,0.653351,D:\STUPEN\Heartz\data-science\dataset\clean\Me2\Me2_0094.wav
Me2_0095.wav,Me2,1.0,16000,0.069282,0.591614,D:\STUPEN\Heartz\data-science\dataset\clean\Me2\Me2_0095.wav
Me2_0096.wav,Me2,1.0,16000,0.066933,0.749298,D:\STUPEN\Heartz\data-science\dataset\clean\Me2\Me2_0096.wav
Me2_0097.wav,Me2,1.0,16000,0.066933,0.60611,D:\STUPEN\Heartz\data-science\dataset\clean\Me2\Me2_0097.wav
Me2_0098.wav,Me2,1.0,16000,0.064498,0.637756,D:\STUPEN\Heartz\data-science\dataset\clean\Me2\Me2_0098.wav
Me2_0099.wav,Me2,1.0,16000,0.073756,0.644135,D:\STUPEN\Heartz\data-science\dataset\clean\Me2\Me2_0099.wav
Me2_0100.wav,Me2,1.0,16000,0.071554,0.696869,D:\STUPEN\Heartz\data-science\dataset\clean\Me2\Me2_0100.wav
Me2_0101.wav,Me2,1.0,16000,0.069282,0.557617,D:\STUPEN\Heartz\data-science\dataset\clean\Me2\Me2_0101.wav
Me2_0102.wav,Me2,1.0,16000,0.071554,0.582062,D:\STUPEN\Heartz\data-science\dataset\clean\Me2\Me2_0102.wav
Me2_0103.wav,Me2,1.0,16000,0.073756,0.628601,D:\STUPEN\Heartz\data-science\dataset\clean\Me2\Me2_0103.wav
Me2_0104.wav,Me2,1.0,16000,0.069282,0.586273,D:\STUPEN\Heartz\data-science\dataset\clean\Me2\Me2_0104.wav
Me2_0105.wav,Me2,1.0,16000,0.066933,0.51532,D:\STUPEN\Heartz\data-science\dataset\clean\Me2\Me2_0105.wav
Me2_0106.wav,Me2,1.0,16000,0.069282,0.621002,D:\STUPEN\Heartz\data-science\dataset\clean\Me2\Me2_0106.wav
Me2_0107.wav,Me2,1.0,16000,0.069282,0.632416,D:\STUPEN\Heartz\data-science\dataset\clean\Me2\Me2_0107.wav
Me2_0108.wav,Me2,1.0,16000,0.069282,0.628113,D:\STUPEN\Heartz\data-science\dataset\clean\Me2\Me2_0108.wav
Me2_0109.wav,Me2,1.0,16000,0.069282,0.798187,D:\STUPEN\Heartz\data-science\dataset\clean\Me2\Me2_0109.wav
Me2_0110.wav,Me2,1.0,16000,0.064498,0.509338,D:\STUPEN\Heartz\data-science\dataset\clean\Me2\Me2_0110.wav
Me2_0111.wav,Me2,1.0,16000,0.069282,0.649628,D:\STUPEN\Heartz\data-science\dataset\clean\Me2\Me2_0111.wav
Me2_0112.wav,Me2,1.0,16000,0.071554,0.529724,D:\STUPEN\Heartz\data-science\dataset\clean\Me2\Me2_0112.wav
Me2_0113.wav,Me2,1.0,16000,0.069282,0.631805,D:\STUPEN\Heartz\data-science\dataset\clean\Me2\Me2_0113.wav
Me2_0114.wav,Me2,1.0,16000,0.066933,0.621246,D:\STUPEN\Heartz\data-science\dataset\clean\Me2\Me2_0114.wav
Me2_0115.wav,Me2,1.0,16000,0.066933,0.648804,D:\STUPEN\Heartz\data-science\dataset\clean\Me2\Me2_0115.wav
Me2_0116.wav,Me2,1.0,16000,0.064498,0.638092,D:\STUPEN\Heartz\data-science\dataset\clean\Me2\Me2_0116.wav
Me2_0117.wav,Me2,1.0,16000,0.077974,0.677124,D:\STUPEN\Heartz\data-science\dataset\clean\Me2\Me2_0117.wav
Me2_0118.wav,Me2,1.0,16000,0.073756,0.676697,D:\STUPEN\Heartz\data-science\dataset\clean\Me2\Me2_0118.wav
Me2_0119.wav,Me2,1.0,16000,0.071554,0.78186,D:\STUPEN\Heartz\data-science\dataset\clean\Me2\Me2_0119.wav
Me2_0120.wav,Me2,1.0,16000,0.071554,0.684662,D:\STUPEN\Heartz\data-science\dataset\clean\Me2\Me2_0120.wav
Me2_0121.wav,Me2,1.0,16000,0.071554,0.746368,D:\STUPEN\Heartz\data-science\dataset\clean\Me2\Me2_0121.wav
Me2_0122.wav,Me2,1.0,16000,0.069282,0.68576,D:\STUPEN\Heartz\data-science\dataset\clean\Me2\Me2_0122.wav
Me2_0123.wav,Me2,1.0,16000,0.069282,0.64856,D:\STUPEN\Heartz\data-science\dataset\clean\Me2\Me2_0123.wav
Me2_0124.wav,Me2,1.0,16000,0.069282,0.595825,D:\STUPEN\Heartz\data-science\dataset\clean\Me2\Me2_0124.wav
Me2_0125.wav,Me2,1.0,16000,0.069282,0.657135,D:\STUPEN\Heartz\data-science\dataset\clean\Me2\Me2_0125.wav
Me2_0126.wav,Me2,1.0,16000,0.066933,0.602356,D:\STUPEN\Heartz\data-science\dataset\clean\Me2\Me2_0126.wav
Me2_0127.wav,Me2,1.0,16000,0.071554,0.704254,D:\STUPEN\Heartz\data-science\dataset\clean\Me2\Me2_0127.wav
Me2_0128.wav,Me2,1.0,16000,0.071554,0.637054,D:\STUPEN\Heartz\data-science\dataset\clean\Me2\Me2_0128.wav
Me2_0129.wav,Me2,1.0,16000,0.071554,0.711792,D:\STUPEN\Heartz\data-science\dataset\clean\Me2\Me2_0129.wav
Me2_0130.wav,Me2,1.0,16000,0.071554,0.57196,D:\STUPEN\Heartz\data-science\dataset\clean\Me2\Me2_0130.wav
Me2_0131.wav,Me2,1.0,16000,0.073756,0.650879,D:\STUPEN\Heartz\data-science\dataset\clean\Me2\Me2_0131.wav
Me2_0132.wav,Me2,1.0,16000,0.073756,0.618713,D:\STUPEN\Heartz\data-science\dataset\clean\Me2\Me2_0132.wav
Me2_0133.wav,Me2,1.0,16000,0.066933,0.562286,D:\STUPEN\Heartz\data-science\dataset\clean\Me2\Me2_0133.wav
Me2_0134.wav,Me2,1.0,16000,0.071554,0.724487,D:\STUPEN\Heartz\data-science\dataset\clean\Me2\Me2_0134.wav
Me2_0135.wav,Me2,1.0,16000,0.075895,0.742065,D:\STUPEN\Heartz\data-science\dataset\clean\Me2\Me2_0135.wav
Me2_0136.wav,Me2,1.0,16000,0.075895,0.72522,D:\STUPEN\Heartz\data-science\dataset\clean\Me2\Me2_0136.wav
Me2_0137.wav,Me2,1.0,16000,0.066933,0.607117,D:\STUPEN\Heartz\data-science\dataset\clean\Me2\Me2_0137.wav
Me2_0138.wav,Me2,1.0,16000,0.069282,0.524689,D:\STUPEN\Heartz\data-science\dataset\clean\Me2\Me2_0138.wav
Me2_0139.wav,Me2,1.0,16000,0.087636,0.690948,D:\STUPEN\Heartz\data-science\dataset\clean\Me2\Me2_0139.wav
Me2_0140.wav,Me2,1.0,16000,0.071554,0.796844,D:\STUPEN\Heartz\data-science\dataset\clean\Me2\Me2_0140.wav
Me2_0141.wav,Me2,1.0,16000,0.075895,0.673431,D:\STUPEN\Heartz\data-science\dataset\clean\Me2\Me2_0141.wav
Me2_0142.wav,Me2,1.0,16000,0.075895,0.658539,D:\STUPEN\Heartz\data-science\dataset\clean\Me2\Me2_0142.wav
Me2_0143.wav,Me2,1.0,16000,0.066933,0.721649,D:\STUPEN\Heartz\data-science\dataset\clean\Me2\Me2_0143.wav
Me2_0144.wav,Me2,1.0,16000,0.066933,0.624084,D:\STUPEN\Heartz\data-science\dataset\clean\Me2\Me2_0144.wav
Me2_0145.wav,Me2,1.0,16000,0.069282,0.636383,D:\STUPEN\Heartz\data-science\dataset\clean\Me2\Me2_0145.wav
Me2_0146.wav,Me2,1.0,16000,0.069282,0.616516,D:\STUPEN\Heartz\data-science\dataset\clean\Me2\Me2_0146.wav
Me2_0147.wav,Me2,1.0,16000,0.066933,0.706024,D:\STUPEN\Heartz\data-science\dataset\clean\Me2\Me2_0147.wav
Me2_0148.wav,Me2,1.0,16000,0.071554,0.672821,D:\STUPEN\Heartz\data-science\dataset\clean\Me2\Me2_0148.wav
Me2_0149.wav,Me2,1.0,16000,0.069282,0.563232,D:\STUPEN\Heartz\data-science\dataset\clean\Me2\Me2_0149.wav
Me2_0150.wav,Me2,1.0,16000,0.066933,0.566345,D:\STUPEN\Heartz\data-science\dataset\clean\Me2\Me2_0150.wav
Me2_0151.wav,Me2,1.0,16000,0.071554,0.784058,D:\STUPEN\Heartz\data-science\dataset\clean\Me2\Me2_0151.wav
Me2_0152.wav,Me2,1.0,16000,0.069282,0.653351,D:\STUPEN\Heartz\data-science\dataset\clean\Me2\Me2_0152.wav
Me2_0153.wav,Me2,1.0,16000,0.069282,0.591614,D:\STUPEN\Heartz\data-science\dataset\clean\Me2\Me2_0153.wav
Me2_0154.wav,Me2,1.0,16000,0.066933,0.749298,D:\STUPEN\Heartz\data-science\dataset\clean\Me2\Me2_0154.wav
Me2_0155.wav,Me2,1.0,16000,0.066933,0.60611,D:\STUPEN\Heartz\data-science\dataset\clean\Me2\Me2_0155.wav
Me2_0156.wav,Me2,1.0,16000,0.064498,0.637756,D:\STUPEN\Heartz\data-science\dataset\clean\Me2\Me2_0156.wav
Me2_0157.wav,Me2,1.0,16000,0.073756,0.644135,D:\STUPEN\Heartz\data-science\dataset\clean\Me2\Me2_0157.wav
Me2_0158.wav,Me2,1.0,16000,0.071554,0.696869,D:\STUPEN\Heartz\data-science\dataset\clean\Me2\Me2_0158.wav
Me2_0159.wav,Me2,1.0,16000,0.069282,0.557617,D:\STUPEN\Heartz\data-science\dataset\clean\Me2\Me2_0159.wav
Me2_0160.wav,Me2,1.0,16000,0.071554,0.582062,D:\STUPEN\Heartz\data-science\dataset\clean\Me2\Me2_0160.wav
Me2_0161.wav,Me2,1.0,16000,0.073756,0.628601,D:\STUPEN\Heartz\data-science\dataset\clean\Me2\Me2_0161.wav
Me2_0162.wav,Me2,1.0,16000,0.069282,0.586273,D:\STUPEN\Heartz\data-science\dataset\clean\Me2\Me2_0162.wav
Me2_0163.wav,Me2,1.0,16000,0.066933,0.51532,D:\STUPEN\Heartz\data-science\dataset\clean\Me2\Me2_0163.wav
Me2_0164.wav,Me2,1.0,16000,0.069282,0.621002,D:\STUPEN\Heartz\data-science\dataset\clean\Me2\Me2_0164.wav
Me2_0165.wav,Me2,1.0,16000,0.069282,0.632416,D:\STUPEN\Heartz\data-science\dataset\clean\Me2\Me2_0165.wav
Me2_0166.wav,Me2,1.0,16000,0.069282,0.628113,D:\STUPEN\Heartz\data-science\dataset\clean\Me2\Me2_0166.wav
Me2_0167.wav,Me2,1.0,16000,0.069282,0.798187,D:\STUPEN\Heartz\data-science\dataset\clean\Me2\Me2_0167.wav
Me2_0168.wav,Me2,1.0,16000,0.064498,0.509338,D:\STUPEN\Heartz\data-science\dataset\clean\Me2\Me2_0168.wav
Me2_0169.wav,Me2,1.0,16000,0.069282,0.649628,D:\STUPEN\Heartz\data-science\dataset\clean\Me2\Me2_0169.wav
Me2_0170.wav,Me2,1.0,16000,0.071554,0.529724,D:\STUPEN\Heartz\data-science\dataset\clean\Me2\Me2_0170.wav
Me2_0171.wav,Me2,1.0,16000,0.069282,0.631805,D:\STUPEN\Heartz\data-science\dataset\clean\Me2\Me2_0171.wav
Me2_0172.wav,Me2,1.0,16000,0.066933,0.621246,D:\STUPEN\Heartz\data-science\dataset\clean\Me2\Me2_0172.wav
Me2_0173.wav,Me2,1.0,16000,0.066933,0.648804,D:\STUPEN\Heartz\data-science\dataset\clean\Me2\Me2_0173.wav
Me2_0174.wav,Me2,1.0,16000,0.064498,0.638092,D:\STUPEN\Heartz\data-science\dataset\clean\Me2\Me2_0174.wav
Me2_0175.wav,Me2,1.0,16000,0.077974,0.677124,D:\STUPEN\Heartz\data-science\dataset\clean\Me2\Me2_0175.wav
Me2_0176.wav,Me2,1.0,16000,0.073756,0.676697,D:\STUPEN\Heartz\data-science\dataset\clean\Me2\Me2_0176.wav
Me2_0177.wav,Me2,1.0,16000,0.071554,0.78186,D:\STUPEN\Heartz\data-science\dataset\clean\Me2\Me2_0177.wav
Me2_0178.wav,Me2,1.0,16000,0.071554,0.684662,D:\STUPEN\Heartz\data-science\dataset\clean\Me2\Me2_0178.wav
Me2_0179.wav,Me2,1.0,16000,0.071554,0.746368,D:\STUPEN\Heartz\data-science\dataset\clean\Me2\Me2_0179.wav
Me2_0180.wav,Me2,1.0,16000,0.069282,0.68576,D:\STUPEN\Heartz\data-science\dataset\clean\Me2\Me2_0180.wav
Me2_0181.wav,Me2,1.0,16000,0.069282,0.64856,D:\STUPEN\Heartz\data-science\dataset\clean\Me2\Me2_0181.wav
Me2_0182.wav,Me2,1.0,16000,0.069282,0.595825,D:\STUPEN\Heartz\data-science\dataset\clean\Me2\Me2_0182.wav
Me2_0183.wav,Me2,1.0,16000,0.069282,0.657135,D:\STUPEN\Heartz\data-science\dataset\clean\Me2\Me2_0183.wav
Me2_0184.wav,Me2,1.0,16000,0.066933,0.602356,D:\STUPEN\Heartz\data-science\dataset\clean\Me2\Me2_0184.wav
Me2_0185.wav,Me2,1.0,16000,0.071554,0.704254,D:\STUPEN\Heartz\data-science\dataset\clean\Me2\Me2_0185.wav
Me2_0186.wav,Me2,1.0,16000,0.071554,0.637054,D:\STUPEN\Heartz\data-science\dataset\clean\Me2\Me2_0186.wav
Me2_0187.wav,Me2,1.0,16000,0.071554,0.711792,D:\STUPEN\Heartz\data-science\dataset\clean\Me2\Me2_0187.wav
Me2_0188.wav,Me2,1.0,16000,0.071554,0.57196,D:\STUPEN\Heartz\data-science\dataset\clean\Me2\Me2_0188.wav
Me2_0189.wav,Me2,1.0,16000,0.073756,0.650879,D:\STUPEN\Heartz\data-science\dataset\clean\Me2\Me2_0189.wav
Me2_0190.wav,Me2,1.0,16000,0.073756,0.618713,D:\STUPEN\Heartz\data-science\dataset\clean\Me2\Me2_0190.wav
Me2_0191.wav,Me2,1.0,16000,0.066933,0.562286,D:\STUPEN\Heartz\data-science\dataset\clean\Me2\Me2_0191.wav
Me2_0192.wav,Me2,1.0,16000,0.071554,0.724487,D:\STUPEN\Heartz\data-science\dataset\clean\Me2\Me2_0192.wav
Me2_0193.wav,Me2,1.0,16000,0.075895,0.742065,D:\STUPEN\Heartz\data-science\dataset\clean\Me2\Me2_0193.wav
Me2_0194.wav,Me2,1.0,16000,0.075895,0.72522,D:\STUPEN\Heartz\data-science\dataset\clean\Me2\Me2_0194.wav
Me2_0195.wav,Me2,1.0,16000,0.066933,0.607117,D:\STUPEN\Heartz\data-science\dataset\clean\Me2\Me2_0195.wav
Me2_0196.wav,Me2,1.0,16000,0.069282,0.524689,D:\STUPEN\Heartz\data-science\dataset\clean\Me2\Me2_0196.wav
Me2_0197.wav,Me2,1.0,16000,0.087636,0.690948,D:\STUPEN\Heartz\data-science\dataset\clean\Me2\Me2_0197.wav
Me2_0198.wav,Me2,1.0,16000,0.071554,0.796844,D:\STUPEN\Heartz\data-science\dataset\clean\Me2\Me2_0198.wav
Me2_0199.wav,Me2,1.0,16000,0.075895,0.673431,D:\STUPEN\Heartz\data-science\dataset\clean\Me2\Me2_0199.wav
Me2_0200.wav,Me2,1.0,16000,0.075895,0.658539,D:\STUPEN\Heartz\data-science\dataset\clean\Me2\Me2_0200.wav
Me2_0201.wav,Me2,1.0,16000,0.066933,0.721649,D:\STUPEN\Heartz\data-science\dataset\clean\Me2\Me2_0201.wav
Me2_0202.wav,Me2,1.0,16000,0.066933,0.624084,D:\STUPEN\Heartz\data-science\dataset\clean\Me2\Me2_0202.wav
Me2_0203.wav,Me2,1.0,16000,0.069282,0.636383,D:\STUPEN\Heartz\data-science\dataset\clean\Me2\Me2_0203.wav
Me2_0204.wav,Me2,1.0,16000,0.069282,0.616516,D:\STUPEN\Heartz\data-science\dataset\clean\Me2\Me2_0204.wav
Me2_0205.wav,Me2,1.0,16000,0.066933,0.706024,D:\STUPEN\Heartz\data-science\dataset\clean\Me2\Me2_0205.wav
Me2_0206.wav,Me2,1.0,16000,0.071554,0.672821,D:\STUPEN\Heartz\data-science\dataset\clean\Me2\Me2_0206.wav
Me2_0207.wav,Me2,1.0,16000,0.069282,0.563232,D:\STUPEN\Heartz\data-science\dataset\clean\Me2\Me2_0207.wav
Me2_0208.wav,Me2,1.0,16000,0.066933,0.566345,D:\STUPEN\Heartz\data-science\dataset\clean\Me2\Me2_0208.wav
Me2_0209.wav,Me2,1.0,16000,0.071554,0.784058,D:\STUPEN\Heartz\data-science\dataset\clean\Me2\Me2_0209.wav
Me2_0210.wav,Me2,1.0,16000,0.069282,0.653351,D:\STUPEN\Heartz\data-science\dataset\clean\Me2\Me2_0210.wav
Me2_0211.wav,Me2,1.0,16000,0.069282,0.591614,D:\STUPEN\Heartz\data-science\dataset\clean\Me2\Me2_0211.wav
Me2_0212.wav,Me2,1.0,16000,0.066933,0.749298,D:\STUPEN\Heartz\data-science\dataset\clean\Me2\Me2_0212.wav
Me2_0213.wav,Me2,1.0,16000,0.066933,0.60611,D:\STUPEN\Heartz\data-science\dataset\clean\Me2\Me2_0213.wav
Me2_0214.wav,Me2,1.0,16000,0.064498,0.637756,D:\STUPEN\Heartz\data-science\dataset\clean\Me2\Me2_0214.wav
Me2_0215.wav,Me2,1.0,16000,0.073756,0.644135,D:\STUPEN\Heartz\data-science\dataset\clean\Me2\Me2_0215.wav
Me2_0216.wav,Me2,1.0,16000,0.071554,0.696869,D:\STUPEN\Heartz\data-science\dataset\clean\Me2\Me2_0216.wav
Me2_0217.wav,Me2,1.0,16000,0.069282,0.557617,D:\STUPEN\Heartz\data-science\dataset\clean\Me2\Me2_0217.wav
Me2_0218.wav,Me2,1.0,16000,0.071554,0.582062,D:\STUPEN\Heartz\data-science\dataset\clean\Me2\Me2_0218.wav
Me2_0219.wav,Me2,1.0,16000,0.073756,0.628601,D:\STUPEN\Heartz\data-science\dataset\clean\Me2\Me2_0219.wav
Me2_0220.wav,Me2,1.0,16000,0.069282,0.586273,D:\STUPEN\Heartz\data-science\dataset\clean\Me2\Me2_0220.wav
Me2_0221.wav,Me2,1.0,16000,0.066933,0.51532,D:\STUPEN\Heartz\data-science\dataset\clean\Me2\Me2_0221.wav
Me2_0222.wav,Me2,1.0,16000,0.069282,0.621002,D:\STUPEN\Heartz\data-science\dataset\clean\Me2\Me2_0222.wav
Me2_0223.wav,Me2,1.0,16000,0.069282,0.632416,D:\STUPEN\Heartz\data-science\dataset\clean\Me2\Me2_0223.wav
Me2_0224.wav,Me2,1.0,16000,0.069282,0.628113,D:\STUPEN\Heartz\data-science\dataset\clean\Me2\Me2_0224.wav
Me2_0225.wav,Me2,1.0,16000,0.069282,0.798187,D:\STUPEN\Heartz\data-science\dataset\clean\Me2\Me2_0225.wav
Me2_0226.wav,Me2,1.0,16000,0.064498,0.509338,D:\STUPEN\Heartz\data-science\dataset\clean\Me2\Me2_0226.wav
Me2_0227.wav,Me2,1.0,16000,0.069282,0.649628,D:\STUPEN\Heartz\data-science\dataset\clean\Me2\Me2_0227.wav
Me2_0228.wav,Me2,1.0,16000,0.071554,0.529724,D:\STUPEN\Heartz\data-science\dataset\clean\Me2\Me2_0228.wav
Me2_0229.wav,Me2,1.0,16000,0.069282,0.631805,D:\STUPEN\Heartz\data-science\dataset\clean\Me2\Me2_0229.wav
Me2_0230.wav,Me2,1.0,16000,0.066933,0.621246,D:\STUPEN\Heartz\data-science\dataset\clean\Me2\Me2_0230.wav
Me2_0231.wav,Me2,1.0,16000,0.066933,0.648804,D:\STUPEN\Heartz\data-science\dataset\clean\Me2\Me2_0231.wav
Me2_0232.wav,Me2,1.0,16000,0.064498,0.638092,D:\STUPEN\Heartz\data-science\dataset\clean\Me2\Me2_0232.wav
Me3_0001.wav,Me3,1.0,16000,0.069282,0.793579,D:\STUPEN\Heartz\data-science\dataset\clean\Me3\Me3_0001.wav
Me3_0002.wav,Me3,1.0,16000,0.069282,0.656036,D:\STUPEN\Heartz\data-science\dataset\clean\Me3\Me3_0002.wav
Me3_0003.wav,Me3,1.0,16000,0.064498,0.581696,D:\STUPEN\Heartz\data-science\dataset\clean\Me3\Me3_0003.wav
Me3_0004.wav,Me3,1.0,16000,0.069282,0.618073,D:\STUPEN\Heartz\data-science\dataset\clean\Me3\Me3_0004.wav
Me3_0005.wav,Me3,1.0,16000,0.075895,0.611694,D:\STUPEN\Heartz\data-science\dataset\clean\Me3\Me3_0005.wav
Me3_0006.wav,Me3,1.0,16000,0.066933,0.531921,D:\STUPEN\Heartz\data-science\dataset\clean\Me3\Me3_0006.wav
Me3_0007.wav,Me3,1.0,16000,0.069282,0.516846,D:\STUPEN\Heartz\data-science\dataset\clean\Me3\Me3_0007.wav
Me3_0008.wav,Me3,1.0,16000,0.069282,0.739258,D:\STUPEN\Heartz\data-science\dataset\clean\Me3\Me3_0008.wav
Me3_0009.wav,Me3,1.0,16000,0.069282,0.720825,D:\STUPEN\Heartz\data-science\dataset\clean\Me3\Me3_0009.wav
Me3_0010.wav,Me3,1.0,16000,0.071554,0.532013,D:\STUPEN\Heartz\data-science\dataset\clean\Me3\Me3_0010.wav
Me3_0011.wav,Me3,1.0,16000,0.066933,0.675293,D:\STUPEN\Heartz\data-science\dataset\clean\Me3\Me3_0011.wav
Me3_0012.wav,Me3,1.0,16000,0.066933,0.59256,D:\STUPEN\Heartz\data-science\dataset\clean\Me3\Me3_0012.wav
Me3_0013.wav,Me3,1.0,16000,0.071554,0.713409,D:\STUPEN\Heartz\data-science\dataset\clean\Me3\Me3_0013.wav
Me3_0014.wav,Me3,1.0,16000,0.066933,0.541565,D:\STUPEN\Heartz\data-science\dataset\clean\Me3\Me3_0014.wav
Me3_0015.wav,Me3,1.0,16000,0.066933,0.696014,D:\STUPEN\Heartz\data-science\dataset\clean\Me3\Me3_0015.wav
Me3_0016.wav,Me3,1.0,16000,0.069282,0.707245,D:\STUPEN\Heartz\data-science\dataset\clean\Me3\Me3_0016.wav
Me3_0017.wav,Me3,1.0,16000,0.069282,0.788025,D:\STUPEN\Heartz\data-science\dataset\clean\Me3\Me3_0017.wav
Me3_0018.wav,Me3,1.0,16000,0.069282,0.666901,D:\STUPEN\Heartz\data-science\dataset\clean\Me3\Me3_0018.wav
Me3_0019.wav,Me3,1.0,16000,0.069282,0.618988,D:\STUPEN\Heartz\data-science\dataset\clean\Me3\Me3_0019.wav
Me3_0020.wav,Me3,1.0,16000,0.069282,0.601105,D:\STUPEN\Heartz\data-science\dataset\clean\Me3\Me3_0020.wav
Me3_0021.wav,Me3,1.0,16000,0.069282,0.732544,D:\STUPEN\Heartz\data-science\dataset\clean\Me3\Me3_0021.wav
Me3_0022.wav,Me3,1.0,16000,0.069282,0.60022,D:\STUPEN\Heartz\data-science\dataset\clean\Me3\Me3_0022.wav
Me3_0023.wav,Me3,1.0,16000,0.069282,0.698822,D:\STUPEN\Heartz\data-science\dataset\clean\Me3\Me3_0023.wav
Me3_0024.wav,Me3,1.0,16000,0.069282,0.685394,D:\STUPEN\Heartz\data-science\dataset\clean\Me3\Me3_0024.wav
Me3_0025.wav,Me3,1.0,16000,0.066933,0.627258,D:\STUPEN\Heartz\data-science\dataset\clean\Me3\Me3_0025.wav
Me3_0026.wav,Me3,1.0,16000,0.069282,0.653992,D:\STUPEN\Heartz\data-science\dataset\clean\Me3\Me3_0026.wav
Me3_0027.wav,Me3,1.0,16000,0.064498,0.689819,D:\STUPEN\Heartz\data-science\dataset\clean\Me3\Me3_0027.wav
Me3_0028.wav,Me3,1.0,16000,0.069282,0.606995,D:\STUPEN\Heartz\data-science\dataset\clean\Me3\Me3_0028.wav
Me3_0029.wav,Me3,1.0,16000,0.069282,0.717804,D:\STUPEN\Heartz\data-science\dataset\clean\Me3\Me3_0029.wav
Me3_0030.wav,Me3,1.0,16000,0.069282,0.726318,D:\STUPEN\Heartz\data-science\dataset\clean\Me3\Me3_0030.wav
Me3_0031.wav,Me3,1.0,16000,0.069282,0.658356,D:\STUPEN\Heartz\data-science\dataset\clean\Me3\Me3_0031.wav
Me3_0032.wav,Me3,1.0,16000,0.066933,0.74646,D:\STUPEN\Heartz\data-science\dataset\clean\Me3\Me3_0032.wav
Me3_0033.wav,Me3,1.0,16000,0.069282,0.618774,D:\STUPEN\Heartz\data-science\dataset\clean\Me3\Me3_0033.wav
Me3_0034.wav,Me3,1.0,16000,0.064498,0.625488,D:\STUPEN\Heartz\data-science\dataset\clean\Me3\Me3_0034.wav
Me3_0035.wav,Me3,1.0,16000,0.066933,0.607452,D:\STUPEN\Heartz\data-science\dataset\clean\Me3\Me3_0035.wav
Me3_0036.wav,Me3,1.0,16000,0.066933,0.613892,D:\STUPEN\Heartz\data-science\dataset\clean\Me3\Me3_0036.wav
Me3_0037.wav,Me3,1.0,16000,0.069282,0.664764,D:\STUPEN\Heartz\data-science\dataset\clean\Me3\Me3_0037.wav
Me3_0038.wav,Me3,1.0,16000,0.069282,0.709076,D:\STUPEN\Heartz\data-science\dataset\clean\Me3\Me3_0038.wav
Me3_0039.wav,Me3,1.0,16000,0.069282,0.686859,D:\STUPEN\Heartz\data-science\dataset\clean\Me3\Me3_0039.wav
Me3_0040.wav,Me3,1.0,16000,0.066933,0.561676,D:\STUPEN\Heartz\data-science\dataset\clean\Me3\Me3_0040.wav
Me3_0041.wav,Me3,1.0,16000,0.066933,0.678345,D:\STUPEN\Heartz\data-science\dataset\clean\Me3\Me3_0041.wav
Me3_0042.wav,Me3,1.0,16000,0.066933,0.651855,D:\STUPEN\Heartz\data-science\dataset\clean\Me3\Me3_0042.wav
Me3_0043.wav,Me3,1.0,16000,0.069282,0.59082,D:\STUPEN\Heartz\data-science\dataset\clean\Me3\Me3_0043.wav
Me3_0044.wav,Me3,1.0,16000,0.066933,0.652466,D:\STUPEN\Heartz\data-science\dataset\clean\Me3\Me3_0044.wav
Me3_0045.wav,Me3,1.0,16000,0.066933,0.689819,D:\STUPEN\Heartz\data-science\dataset\clean\Me3\Me3_0045.wav
Me3_0046.wav,Me3,1.0,16000,0.071554,0.643707,D:\STUPEN\Heartz\data-science\dataset\clean\Me3\Me3_0046.wav
Me3_0047.wav,Me3,1.0,16000,0.069282,0.602448,D:\STUPEN\Heartz\data-science\dataset\clean\Me3\Me3_0047.wav
Me3_0048.wav,Me3,1.0,16000,0.064498,0.674133,D:\STUPEN\Heartz\data-science\dataset\clean\Me3\Me3_0048.wav
Me3_0049.wav,Me3,1.0,16000,0.066933,0.761139,D:\STUPEN\Heartz\data-science\dataset\clean\Me3\Me3_0049.wav
Me3_0050.wav,Me3,1.0,16000,0.064498,0.613647,D:\STUPEN\Heartz\data-science\dataset\clean\Me3\Me3_0050.wav
Me3_0051.wav,Me3,1.0,16000,0.066933,0.562958,D:\STUPEN\Heartz\data-science\dataset\clean\Me3\Me3_0051.wav
Me3_0052.wav,Me3,1.0,16000,0.066933,0.565552,D:\STUPEN\Heartz\data-science\dataset\clean\Me3\Me3_0052.wav
Me3_0053.wav,Me3,1.0,16000,0.069282,0.605011,D:\STUPEN\Heartz\data-science\dataset\clean\Me3\Me3_0053.wav
Me3_0054.wav,Me3,1.0,16000,0.066933,0.652344,D:\STUPEN\Heartz\data-science\dataset\clean\Me3\Me3_0054.wav
Me3_0055.wav,Me3,1.0,16000,0.066933,0.569855,D:\STUPEN\Heartz\data-science\dataset\clean\Me3\Me3_0055.wav
Me3_0056.wav,Me3,1.0,16000,0.066933,0.564606,D:\STUPEN\Heartz\data-science\dataset\clean\Me3\Me3_0056.wav
Me3_0057.wav,Me3,1.0,16000,0.066933,0.60379,D:\STUPEN\Heartz\data-science\dataset\clean\Me3\Me3_0057.wav
Me3_0058.wav,Me3,1.0,16000,0.069282,0.793579,D:\STUPEN\Heartz\data-science\dataset\clean\Me3\Me3_0058.wav
Me3_0059.wav,Me3,1.0,16000,0.069282,0.656036,D:\STUPEN\Heartz\data-science\dataset\clean\Me3\Me3_0059.wav
Me3_0060.wav,Me3,1.0,16000,0.064498,0.581696,D:\STUPEN\Heartz\data-science\dataset\clean\Me3\Me3_0060.wav
Me3_0061.wav,Me3,1.0,16000,0.069282,0.618073,D:\STUPEN\Heartz\data-science\dataset\clean\Me3\Me3_0061.wav
Me3_0062.wav,Me3,1.0,16000,0.075895,0.611694,D:\STUPEN\Heartz\data-science\dataset\clean\Me3\Me3_0062.wav
Me3_0063.wav,Me3,1.0,16000,0.066933,0.531921,D:\STUPEN\Heartz\data-science\dataset\clean\Me3\Me3_0063.wav
Me3_0064.wav,Me3,1.0,16000,0.069282,0.516846,D:\STUPEN\Heartz\data-science\dataset\clean\Me3\Me3_0064.wav
Me3_0065.wav,Me3,1.0,16000,0.069282,0.739258,D:\STUPEN\Heartz\data-science\dataset\clean\Me3\Me3_0065.wav
Me3_0066.wav,Me3,1.0,16000,0.069282,0.720825,D:\STUPEN\Heartz\data-science\dataset\clean\Me3\Me3_0066.wav
Me3_0067.wav,Me3,1.0,16000,0.071554,0.532013,D:\STUPEN\Heartz\data-science\dataset\clean\Me3\Me3_0067.wav
Me3_0068.wav,Me3,1.0,16000,0.066933,0.675293,D:\STUPEN\Heartz\data-science\dataset\clean\Me3\Me3_0068.wav
Me3_0069.wav,Me3,1.0,16000,0.066933,0.59256,D:\STUPEN\Heartz\data-science\dataset\clean\Me3\Me3_0069.wav
Me3_0070.wav,Me3,1.0,16000,0.071554,0.713409,D:\STUPEN\Heartz\data-science\dataset\clean\Me3\Me3_0070.wav
Me3_0071.wav,Me3,1.0,16000,0.066933,0.541565,D:\STUPEN\Heartz\data-science\dataset\clean\Me3\Me3_0071.wav
Me3_0072.wav,Me3,1.0,16000,0.066933,0.696014,D:\STUPEN\Heartz\data-science\dataset\clean\Me3\Me3_0072.wav
Me3_0073.wav,Me3,1.0,16000,0.069282,0.707245,D:\STUPEN\Heartz\data-science\dataset\clean\Me3\Me3_0073.wav
Me3_0074.wav,Me3,1.0,16000,0.069282,0.788025,D:\STUPEN\Heartz\data-science\dataset\clean\Me3\Me3_0074.wav
Me3_0075.wav,Me3,1.0,16000,0.069282,0.666901,D:\STUPEN\Heartz\data-science\dataset\clean\Me3\Me3_0075.wav
Me3_0076.wav,Me3,1.0,16000,0.069282,0.618988,D:\STUPEN\Heartz\data-science\dataset\clean\Me3\Me3_0076.wav
Me3_0077.wav,Me3,1.0,16000,0.069282,0.601105,D:\STUPEN\Heartz\data-science\dataset\clean\Me3\Me3_0077.wav
Me3_0078.wav,Me3,1.0,16000,0.069282,0.732544,D:\STUPEN\Heartz\data-science\dataset\clean\Me3\Me3_0078.wav
Me3_0079.wav,Me3,1.0,16000,0.069282,0.60022,D:\STUPEN\Heartz\data-science\dataset\clean\Me3\Me3_0079.wav
Me3_0080.wav,Me3,1.0,16000,0.069282,0.698822,D:\STUPEN\Heartz\data-science\dataset\clean\Me3\Me3_0080.wav
Me3_0081.wav,Me3,1.0,16000,0.069282,0.685394,D:\STUPEN\Heartz\data-science\dataset\clean\Me3\Me3_0081.wav
Me3_0082.wav,Me3,1.0,16000,0.066933,0.627258,D:\STUPEN\Heartz\data-science\dataset\clean\Me3\Me3_0082.wav
Me3_0083.wav,Me3,1.0,16000,0.069282,0.653992,D:\STUPEN\Heartz\data-science\dataset\clean\Me3\Me3_0083.wav
Me3_0084.wav,Me3,1.0,16000,0.064498,0.689819,D:\STUPEN\Heartz\data-science\dataset\clean\Me3\Me3_0084.wav
Me3_0085.wav,Me3,1.0,16000,0.069282,0.606995,D:\STUPEN\Heartz\data-science\dataset\clean\Me3\Me3_0085.wav
Me3_0086.wav,Me3,1.0,16000,0.069282,0.717804,D:\STUPEN\Heartz\data-science\dataset\clean\Me3\Me3_0086.wav
Me3_0087.wav,Me3,1.0,16000,0.069282,0.726318,D:\STUPEN\Heartz\data-science\dataset\clean\Me3\Me3_0087.wav
Me3_0088.wav,Me3,1.0,16000,0.069282,0.658356,D:\STUPEN\Heartz\data-science\dataset\clean\Me3\Me3_0088.wav
Me3_0089.wav,Me3,1.0,16000,0.066933,0.74646,D:\STUPEN\Heartz\data-science\dataset\clean\Me3\Me3_0089.wav
Me3_0090.wav,Me3,1.0,16000,0.069282,0.618774,D:\STUPEN\Heartz\data-science\dataset\clean\Me3\Me3_0090.wav
Me3_0091.wav,Me3,1.0,16000,0.064498,0.625488,D:\STUPEN\Heartz\data-science\dataset\clean\Me3\Me3_0091.wav
Me3_0092.wav,Me3,1.0,16000,0.066933,0.607452,D:\STUPEN\Heartz\data-science\dataset\clean\Me3\Me3_0092.wav
Me3_0093.wav,Me3,1.0,16000,0.066933,0.613892,D:\STUPEN\Heartz\data-science\dataset\clean\Me3\Me3_0093.wav
Me3_0094.wav,Me3,1.0,16000,0.069282,0.664764,D:\STUPEN\Heartz\data-science\dataset\clean\Me3\Me3_0094.wav
Me3_0095.wav,Me3,1.0,16000,0.069282,0.709076,D:\STUPEN\Heartz\data-science\dataset\clean\Me3\Me3_0095.wav
Me3_0096.wav,Me3,1.0,16000,0.069282,0.686859,D:\STUPEN\Heartz\data-science\dataset\clean\Me3\Me3_0096.wav
Me3_0097.wav,Me3,1.0,16000,0.066933,0.561676,D:\STUPEN\Heartz\data-science\dataset\clean\Me3\Me3_0097.wav
Me3_0098.wav,Me3,1.0,16000,0.066933,0.678345,D:\STUPEN\Heartz\data-science\dataset\clean\Me3\Me3_0098.wav
Me3_0099.wav,Me3,1.0,16000,0.066933,0.651855,D:\STUPEN\Heartz\data-science\dataset\clean\Me3\Me3_0099.wav
Me3_0100.wav,Me3,1.0,16000,0.069282,0.59082,D:\STUPEN\Heartz\data-science\dataset\clean\Me3\Me3_0100.wav
Me3_0101.wav,Me3,1.0,16000,0.066933,0.652466,D:\STUPEN\Heartz\data-science\dataset\clean\Me3\Me3_0101.wav
Me3_0102.wav,Me3,1.0,16000,0.066933,0.689819,D:\STUPEN\Heartz\data-science\dataset\clean\Me3\Me3_0102.wav
Me3_0103.wav,Me3,1.0,16000,0.071554,0.643707,D:\STUPEN\Heartz\data-science\dataset\clean\Me3\Me3_0103.wav
Me3_0104.wav,Me3,1.0,16000,0.069282,0.602448,D:\STUPEN\Heartz\data-science\dataset\clean\Me3\Me3_0104.wav
Me3_0105.wav,Me3,1.0,16000,0.064498,0.674133,D:\STUPEN\Heartz\data-science\dataset\clean\Me3\Me3_0105.wav
Me3_0106.wav,Me3,1.0,16000,0.066933,0.761139,D:\STUPEN\Heartz\data-science\dataset\clean\Me3\Me3_0106.wav
Me3_0107.wav,Me3,1.0,16000,0.064498,0.613647,D:\STUPEN\Heartz\data-science\dataset\clean\Me3\Me3_0107.wav
Me3_0108.wav,Me3,1.0,16000,0.066933,0.562958,D:\STUPEN\Heartz\data-science\dataset\clean\Me3\Me3_0108.wav
Me3_0109.wav,Me3,1.0,16000,0.066933,0.565552,D:\STUPEN\Heartz\data-science\dataset\clean\Me3\Me3_0109.wav
Me3_0110.wav,Me3,1.0,16000,0.069282,0.605011,D:\STUPEN\Heartz\data-science\dataset\clean\Me3\Me3_0110.wav
Me3_0111.wav,Me3,1.0,16000,0.066933,0.652344,D:\STUPEN\Heartz\data-science\dataset\clean\Me3\Me3_0111.wav
Me3_0112.wav,Me3,1.0,16000,0.066933,0.569855,D:\STUPEN\Heartz\data-science\dataset\clean\Me3\Me3_0112.wav
Me3_0113.wav,Me3,1.0,16000,0.066933,0.564606,D:\STUPEN\Heartz\data-science\dataset\clean\Me3\Me3_0113.wav
Me3_0114.wav,Me3,1.0,16000,0.066933,0.60379,D:\STUPEN\Heartz\data-science\dataset\clean\Me3\Me3_0114.wav
Me3_0115.wav,Me3,1.0,16000,0.069282,0.793579,D:\STUPEN\Heartz\data-science\dataset\clean\Me3\Me3_0115.wav
Me3_0116.wav,Me3,1.0,16000,0.069282,0.656036,D:\STUPEN\Heartz\data-science\dataset\clean\Me3\Me3_0116.wav
Me3_0117.wav,Me3,1.0,16000,0.064498,0.581696,D:\STUPEN\Heartz\data-science\dataset\clean\Me3\Me3_0117.wav
Me3_0118.wav,Me3,1.0,16000,0.069282,0.618073,D:\STUPEN\Heartz\data-science\dataset\clean\Me3\Me3_0118.wav
Me3_0119.wav,Me3,1.0,16000,0.075895,0.611694,D:\STUPEN\Heartz\data-science\dataset\clean\Me3\Me3_0119.wav
Me3_0120.wav,Me3,1.0,16000,0.066933,0.531921,D:\STUPEN\Heartz\data-science\dataset\clean\Me3\Me3_0120.wav
Me3_0121.wav,Me3,1.0,16000,0.069282,0.516846,D:\STUPEN\Heartz\data-science\dataset\clean\Me3\Me3_0121.wav
Me3_0122.wav,Me3,1.0,16000,0.069282,0.739258,D:\STUPEN\Heartz\data-science\dataset\clean\Me3\Me3_0122.wav
Me3_0123.wav,Me3,1.0,16000,0.069282,0.720825,D:\STUPEN\Heartz\data-science\dataset\clean\Me3\Me3_0123.wav
Me3_0124.wav,Me3,1.0,16000,0.071554,0.532013,D:\STUPEN\Heartz\data-science\dataset\clean\Me3\Me3_0124.wav
Me3_0125.wav,Me3,1.0,16000,0.066933,0.675293,D:\STUPEN\Heartz\data-science\dataset\clean\Me3\Me3_0125.wav
Me3_0126.wav,Me3,1.0,16000,0.066933,0.59256,D:\STUPEN\Heartz\data-science\dataset\clean\Me3\Me3_0126.wav
Me3_0127.wav,Me3,1.0,16000,0.071554,0.713409,D:\STUPEN\Heartz\data-science\dataset\clean\Me3\Me3_0127.wav
Me3_0128.wav,Me3,1.0,16000,0.066933,0.541565,D:\STUPEN\Heartz\data-science\dataset\clean\Me3\Me3_0128.wav
Me3_0129.wav,Me3,1.0,16000,0.066933,0.696014,D:\STUPEN\Heartz\data-science\dataset\clean\Me3\Me3_0129.wav
Me3_0130.wav,Me3,1.0,16000,0.069282,0.707245,D:\STUPEN\Heartz\data-science\dataset\clean\Me3\Me3_0130.wav
Me3_0131.wav,Me3,1.0,16000,0.069282,0.788025,D:\STUPEN\Heartz\data-science\dataset\clean\Me3\Me3_0131.wav
Me3_0132.wav,Me3,1.0,16000,0.069282,0.666901,D:\STUPEN\Heartz\data-science\dataset\clean\Me3\Me3_0132.wav
Me3_0133.wav,Me3,1.0,16000,0.069282,0.618988,D:\STUPEN\Heartz\data-science\dataset\clean\Me3\Me3_0133.wav
Me3_0134.wav,Me3,1.0,16000,0.069282,0.601105,D:\STUPEN\Heartz\data-science\dataset\clean\Me3\Me3_0134.wav
Me3_0135.wav,Me3,1.0,16000,0.069282,0.732544,D:\STUPEN\Heartz\data-science\dataset\clean\Me3\Me3_0135.wav
Me3_0136.wav,Me3,1.0,16000,0.069282,0.60022,D:\STUPEN\Heartz\data-science\dataset\clean\Me3\Me3_0136.wav
Me3_0137.wav,Me3,1.0,16000,0.069282,0.698822,D:\STUPEN\Heartz\data-science\dataset\clean\Me3\Me3_0137.wav
Me3_0138.wav,Me3,1.0,16000,0.069282,0.685394,D:\STUPEN\Heartz\data-science\dataset\clean\Me3\Me3_0138.wav
Me3_0139.wav,Me3,1.0,16000,0.066933,0.627258,D:\STUPEN\Heartz\data-science\dataset\clean\Me3\Me3_0139.wav
Me3_0140.wav,Me3,1.0,16000,0.069282,0.653992,D:\STUPEN\Heartz\data-science\dataset\clean\Me3\Me3_0140.wav
Me3_0141.wav,Me3,1.0,16000,0.064498,0.689819,D:\STUPEN\Heartz\data-science\dataset\clean\Me3\Me3_0141.wav
Me3_0142.wav,Me3,1.0,16000,0.069282,0.606995,D:\STUPEN\Heartz\data-science\dataset\clean\Me3\Me3_0142.wav
Me3_0143.wav,Me3,1.0,16000,0.069282,0.717804,D:\STUPEN\Heartz\data-science\dataset\clean\Me3\Me3_0143.wav
Me3_0144.wav,Me3,1.0,16000,0.069282,0.726318,D:\STUPEN\Heartz\data-science\dataset\clean\Me3\Me3_0144.wav
Me3_0145.wav,Me3,1.0,16000,0.069282,0.658356,D:\STUPEN\Heartz\data-science\dataset\clean\Me3\Me3_0145.wav
Me3_0146.wav,Me3,1.0,16000,0.066933,0.74646,D:\STUPEN\Heartz\data-science\dataset\clean\Me3\Me3_0146.wav
Me3_0147.wav,Me3,1.0,16000,0.069282,0.618774,D:\STUPEN\Heartz\data-science\dataset\clean\Me3\Me3_0147.wav
Me3_0148.wav,Me3,1.0,16000,0.064498,0.625488,D:\STUPEN\Heartz\data-science\dataset\clean\Me3\Me3_0148.wav
Me3_0149.wav,Me3,1.0,16000,0.066933,0.607452,D:\STUPEN\Heartz\data-science\dataset\clean\Me3\Me3_0149.wav
Me3_0150.wav,Me3,1.0,16000,0.066933,0.613892,D:\STUPEN\Heartz\data-science\dataset\clean\Me3\Me3_0150.wav
Me3_0151.wav,Me3,1.0,16000,0.069282,0.664764,D:\STUPEN\Heartz\data-science\dataset\clean\Me3\Me3_0151.wav
Me3_0152.wav,Me3,1.0,16000,0.069282,0.709076,D:\STUPEN\Heartz\data-science\dataset\clean\Me3\Me3_0152.wav
Me3_0153.wav,Me3,1.0,16000,0.069282,0.686859,D:\STUPEN\Heartz\data-science\dataset\clean\Me3\Me3_0153.wav
Me3_0154.wav,Me3,1.0,16000,0.066933,0.561676,D:\STUPEN\Heartz\data-science\dataset\clean\Me3\Me3_0154.wav
Me3_0155.wav,Me3,1.0,16000,0.066933,0.678345,D:\STUPEN\Heartz\data-science\dataset\clean\Me3\Me3_0155.wav
Me3_0156.wav,Me3,1.0,16000,0.066933,0.651855,D:\STUPEN\Heartz\data-science\dataset\clean\Me3\Me3_0156.wav
Me3_0157.wav,Me3,1.0,16000,0.069282,0.59082,D:\STUPEN\Heartz\data-science\dataset\clean\Me3\Me3_0157.wav
Me3_0158.wav,Me3,1.0,16000,0.066933,0.652466,D:\STUPEN\Heartz\data-science\dataset\clean\Me3\Me3_0158.wav
Me3_0159.wav,Me3,1.0,16000,0.066933,0.689819,D:\STUPEN\Heartz\data-science\dataset\clean\Me3\Me3_0159.wav
Me3_0160.wav,Me3,1.0,16000,0.071554,0.643707,D:\STUPEN\Heartz\data-science\dataset\clean\Me3\Me3_0160.wav
Me3_0161.wav,Me3,1.0,16000,0.069282,0.602448,D:\STUPEN\Heartz\data-science\dataset\clean\Me3\Me3_0161.wav
Me3_0162.wav,Me3,1.0,16000,0.064498,0.674133,D:\STUPEN\Heartz\data-science\dataset\clean\Me3\Me3_0162.wav
Me3_0163.wav,Me3,1.0,16000,0.066933,0.761139,D:\STUPEN\Heartz\data-science\dataset\clean\Me3\Me3_0163.wav
Me3_0164.wav,Me3,1.0,16000,0.064498,0.613647,D:\STUPEN\Heartz\data-science\dataset\clean\Me3\Me3_0164.wav
Me3_0165.wav,Me3,1.0,16000,0.066933,0.562958,D:\STUPEN\Heartz\data-science\dataset\clean\Me3\Me3_0165.wav
Me3_0166.wav,Me3,1.0,16000,0.066933,0.565552,D:\STUPEN\Heartz\data-science\dataset\clean\Me3\Me3_0166.wav
Me3_0167.wav,Me3,1.0,16000,0.069282,0.605011,D:\STUPEN\Heartz\data-science\dataset\clean\Me3\Me3_0167.wav
Me3_0168.wav,Me3,1.0,16000,0.066933,0.652344,D:\STUPEN\Heartz\data-science\dataset\clean\Me3\Me3_0168.wav
Me3_0169.wav,Me3,1.0,16000,0.066933,0.569855,D:\STUPEN\Heartz\data-science\dataset\clean\Me3\Me3_0169.wav
Me3_0170.wav,Me3,1.0,16000,0.066933,0.564606,D:\STUPEN\Heartz\data-science\dataset\clean\Me3\Me3_0170.wav
Me3_0171.wav,Me3,1.0,16000,0.066933,0.60379,D:\STUPEN\Heartz\data-science\dataset\clean\Me3\Me3_0171.wav
Me3_0172.wav,Me3,1.0,16000,0.069282,0.793579,D:\STUPEN\Heartz\data-science\dataset\clean\Me3\Me3_0172.wav
Me3_0173.wav,Me3,1.0,16000,0.069282,0.656036,D:\STUPEN\Heartz\data-science\dataset\clean\Me3\Me3_0173.wav
Me3_0174.wav,Me3,1.0,16000,0.064498,0.581696,D:\STUPEN\Heartz\data-science\dataset\clean\Me3\Me3_0174.wav
Me3_0175.wav,Me3,1.0,16000,0.069282,0.618073,D:\STUPEN\Heartz\data-science\dataset\clean\Me3\Me3_0175.wav
Me3_0176.wav,Me3,1.0,16000,0.075895,0.611694,D:\STUPEN\Heartz\data-science\dataset\clean\Me3\Me3_0176.wav
Me3_0177.wav,Me3,1.0,16000,0.066933,0.531921,D:\STUPEN\Heartz\data-science\dataset\clean\Me3\Me3_0177.wav
Me3_0178.wav,Me3,1.0,16000,0.069282,0.516846,D:\STUPEN\Heartz\data-science\dataset\clean\Me3\Me3_0178.wav
Me3_0179.wav,Me3,1.0,16000,0.069282,0.739258,D:\STUPEN\Heartz\data-science\dataset\clean\Me3\Me3_0179.wav
Me3_0180.wav,Me3,1.0,16000,0.069282,0.720825,D:\STUPEN\Heartz\data-science\dataset\clean\Me3\Me3_0180.wav
Me3_0181.wav,Me3,1.0,16000,0.071554,0.532013,D:\STUPEN\Heartz\data-science\dataset\clean\Me3\Me3_0181.wav
Me3_0182.wav,Me3,1.0,16000,0.066933,0.675293,D:\STUPEN\Heartz\data-science\dataset\clean\Me3\Me3_0182.wav
Me3_0183.wav,Me3,1.0,16000,0.066933,0.59256,D:\STUPEN\Heartz\data-science\dataset\clean\Me3\Me3_0183.wav
Me3_0184.wav,Me3,1.0,16000,0.071554,0.713409,D:\STUPEN\Heartz\data-science\dataset\clean\Me3\Me3_0184.wav
Me3_0185.wav,Me3,1.0,16000,0.066933,0.541565,D:\STUPEN\Heartz\data-science\dataset\clean\Me3\Me3_0185.wav
Me3_0186.wav,Me3,1.0,16000,0.066933,0.696014,D:\STUPEN\Heartz\data-science\dataset\clean\Me3\Me3_0186.wav
Me3_0187.wav,Me3,1.0,16000,0.069282,0.707245,D:\STUPEN\Heartz\data-science\dataset\clean\Me3\Me3_0187.wav
Me3_0188.wav,Me3,1.0,16000,0.069282,0.788025,D:\STUPEN\Heartz\data-science\dataset\clean\Me3\Me3_0188.wav
Me3_0189.wav,Me3,1.0,16000,0.069282,0.666901,D:\STUPEN\Heartz\data-science\dataset\clean\Me3\Me3_0189.wav
Me3_0190.wav,Me3,1.0,16000,0.069282,0.618988,D:\STUPEN\Heartz\data-science\dataset\clean\Me3\Me3_0190.wav
Me3_0191.wav,Me3,1.0,16000,0.069282,0.601105,D:\STUPEN\Heartz\data-science\dataset\clean\Me3\Me3_0191.wav
Me3_0192.wav,Me3,1.0,16000,0.069282,0.732544,D:\STUPEN\Heartz\data-science\dataset\clean\Me3\Me3_0192.wav
Me3_0193.wav,Me3,1.0,16000,0.069282,0.60022,D:\STUPEN\Heartz\data-science\dataset\clean\Me3\Me3_0193.wav
Me3_0194.wav,Me3,1.0,16000,0.069282,0.698822,D:\STUPEN\Heartz\data-science\dataset\clean\Me3\Me3_0194.wav
Me3_0195.wav,Me3,1.0,16000,0.069282,0.685394,D:\STUPEN\Heartz\data-science\dataset\clean\Me3\Me3_0195.wav
Me3_0196.wav,Me3,1.0,16000,0.066933,0.627258,D:\STUPEN\Heartz\data-science\dataset\clean\Me3\Me3_0196.wav
Me3_0197.wav,Me3,1.0,16000,0.069282,0.653992,D:\STUPEN\Heartz\data-science\dataset\clean\Me3\Me3_0197.wav
Me3_0198.wav,Me3,1.0,16000,0.064498,0.689819,D:\STUPEN\Heartz\data-science\dataset\clean\Me3\Me3_0198.wav
Me3_0199.wav,Me3,1.0,16000,0.069282,0.606995,D:\STUPEN\Heartz\data-science\dataset\clean\Me3\Me3_0199.wav
Me3_0200.wav,Me3,1.0,16000,0.069282,0.717804,D:\STUPEN\Heartz\data-science\dataset\clean\Me3\Me3_0200.wav
Me3_0201.wav,Me3,1.0,16000,0.069282,0.726318,D:\STUPEN\Heartz\data-science\dataset\clean\Me3\Me3_0201.wav
Me3_0202.wav,Me3,1.0,16000,0.069282,0.658356,D:\STUPEN\Heartz\data-science\dataset\clean\Me3\Me3_0202.wav
Me3_0203.wav,Me3,1.0,16000,0.066933,0.74646,D:\STUPEN\Heartz\data-science\dataset\clean\Me3\Me3_0203.wav
Me3_0204.wav,Me3,1.0,16000,0.069282,0.618774,D:\STUPEN\Heartz\data-science\dataset\clean\Me3\Me3_0204.wav
Me3_0205.wav,Me3,1.0,16000,0.064498,0.625488,D:\STUPEN\Heartz\data-science\dataset\clean\Me3\Me3_0205.wav
Me3_0206.wav,Me3,1.0,16000,0.066933,0.607452,D:\STUPEN\Heartz\data-science\dataset\clean\Me3\Me3_0206.wav
Me3_0207.wav,Me3,1.0,16000,0.066933,0.613892,D:\STUPEN\Heartz\data-science\dataset\clean\Me3\Me3_0207.wav
Me3_0208.wav,Me3,1.0,16000,0.069282,0.664764,D:\STUPEN\Heartz\data-science\dataset\clean\Me3\Me3_0208.wav
Me3_0209.wav,Me3,1.0,16000,0.069282,0.709076,D:\STUPEN\Heartz\data-science\dataset\clean\Me3\Me3_0209.wav
Me3_0210.wav,Me3,1.0,16000,0.069282,0.686859,D:\STUPEN\Heartz\data-science\dataset\clean\Me3\Me3_0210.wav
Me3_0211.wav,Me3,1.0,16000,0.066933,0.561676,D:\STUPEN\Heartz\data-science\dataset\clean\Me3\Me3_0211.wav
Me3_0212.wav,Me3,1.0,16000,0.066933,0.678345,D:\STUPEN\Heartz\data-science\dataset\clean\Me3\Me3_0212.wav
Me3_0213.wav,Me3,1.0,16000,0.066933,0.651855,D:\STUPEN\Heartz\data-science\dataset\clean\Me3\Me3_0213.wav
Me3_0214.wav,Me3,1.0,16000,0.069282,0.59082,D:\STUPEN\Heartz\data-science\dataset\clean\Me3\Me3_0214.wav
Me3_0215.wav,Me3,1.0,16000,0.066933,0.652466,D:\STUPEN\Heartz\data-science\dataset\clean\Me3\Me3_0215.wav
Me3_0216.wav,Me3,1.0,16000,0.066933,0.689819,D:\STUPEN\Heartz\data-science\dataset\clean\Me3\Me3_0216.wav
Me3_0217.wav,Me3,1.0,16000,0.071554,0.643707,D:\STUPEN\Heartz\data-science\dataset\clean\Me3\Me3_0217.wav
Me3_0218.wav,Me3,1.0,16000,0.069282,0.602448,D:\STUPEN\Heartz\data-science\dataset\clean\Me3\Me3_0218.wav
Me3_0219.wav,Me3,1.0,16000,0.064498,0.674133,D:\STUPEN\Heartz\data-science\dataset\clean\Me3\Me3_0219.wav
Me3_0220.wav,Me3,1.0,16000,0.066933,0.761139,D:\STUPEN\Heartz\data-science\dataset\clean\Me3\Me3_0220.wav
Me3_0221.wav,Me3,1.0,16000,0.064498,0.613647,D:\STUPEN\Heartz\data-science\dataset\clean\Me3\Me3_0221.wav
Me3_0222.wav,Me3,1.0,16000,0.066933,0.562958,D:\STUPEN\Heartz\data-science\dataset\clean\Me3\Me3_0222.wav
Me3_0223.wav,Me3,1.0,16000,0.066933,0.565552,D:\STUPEN\Heartz\data-science\dataset\clean\Me3\Me3_0223.wav
Me3_0224.wav,Me3,1.0,16000,0.069282,0.605011,D:\STUPEN\Heartz\data-science\dataset\clean\Me3\Me3_0224.wav
Me3_0225.wav,Me3,1.0,16000,0.066933,0.652344,D:\STUPEN\Heartz\data-science\dataset\clean\Me3\Me3_0225.wav
Me3_0226.wav,Me3,1.0,16000,0.066933,0.569855,D:\STUPEN\Heartz\data-science\dataset\clean\Me3\Me3_0226.wav
Me3_0227.wav,Me3,1.0,16000,0.066933,0.564606,D:\STUPEN\Heartz\data-science\dataset\clean\Me3\Me3_0227.wav
Me3_0228.wav,Me3,1.0,16000,0.066933,0.60379,D:\STUPEN\Heartz\data-science\dataset\clean\Me3\Me3_0228.wav
Mi_0001.wav,Mi,1.0,16000,0.064498,0.357941,D:\STUPEN\Heartz\data-science\dataset\clean\Mi\Mi_0001.wav
Mi_0002.wav,Mi,1.0,16000,0.066933,0.338501,D:\STUPEN\Heartz\data-science\dataset\clean\Mi\Mi_0002.wav
Mi_0003.wav,Mi,1.0,16000,0.096333,0.586639,D:\STUPEN\Heartz\data-science\dataset\clean\Mi\Mi_0003.wav
Mi_0004.wav,Mi,1.0,16000,0.069282,0.367523,D:\STUPEN\Heartz\data-science\dataset\clean\Mi\Mi_0004.wav
Mi_0005.wav,Mi,1.0,16000,0.069282,0.361115,D:\STUPEN\Heartz\data-science\dataset\clean\Mi\Mi_0005.wav
Mi_0006.wav,Mi,1.0,16000,0.109308,0.552734,D:\STUPEN\Heartz\data-science\dataset\clean\Mi\Mi_0006.wav
Mi_0007.wav,Mi,1.0,16000,0.096333,0.503143,D:\STUPEN\Heartz\data-science\dataset\clean\Mi\Mi_0007.wav
Mi_0008.wav,Mi,1.0,16000,0.069282,0.336853,D:\STUPEN\Heartz\data-science\dataset\clean\Mi\Mi_0008.wav
Mi_0009.wav,Mi,1.0,16000,0.066933,0.379211,D:\STUPEN\Heartz\data-science\dataset\clean\Mi\Mi_0009.wav
Mi_0010.wav,Mi,1.0,16000,0.066933,0.338837,D:\STUPEN\Heartz\data-science\dataset\clean\Mi\Mi_0010.wav
Mi_0011.wav,Mi,1.0,16000,0.066933,0.335083,D:\STUPEN\Heartz\data-science\dataset\clean\Mi\Mi_0011.wav
Mi_0012.wav,Mi,1.0,16000,0.069282,0.383179,D:\STUPEN\Heartz\data-science\dataset\clean\Mi\Mi_0012.wav
Mi_0013.wav,Mi,1.0,16000,0.066933,0.343811,D:\STUPEN\Heartz\data-science\dataset\clean\Mi\Mi_0013.wav
Mi_0014.wav,Mi,1.0,16000,0.066933,0.359802,D:\STUPEN\Heartz\data-science\dataset\clean\Mi\Mi_0014.wav
Mi_0015.wav,Mi,1.0,16000,0.073756,0.374969,D:\STUPEN\Heartz\data-science\dataset\clean\Mi\Mi_0015.wav
Mi_0016.wav,Mi,1.0,16000,0.085791,0.449768,D:\STUPEN\Heartz\data-science\dataset\clean\Mi\Mi_0016.wav
Mi_0017.wav,Mi,1.0,16000,0.069282,0.326538,D:\STUPEN\Heartz\data-science\dataset\clean\Mi\Mi_0017.wav
Mi_0018.wav,Mi,1.0,16000,0.069282,0.470612,D:\STUPEN\Heartz\data-science\dataset\clean\Mi\Mi_0018.wav
Mi_0019.wav,Mi,1.0,16000,0.071554,0.387848,D:\STUPEN\Heartz\data-science\dataset\clean\Mi\Mi_0019.wav
Mi_0020.wav,Mi,1.0,16000,0.071554,0.413513,D:\STUPEN\Heartz\data-science\dataset\clean\Mi\Mi_0020.wav
Mi_0021.wav,Mi,1.0,16000,0.069282,0.411987,D:\STUPEN\Heartz\data-science\dataset\clean\Mi\Mi_0021.wav
Mi_0022.wav,Mi,1.0,16000,0.069282,0.350372,D:\STUPEN\Heartz\data-science\dataset\clean\Mi\Mi_0022.wav
Mi_0023.wav,Mi,1.0,16000,0.066933,0.330139,D:\STUPEN\Heartz\data-science\dataset\clean\Mi\Mi_0023.wav
Mi_0024.wav,Mi,1.0,16000,0.031566,0.34317,D:\STUPEN\Heartz\data-science\dataset\clean\Mi\Mi_0024.wav
Mi_0025.wav,Mi,1.0,16000,0.071554,0.361664,D:\STUPEN\Heartz\data-science\dataset\clean\Mi\Mi_0025.wav
Mi_0026.wav,Mi,1.0,16000,0.108661,0.539368,D:\STUPEN\Heartz\data-science\dataset\clean\Mi\Mi_0026.wav
Mi_0027.wav,Mi,1.0,16000,0.069282,0.332794,D:\STUPEN\Heartz\data-science\dataset\clean\Mi\Mi_0027.wav
Mi_0028.wav,Mi,1.0,16000,0.066933,0.364838,D:\STUPEN\Heartz\data-science\dataset\clean\Mi\Mi_0028.wav
Mi_0029.wav,Mi,1.0,16000,0.066933,0.349792,D:\STUPEN\Heartz\data-science\dataset\clean\Mi\Mi_0029.wav
Mi_0030.wav,Mi,1.0,16000,0.069282,0.388824,D:\STUPEN\Heartz\data-science\dataset\clean\Mi\Mi_0030.wav
Mi_0031.wav,Mi,1.0,16000,0.064498,0.333282,D:\STUPEN\Heartz\data-science\dataset\clean\Mi\Mi_0031.wav
Mi_0032.wav,Mi,1.0,16000,0.066933,0.326263,D:\STUPEN\Heartz\data-science\dataset\clean\Mi\Mi_0032.wav
Mi_0033.wav,Mi,1.0,16000,0.085791,0.404083,D:\STUPEN\Heartz\data-science\dataset\clean\Mi\Mi_0033.wav
Mi_0034.wav,Mi,1.0,16000,0.064498,0.409882,D:\STUPEN\Heartz\data-science\dataset\clean\Mi\Mi_0034.wav
Mi_0035.wav,Mi,1.0,16000,0.108667,0.568359,D:\STUPEN\Heartz\data-science\dataset\clean\Mi\Mi_0035.wav
Mi_0036.wav,Mi,1.0,16000,0.066933,0.340363,D:\STUPEN\Heartz\data-science\dataset\clean\Mi\Mi_0036.wav
Mi_0037.wav,Mi,1.0,16000,0.061968,0.332336,D:\STUPEN\Heartz\data-science\dataset\clean\Mi\Mi_0037.wav
Mi_0038.wav,Mi,1.0,16000,0.066933,0.337921,D:\STUPEN\Heartz\data-science\dataset\clean\Mi\Mi_0038.wav
Mi_0039.wav,Mi,1.0,16000,0.066933,0.339081,D:\STUPEN\Heartz\data-science\dataset\clean\Mi\Mi_0039.wav
Mi_0040.wav,Mi,1.0,16000,0.066933,0.343079,D:\STUPEN\Heartz\data-science\dataset\clean\Mi\Mi_0040.wav
Mi_0041.wav,Mi,1.0,16000,0.069282,0.33667,D:\STUPEN\Heartz\data-science\dataset\clean\Mi\Mi_0041.wav
Mi_0042.wav,Mi,1.0,16000,0.066933,0.393311,D:\STUPEN\Heartz\data-science\dataset\clean\Mi\Mi_0042.wav
Mi_0043.wav,Mi,1.0,16000,0.064498,0.374817,D:\STUPEN\Heartz\data-science\dataset\clean\Mi\Mi_0043.wav
Mi_0044.wav,Mi,1.0,16000,0.069282,0.376526,D:\STUPEN\Heartz\data-science\dataset\clean\Mi\Mi_0044.wav
Mi_0045.wav,Mi,1.0,16000,0.064498,0.356842,D:\STUPEN\Heartz\data-science\dataset\clean\Mi\Mi_0045.wav
Mi_0046.wav,Mi,1.0,16000,0.066933,0.348724,D:\STUPEN\Heartz\data-science\dataset\clean\Mi\Mi_0046.wav
Mi_0047.wav,Mi,1.0,16000,0.071554,0.400879,D:\STUPEN\Heartz\data-science\dataset\clean\Mi\Mi_0047.wav
Mi_0048.wav,Mi,1.0,16000,0.069282,0.401337,D:\STUPEN\Heartz\data-science\dataset\clean\Mi\Mi_0048.wav
Mi_0049.wav,Mi,1.0,16000,0.071554,0.364807,D:\STUPEN\Heartz\data-science\dataset\clean\Mi\Mi_0049.wav
Mi_0050.wav,Mi,1.0,16000,0.096333,0.41098,D:\STUPEN\Heartz\data-science\dataset\clean\Mi\Mi_0050.wav
Mi_0051.wav,Mi,1.0,16000,0.069282,0.386597,D:\STUPEN\Heartz\data-science\dataset\clean\Mi\Mi_0051.wav
Mi_0052.wav,Mi,1.0,16000,0.066933,0.336975,D:\STUPEN\Heartz\data-science\dataset\clean\Mi\Mi_0052.wav
Mi_0053.wav,Mi,1.0,16000,0.069282,0.291107,D:\STUPEN\Heartz\data-science\dataset\clean\Mi\Mi_0053.wav
Mi_0054.wav,Mi,1.0,16000,0.069282,0.331604,D:\STUPEN\Heartz\data-science\dataset\clean\Mi\Mi_0054.wav
Mi_0055.wav,Mi,1.0,16000,0.066933,0.343872,D:\STUPEN\Heartz\data-science\dataset\clean\Mi\Mi_0055.wav
Mi_0056.wav,Mi,1.0,16000,0.069282,0.345673,D:\STUPEN\Heartz\data-science\dataset\clean\Mi\Mi_0056.wav
Mi_0057.wav,Mi,1.0,16000,0.066933,0.30365,D:\STUPEN\Heartz\data-science\dataset\clean\Mi\Mi_0057.wav
Mi_0058.wav,Mi,1.0,16000,0.066933,0.340851,D:\STUPEN\Heartz\data-science\dataset\clean\Mi\Mi_0058.wav
Mi_0059.wav,Mi,1.0,16000,0.069282,0.373962,D:\STUPEN\Heartz\data-science\dataset\clean\Mi\Mi_0059.wav
Mi_0060.wav,Mi,1.0,16000,0.069282,0.287659,D:\STUPEN\Heartz\data-science\dataset\clean\Mi\Mi_0060.wav
Mi_0061.wav,Mi,1.0,16000,0.073756,0.337646,D:\STUPEN\Heartz\data-science\dataset\clean\Mi\Mi_0061.wav
Mi_0062.wav,Mi,1.0,16000,0.069282,0.315643,D:\STUPEN\Heartz\data-science\dataset\clean\Mi\Mi_0062.wav
Mi_0063.wav,Mi,1.0,16000,0.069282,0.333771,D:\STUPEN\Heartz\data-science\dataset\clean\Mi\Mi_0063.wav
Mi_0064.wav,Mi,1.0,16000,0.069282,0.337555,D:\STUPEN\Heartz\data-science\dataset\clean\Mi\Mi_0064.wav
Mi_0065.wav,Mi,1.0,16000,0.071554,0.321136,D:\STUPEN\Heartz\data-science\dataset\clean\Mi\Mi_0065.wav
Mi_0066.wav,Mi,1.0,16000,0.103724,0.457397,D:\STUPEN\Heartz\data-science\dataset\clean\Mi\Mi_0066.wav
Mi_0067.wav,Mi,1.0,16000,0.08,0.394104,D:\STUPEN\Heartz\data-science\dataset\clean\Mi\Mi_0067.wav
Mi_0068.wav,Mi,1.0,16000,0.073756,0.358398,D:\STUPEN\Heartz\data-science\dataset\clean\Mi\Mi_0068.wav
Mi_0069.wav,Mi,1.0,16000,0.138237,0.691864,D:\STUPEN\Heartz\data-science\dataset\clean\Mi\Mi_0069.wav
Mi_0070.wav,Mi,1.0,16000,0.08579,0.371674,D:\STUPEN\Heartz\data-science\dataset\clean\Mi\Mi_0070.wav
Mi_0071.wav,Mi,1.0,16000,0.066933,0.283234,D:\STUPEN\Heartz\data-science\dataset\clean\Mi\Mi_0071.wav
Mi_0072.wav,Mi,1.0,16000,0.069282,0.314606,D:\STUPEN\Heartz\data-science\dataset\clean\Mi\Mi_0072.wav
Mi_0073.wav,Mi,1.0,16000,0.069282,0.313019,D:\STUPEN\Heartz\data-science\dataset\clean\Mi\Mi_0073.wav
Mi_0074.wav,Mi,1.0,16000,0.069282,0.300293,D:\STUPEN\Heartz\data-science\dataset\clean\Mi\Mi_0074.wav
Mi_0075.wav,Mi,1.0,16000,0.071554,0.297241,D:\STUPEN\Heartz\data-science\dataset\clean\Mi\Mi_0075.wav
Mi_0076.wav,Mi,1.0,16000,0.066933,0.336456,D:\STUPEN\Heartz\data-science\dataset\clean\Mi\Mi_0076.wav
Mi_0077.wav,Mi,1.0,16000,0.108683,0.51236,D:\STUPEN\Heartz\data-science\dataset\clean\Mi\Mi_0077.wav
Mi_0078.wav,Mi,1.0,16000,0.069282,0.268616,D:\STUPEN\Heartz\data-science\dataset\clean\Mi\Mi_0078.wav
Mi_0079.wav,Mi,1.0,16000,0.069282,0.306488,D:\STUPEN\Heartz\data-science\dataset\clean\Mi\Mi_0079.wav
Mi_0080.wav,Mi,1.0,16000,0.071554,0.287567,D:\STUPEN\Heartz\data-science\dataset\clean\Mi\Mi_0080.wav
Mi_0081.wav,Mi,1.0,16000,0.071554,0.347137,D:\STUPEN\Heartz\data-science\dataset\clean\Mi\Mi_0081.wav
Mi_0082.wav,Mi,1.0,16000,0.071554,0.338318,D:\STUPEN\Heartz\data-science\dataset\clean\Mi\Mi_0082.wav
Mi_0083.wav,Mi,1.0,16000,0.069282,0.313141,D:\STUPEN\Heartz\data-science\dataset\clean\Mi\Mi_0083.wav
Mi_0084.wav,Mi,1.0,16000,0.069282,0.295197,D:\STUPEN\Heartz\data-science\dataset\clean\Mi\Mi_0084.wav
Mi_0085.wav,Mi,1.0,16000,0.069282,0.34021,D:\STUPEN\Heartz\data-science\dataset\clean\Mi\Mi_0085.wav
Mi_0086.wav,Mi,1.0,16000,0.069282,0.327393,D:\STUPEN\Heartz\data-science\dataset\clean\Mi\Mi_0086.wav
Mi_0087.wav,Mi,1.0,16000,0.069282,0.32019,D:\STUPEN\Heartz\data-science\dataset\clean\Mi\Mi_0087.wav
Mi_0088.wav,Mi,1.0,16000,0.069282,0.35437,D:\STUPEN\Heartz\data-science\dataset\clean\Mi\Mi_0088.wav
Mi_0089.wav,Mi,1.0,16000,0.069282,0.30603,D:\STUPEN\Heartz\data-science\dataset\clean\Mi\Mi_0089.wav
Mi_0090.wav,Mi,1.0,16000,0.069282,0.303925,D:\STUPEN\Heartz\data-science\dataset\clean\Mi\Mi_0090.wav
Mi_0091.wav,Mi,1.0,16000,0.071554,0.304413,D:\STUPEN\Heartz\data-science\dataset\clean\Mi\Mi_0091.wav
Mi_0092.wav,Mi,1.0,16000,0.071554,0.31073,D:\STUPEN\Heartz\data-science\dataset\clean\Mi\Mi_0092.wav
Mi_0093.wav,Mi,1.0,16000,0.069282,0.342987,D:\STUPEN\Heartz\data-science\dataset\clean\Mi\Mi_0093.wav
Mi_0094.wav,Mi,1.0,16000,0.066933,0.315094,D:\STUPEN\Heartz\data-science\dataset\clean\Mi\Mi_0094.wav
Mi_0095.wav,Mi,1.0,16000,0.094819,0.49826,D:\STUPEN\Heartz\data-science\dataset\clean\Mi\Mi_0095.wav
Mi_0096.wav,Mi,1.0,16000,0.088544,0.408661,D:\STUPEN\Heartz\data-science\dataset\clean\Mi\Mi_0096.wav
Mi_0097.wav,Mi,1.0,16000,0.107299,0.576416,D:\STUPEN\Heartz\data-science\dataset\clean\Mi\Mi_0097.wav
Mi_0098.wav,Mi,1.0,16000,0.066933,0.334381,D:\STUPEN\Heartz\data-science\dataset\clean\Mi\Mi_0098.wav
Mi_0099.wav,Mi,1.0,16000,0.064498,0.377075,D:\STUPEN\Heartz\data-science\dataset\clean\Mi\Mi_0099.wav
Mi_0100.wav,Mi,1.0,16000,0.069282,0.373352,D:\STUPEN\Heartz\data-science\dataset\clean\Mi\Mi_0100.wav
Mi_0101.wav,Mi,1.0,16000,0.069282,0.367035,D:\STUPEN\Heartz\data-science\dataset\clean\Mi\Mi_0101.wav
Mi_0102.wav,Mi,1.0,16000,0.077974,0.368225,D:\STUPEN\Heartz\data-science\dataset\clean\Mi\Mi_0102.wav
Mi_0103.wav,Mi,1.0,16000,0.066933,0.335388,D:\STUPEN\Heartz\data-science\dataset\clean\Mi\Mi_0103.wav
Mi_0104.wav,Mi,1.0,16000,0.071554,0.396759,D:\STUPEN\Heartz\data-science\dataset\clean\Mi\Mi_0104.wav
Mi_0105.wav,Mi,1.0,16000,0.069282,0.336029,D:\STUPEN\Heartz\data-science\dataset\clean\Mi\Mi_0105.wav
Mi_0106.wav,Mi,1.0,16000,0.102745,0.534668,D:\STUPEN\Heartz\data-science\dataset\clean\Mi\Mi_0106.wav
Mi_0107.wav,Mi,1.0,16000,0.077974,0.315216,D:\STUPEN\Heartz\data-science\dataset\clean\Mi\Mi_0107.wav
Mi_0108.wav,Mi,1.0,16000,0.075895,0.37558,D:\STUPEN\Heartz\data-science\dataset\clean\Mi\Mi_0108.wav
Mi_0109.wav,Mi,1.0,16000,0.108559,0.594574,D:\STUPEN\Heartz\data-science\dataset\clean\Mi\Mi_0109.wav
Mi_0110.wav,Mi,1.0,16000,0.066933,0.353058,D:\STUPEN\Heartz\data-science\dataset\clean\Mi\Mi_0110.wav
Mi_0111.wav,Mi,1.0,16000,0.096333,0.441589,D:\STUPEN\Heartz\data-science\dataset\clean\Mi\Mi_0111.wav
Mi_0112.wav,Mi,1.0,16000,0.031911,0.122375,D:\STUPEN\Heartz\data-science\dataset\clean\Mi\Mi_0112.wav
Mi_0113.wav,Mi,1.0,16000,0.080994,0.445587,D:\STUPEN\Heartz\data-science\dataset\clean\Mi\Mi_0113.wav
Mi_0114.wav,Mi,1.0,16000,0.064498,0.373505,D:\STUPEN\Heartz\data-science\dataset\clean\Mi\Mi_0114.wav
Mi_0115.wav,Mi,1.0,16000,0.064498,0.326355,D:\STUPEN\Heartz\data-science\dataset\clean\Mi\Mi_0115.wav
Mi_0116.wav,Mi,1.0,16000,0.08,0.394653,D:\STUPEN\Heartz\data-science\dataset\clean\Mi\Mi_0116.wav
Mi_0117.wav,Mi,1.0,16000,0.077974,0.365784,D:\STUPEN\Heartz\data-science\dataset\clean\Mi\Mi_0117.wav
Mi_0118.wav,Mi,1.0,16000,0.069282,0.301971,D:\STUPEN\Heartz\data-science\dataset\clean\Mi\Mi_0118.wav
Mi_0119.wav,Mi,1.0,16000,0.066933,0.344849,D:\STUPEN\Heartz\data-science\dataset\clean\Mi\Mi_0119.wav
Mi_0120.wav,Mi,1.0,16000,0.066933,0.356781,D:\STUPEN\Heartz\data-science\dataset\clean\Mi\Mi_0120.wav
Mi_0121.wav,Mi,1.0,16000,0.066933,0.342499,D:\STUPEN\Heartz\data-science\dataset\clean\Mi\Mi_0121.wav
Mi_0122.wav,Mi,1.0,16000,0.064498,0.315948,D:\STUPEN\Heartz\data-science\dataset\clean\Mi\Mi_0122.wav
Mi_0123.wav,Mi,1.0,16000,0.066933,0.338928,D:\STUPEN\Heartz\data-science\dataset\clean\Mi\Mi_0123.wav
Mi_0124.wav,Mi,1.0,16000,0.077974,0.468353,D:\STUPEN\Heartz\data-science\dataset\clean\Mi\Mi_0124.wav
Mi_0125.wav,Mi,1.0,16000,0.064498,0.324585,D:\STUPEN\Heartz\data-science\dataset\clean\Mi\Mi_0125.wav
Mi_0126.wav,Mi,1.0,16000,0.091214,0.44043,D:\STUPEN\Heartz\data-science\dataset\clean\Mi\Mi_0126.wav
Mi_0127.wav,Mi,1.0,16000,0.064498,0.355286,D:\STUPEN\Heartz\data-science\dataset\clean\Mi\Mi_0127.wav
Mi_0128.wav,Mi,1.0,16000,0.066933,0.324371,D:\STUPEN\Heartz\data-science\dataset\clean\Mi\Mi_0128.wav
Mi_0129.wav,Mi,1.0,16000,0.069282,0.33667,D:\STUPEN\Heartz\data-science\dataset\clean\Mi\Mi_0129.wav
Mi_0130.wav,Mi,1.0,16000,0.066933,0.349304,D:\STUPEN\Heartz\data-science\dataset\clean\Mi\Mi_0130.wav
Mi_0131.wav,Mi,1.0,16000,0.069282,0.362946,D:\STUPEN\Heartz\data-science\dataset\clean\Mi\Mi_0131.wav
Mi_0132.wav,Mi,1.0,16000,0.069282,0.374969,D:\STUPEN\Heartz\data-science\dataset\clean\Mi\Mi_0132.wav
Mi_0133.wav,Mi,1.0,16000,0.066933,0.369904,D:\STUPEN\Heartz\data-science\dataset\clean\Mi\Mi_0133.wav
Mi_0134.wav,Mi,1.0,16000,0.066933,0.367828,D:\STUPEN\Heartz\data-science\dataset\clean\Mi\Mi_0134.wav
Mi_0135.wav,Mi,1.0,16000,0.064498,0.360016,D:\STUPEN\Heartz\data-science\dataset\clean\Mi\Mi_0135.wav
Mi_0136.wav,Mi,1.0,16000,0.066933,0.397003,D:\STUPEN\Heartz\data-science\dataset\clean\Mi\Mi_0136.wav
Mi_0137.wav,Mi,1.0,16000,0.066933,0.35083,D:\STUPEN\Heartz\data-science\dataset\clean\Mi\Mi_0137.wav
Mi_0138.wav,Mi,1.0,16000,0.066933,0.361023,D:\STUPEN\Heartz\data-science\dataset\clean\Mi\Mi_0138.wav
Mi_0139.wav,Mi,1.0,16000,0.066933,0.357605,D:\STUPEN\Heartz\data-science\dataset\clean\Mi\Mi_0139.wav
Mi_0140.wav,Mi,1.0,16000,0.069282,0.290558,D:\STUPEN\Heartz\data-science\dataset\clean\Mi\Mi_0140.wav
Mi_0141.wav,Mi,1.0,16000,0.073756,0.371857,D:\STUPEN\Heartz\data-science\dataset\clean\Mi\Mi_0141.wav
Mi_0142.wav,Mi,1.0,16000,0.083438,0.462372,D:\STUPEN\Heartz\data-science\dataset\clean\Mi\Mi_0142.wav
Mi_0143.wav,Mi,1.0,16000,0.071554,0.322021,D:\STUPEN\Heartz\data-science\dataset\clean\Mi\Mi_0143.wav
Mi_0144.wav,Mi,1.0,16000,0.01836,0.241577,D:\STUPEN\Heartz\data-science\dataset\clean\Mi\Mi_0144.wav
Mi_0145.wav,Mi,1.0,16000,0.064498,0.308411,D:\STUPEN\Heartz\data-science\dataset\clean\Mi\Mi_0145.wav
Mi_0146.wav,Mi,1.0,16000,0.064498,0.357422,D:\STUPEN\Heartz\data-science\dataset\clean\Mi\Mi_0146.wav
Mi_0147.wav,Mi,1.0,16000,0.061968,0.35556,D:\STUPEN\Heartz\data-science\dataset\clean\Mi\Mi_0147.wav
Mi_0148.wav,Mi,1.0,16000,0.061968,0.305328,D:\STUPEN\Heartz\data-science\dataset\clean\Mi\Mi_0148.wav
Mi_0149.wav,Mi,1.0,16000,0.064498,0.360931,D:\STUPEN\Heartz\data-science\dataset\clean\Mi\Mi_0149.wav
Mi_0150.wav,Mi,1.0,16000,0.061968,0.332886,D:\STUPEN\Heartz\data-science\dataset\clean\Mi\Mi_0150.wav
Mi_0151.wav,Mi,1.0,16000,0.1058,0.543243,D:\STUPEN\Heartz\data-science\dataset\clean\Mi\Mi_0151.wav
Mi_0152.wav,Mi,1.0,16000,0.11406,0.614899,D:\STUPEN\Heartz\data-science\dataset\clean\Mi\Mi_0152.wav
Mi_0153.wav,Mi,1.0,16000,0.077974,0.414551,D:\STUPEN\Heartz\data-science\dataset\clean\Mi\Mi_0153.wav
Mi_0154.wav,Mi,1.0,16000,0.064498,0.340942,D:\STUPEN\Heartz\data-science\dataset\clean\Mi\Mi_0154.wav
Mi_0155.wav,Mi,1.0,16000,0.061968,0.330505,D:\STUPEN\Heartz\data-science\dataset\clean\Mi\Mi_0155.wav
Mi_0156.wav,Mi,1.0,16000,0.061968,0.295074,D:\STUPEN\Heartz\data-science\dataset\clean\Mi\Mi_0156.wav
Mi_0157.wav,Mi,1.0,16000,0.064498,0.343964,D:\STUPEN\Heartz\data-science\dataset\clean\Mi\Mi_0157.wav
Mi_0158.wav,Mi,1.0,16000,0.069282,0.367493,D:\STUPEN\Heartz\data-science\dataset\clean\Mi\Mi_0158.wav
Mi_0159.wav,Mi,1.0,16000,0.066933,0.327789,D:\STUPEN\Heartz\data-science\dataset\clean\Mi\Mi_0159.wav
Mi_0160.wav,Mi,1.0,16000,0.069282,0.363251,D:\STUPEN\Heartz\data-science\dataset\clean\Mi\Mi_0160.wav
Mi_0161.wav,Mi,1.0,16000,0.064498,0.350403,D:\STUPEN\Heartz\data-science\dataset\clean\Mi\Mi_0161.wav
Mi_0162.wav,Mi,1.0,16000,0.071554,0.342529,D:\STUPEN\Heartz\data-science\dataset\clean\Mi\Mi_0162.wav
Mi_0163.wav,Mi,1.0,16000,0.105043,0.483978,D:\STUPEN\Heartz\data-science\dataset\clean\Mi\Mi_0163.wav
Mi_0164.wav,Mi,1.0,16000,0.104686,0.363068,D:\STUPEN\Heartz\data-science\dataset\clean\Mi\Mi_0164.wav
Mi_0165.wav,Mi,1.0,16000,0.073756,0.394897,D:\STUPEN\Heartz\data-science\dataset\clean\Mi\Mi_0165.wav
Mi_0166.wav,Mi,1.0,16000,0.064498,0.362427,D:\STUPEN\Heartz\data-science\dataset\clean\Mi\Mi_0166.wav
Mi_0167.wav,Mi,1.0,16000,0.064498,0.360443,D:\STUPEN\Heartz\data-science\dataset\clean\Mi\Mi_0167.wav
Mi_0168.wav,Mi,1.0,16000,0.069282,0.361938,D:\STUPEN\Heartz\data-science\dataset\clean\Mi\Mi_0168.wav
Mi_0169.wav,Mi,1.0,16000,0.066933,0.348999,D:\STUPEN\Heartz\data-science\dataset\clean\Mi\Mi_0169.wav
Mi_0170.wav,Mi,1.0,16000,0.064498,0.388489,D:\STUPEN\Heartz\data-science\dataset\clean\Mi\Mi_0170.wav
Mi_0171.wav,Mi,1.0,16000,0.064498,0.331696,D:\STUPEN\Heartz\data-science\dataset\clean\Mi\Mi_0171.wav
Mi_0172.wav,Mi,1.0,16000,0.064498,0.332275,D:\STUPEN\Heartz\data-science\dataset\clean\Mi\Mi_0172.wav
Mi_0173.wav,Mi,1.0,16000,0.064498,0.355103,D:\STUPEN\Heartz\data-science\dataset\clean\Mi\Mi_0173.wav
Mi_0174.wav,Mi,1.0,16000,0.074007,0.496368,D:\STUPEN\Heartz\data-science\dataset\clean\Mi\Mi_0174.wav
Mi_0175.wav,Mi,1.0,16000,0.099599,0.60553,D:\STUPEN\Heartz\data-science\dataset\clean\Mi\Mi_0175.wav
Mi_0176.wav,Mi,1.0,16000,0.061968,0.37558,D:\STUPEN\Heartz\data-science\dataset\clean\Mi\Mi_0176.wav
Mi_0177.wav,Mi,1.0,16000,0.061968,0.325623,D:\STUPEN\Heartz\data-science\dataset\clean\Mi\Mi_0177.wav
Mi_0178.wav,Mi,1.0,16000,0.064498,0.389221,D:\STUPEN\Heartz\data-science\dataset\clean\Mi\Mi_0178.wav
Mi_0179.wav,Mi,1.0,16000,0.061968,0.325287,D:\STUPEN\Heartz\data-science\dataset\clean\Mi\Mi_0179.wav
Mi_0180.wav,Mi,1.0,16000,0.066933,0.359375,D:\STUPEN\Heartz\data-science\dataset\clean\Mi\Mi_0180.wav
Mi_0181.wav,Mi,1.0,16000,0.064498,0.331635,D:\STUPEN\Heartz\data-science\dataset\clean\Mi\Mi_0181.wav
Mi_0182.wav,Mi,1.0,16000,0.066933,0.381683,D:\STUPEN\Heartz\data-science\dataset\clean\Mi\Mi_0182.wav
Mi_0183.wav,Mi,1.0,16000,0.066933,0.338165,D:\STUPEN\Heartz\data-science\dataset\clean\Mi\Mi_0183.wav
Mi_0184.wav,Mi,1.0,16000,0.066933,0.337585,D:\STUPEN\Heartz\data-science\dataset\clean\Mi\Mi_0184.wav
Mi_0185.wav,Mi,1.0,16000,0.066933,0.319397,D:\STUPEN\Heartz\data-science\dataset\clean\Mi\Mi_0185.wav
Mi_0186.wav,Mi,1.0,16000,0.066933,0.314117,D:\STUPEN\Heartz\data-science\dataset\clean\Mi\Mi_0186.wav
Mi_0187.wav,Mi,1.0,16000,0.066933,0.351257,D:\STUPEN\Heartz\data-science\dataset\clean\Mi\Mi_0187.wav
Mi_0188.wav,Mi,1.0,16000,0.069282,0.307983,D:\STUPEN\Heartz\data-science\dataset\clean\Mi\Mi_0188.wav
Mi_0189.wav,Mi,1.0,16000,0.069282,0.349396,D:\STUPEN\Heartz\data-science\dataset\clean\Mi\Mi_0189.wav
Mi_0190.wav,Mi,1.0,16000,0.066933,0.353088,D:\STUPEN\Heartz\data-science\dataset\clean\Mi\Mi_0190.wav
Mi_0191.wav,Mi,1.0,16000,0.066933,0.326965,D:\STUPEN\Heartz\data-science\dataset\clean\Mi\Mi_0191.wav
Mi_0192.wav,Mi,1.0,16000,0.066933,0.320129,D:\STUPEN\Heartz\data-science\dataset\clean\Mi\Mi_0192.wav
Mi_0193.wav,Mi,1.0,16000,0.066933,0.328735,D:\STUPEN\Heartz\data-science\dataset\clean\Mi\Mi_0193.wav
Mi_0194.wav,Mi,1.0,16000,0.066933,0.346344,D:\STUPEN\Heartz\data-science\dataset\clean\Mi\Mi_0194.wav
Mi_0195.wav,Mi,1.0,16000,0.066933,0.317719,D:\STUPEN\Heartz\data-science\dataset\clean\Mi\Mi_0195.wav
Mi_0196.wav,Mi,1.0,16000,0.071554,0.317078,D:\STUPEN\Heartz\data-science\dataset\clean\Mi\Mi_0196.wav
Mi_0197.wav,Mi,1.0,16000,0.064498,0.273438,D:\STUPEN\Heartz\data-science\dataset\clean\Mi\Mi_0197.wav
Mi_0198.wav,Mi,1.0,16000,0.066933,0.323334,D:\STUPEN\Heartz\data-science\dataset\clean\Mi\Mi_0198.wav
Mi_0199.wav,Mi,1.0,16000,0.069282,0.342682,D:\STUPEN\Heartz\data-science\dataset\clean\Mi\Mi_0199.wav
Mi_0200.wav,Mi,1.0,16000,0.066933,0.366394,D:\STUPEN\Heartz\data-science\dataset\clean\Mi\Mi_0200.wav
Mi_0201.wav,Mi,1.0,16000,0.069282,0.351593,D:\STUPEN\Heartz\data-science\dataset\clean\Mi\Mi_0201.wav
Mi_0202.wav,Mi,1.0,16000,0.064498,0.357941,D:\STUPEN\Heartz\data-science\dataset\clean\Mi\Mi_0202.wav
Mi_0203.wav,Mi,1.0,16000,0.066933,0.338501,D:\STUPEN\Heartz\data-science\dataset\clean\Mi\Mi_0203.wav
Mi_0204.wav,Mi,1.0,16000,0.096333,0.586639,D:\STUPEN\Heartz\data-science\dataset\clean\Mi\Mi_0204.wav
Mi_0205.wav,Mi,1.0,16000,0.069282,0.367523,D:\STUPEN\Heartz\data-science\dataset\clean\Mi\Mi_0205.wav
Mi_0206.wav,Mi,1.0,16000,0.069282,0.361115,D:\STUPEN\Heartz\data-science\dataset\clean\Mi\Mi_0206.wav
Mi_0207.wav,Mi,1.0,16000,0.109308,0.552734,D:\STUPEN\Heartz\data-science\dataset\clean\Mi\Mi_0207.wav
Mi_0208.wav,Mi,1.0,16000,0.096333,0.503143,D:\STUPEN\Heartz\data-science\dataset\clean\Mi\Mi_0208.wav
Mi_0209.wav,Mi,1.0,16000,0.069282,0.336853,D:\STUPEN\Heartz\data-science\dataset\clean\Mi\Mi_0209.wav
Mi_0210.wav,Mi,1.0,16000,0.066933,0.379211,D:\STUPEN\Heartz\data-science\dataset\clean\Mi\Mi_0210.wav
Mi_0211.wav,Mi,1.0,16000,0.066933,0.338837,D:\STUPEN\Heartz\data-science\dataset\clean\Mi\Mi_0211.wav
Mi_0212.wav,Mi,1.0,16000,0.066933,0.335083,D:\STUPEN\Heartz\data-science\dataset\clean\Mi\Mi_0212.wav
Mi_0213.wav,Mi,1.0,16000,0.069282,0.383179,D:\STUPEN\Heartz\data-science\dataset\clean\Mi\Mi_0213.wav
Mi_0214.wav,Mi,1.0,16000,0.066933,0.343811,D:\STUPEN\Heartz\data-science\dataset\clean\Mi\Mi_0214.wav
Mi_0215.wav,Mi,1.0,16000,0.066933,0.359802,D:\STUPEN\Heartz\data-science\dataset\clean\Mi\Mi_0215.wav
Mi_0216.wav,Mi,1.0,16000,0.073756,0.374969,D:\STUPEN\Heartz\data-science\dataset\clean\Mi\Mi_0216.wav
Mi_0217.wav,Mi,1.0,16000,0.085791,0.449768,D:\STUPEN\Heartz\data-science\dataset\clean\Mi\Mi_0217.wav
Mi_0218.wav,Mi,1.0,16000,0.069282,0.326538,D:\STUPEN\Heartz\data-science\dataset\clean\Mi\Mi_0218.wav
Mi_0219.wav,Mi,1.0,16000,0.069282,0.470612,D:\STUPEN\Heartz\data-science\dataset\clean\Mi\Mi_0219.wav
Mi_0220.wav,Mi,1.0,16000,0.071554,0.387848,D:\STUPEN\Heartz\data-science\dataset\clean\Mi\Mi_0220.wav
Mi_0221.wav,Mi,1.0,16000,0.071554,0.413513,D:\STUPEN\Heartz\data-science\dataset\clean\Mi\Mi_0221.wav
Mi_0222.wav,Mi,1.0,16000,0.069282,0.411987,D:\STUPEN\Heartz\data-science\dataset\clean\Mi\Mi_0222.wav
Mi_0223.wav,Mi,1.0,16000,0.069282,0.350372,D:\STUPEN\Heartz\data-science\dataset\clean\Mi\Mi_0223.wav
Mi_0224.wav,Mi,1.0,16000,0.066933,0.330139,D:\STUPEN\Heartz\data-science\dataset\clean\Mi\Mi_0224.wav
Mi_0225.wav,Mi,1.0,16000,0.031566,0.34317,D:\STUPEN\Heartz\data-science\dataset\clean\Mi\Mi_0225.wav
Mi_0226.wav,Mi,1.0,16000,0.071554,0.361664,D:\STUPEN\Heartz\data-science\dataset\clean\Mi\Mi_0226.wav
Mi_0227.wav,Mi,1.0,16000,0.108661,0.539368,D:\STUPEN\Heartz\data-science\dataset\clean\Mi\Mi_0227.wav
Mi_0228.wav,Mi,1.0,16000,0.069282,0.332794,D:\STUPEN\Heartz\data-science\dataset\clean\Mi\Mi_0228.wav
Mi_0229.wav,Mi,1.0,16000,0.066933,0.364838,D:\STUPEN\Heartz\data-science\dataset\clean\Mi\Mi_0229.wav
Mi_0230.wav,Mi,1.0,16000,0.066933,0.349792,D:\STUPEN\Heartz\data-science\dataset\clean\Mi\Mi_0230.wav
Mi_0231.wav,Mi,1.0,16000,0.069282,0.388824,D:\STUPEN\Heartz\data-science\dataset\clean\Mi\Mi_0231.wav
Mi_0232.wav,Mi,1.0,16000,0.064498,0.333282,D:\STUPEN\Heartz\data-science\dataset\clean\Mi\Mi_0232.wav
Mi_0233.wav,Mi,1.0,16000,0.066933,0.326263,D:\STUPEN\Heartz\data-science\dataset\clean\Mi\Mi_0233.wav
Mi_0234.wav,Mi,1.0,16000,0.085791,0.404083,D:\STUPEN\Heartz\data-science\dataset\clean\Mi\Mi_0234.wav
Mi_0235.wav,Mi,1.0,16000,0.064498,0.409882,D:\STUPEN\Heartz\data-science\dataset\clean\Mi\Mi_0235.wav
Mi_0236.wav,Mi,1.0,16000,0.108667,0.568359,D:\STUPEN\Heartz\data-science\dataset\clean\Mi\Mi_0236.wav
Mi_0237.wav,Mi,1.0,16000,0.066933,0.340363,D:\STUPEN\Heartz\data-science\dataset\clean\Mi\Mi_0237.wav
Mi_0238.wav,Mi,1.0,16000,0.061968,0.332336,D:\STUPEN\Heartz\data-science\dataset\clean\Mi\Mi_0238.wav
Mi_0239.wav,Mi,1.0,16000,0.066933,0.337921,D:\STUPEN\Heartz\data-science\dataset\clean\Mi\Mi_0239.wav
Mi_0240.wav,Mi,1.0,16000,0.066933,0.339081,D:\STUPEN\Heartz\data-science\dataset\clean\Mi\Mi_0240.wav
Mi_0241.wav,Mi,1.0,16000,0.066933,0.343079,D:\STUPEN\Heartz\data-science\dataset\clean\Mi\Mi_0241.wav
Mi_0242.wav,Mi,1.0,16000,0.069282,0.33667,D:\STUPEN\Heartz\data-science\dataset\clean\Mi\Mi_0242.wav
Mi_0243.wav,Mi,1.0,16000,0.066933,0.393311,D:\STUPEN\Heartz\data-science\dataset\clean\Mi\Mi_0243.wav
Mi_0244.wav,Mi,1.0,16000,0.064498,0.374817,D:\STUPEN\Heartz\data-science\dataset\clean\Mi\Mi_0244.wav
Mi_0245.wav,Mi,1.0,16000,0.069282,0.376526,D:\STUPEN\Heartz\data-science\dataset\clean\Mi\Mi_0245.wav
Mi_0246.wav,Mi,1.0,16000,0.064498,0.356842,D:\STUPEN\Heartz\data-science\dataset\clean\Mi\Mi_0246.wav
Mi_0247.wav,Mi,1.0,16000,0.066933,0.348724,D:\STUPEN\Heartz\data-science\dataset\clean\Mi\Mi_0247.wav
Mi_0248.wav,Mi,1.0,16000,0.071554,0.400879,D:\STUPEN\Heartz\data-science\dataset\clean\Mi\Mi_0248.wav
Mi_0249.wav,Mi,1.0,16000,0.069282,0.401337,D:\STUPEN\Heartz\data-science\dataset\clean\Mi\Mi_0249.wav
Mi_0250.wav,Mi,1.0,16000,0.071554,0.364807,D:\STUPEN\Heartz\data-science\dataset\clean\Mi\Mi_0250.wav
Mi_0251.wav,Mi,1.0,16000,0.096333,0.41098,D:\STUPEN\Heartz\data-science\dataset\clean\Mi\Mi_0251.wav
Mi_0252.wav,Mi,1.0,16000,0.069282,0.386597,D:\STUPEN\Heartz\data-science\dataset\clean\Mi\Mi_0252.wav
Mi_0253.wav,Mi,1.0,16000,0.066933,0.336975,D:\STUPEN\Heartz\data-science\dataset\clean\Mi\Mi_0253.wav
Mi_0254.wav,Mi,1.0,16000,0.069282,0.291107,D:\STUPEN\Heartz\data-science\dataset\clean\Mi\Mi_0254.wav
Mi_0255.wav,Mi,1.0,16000,0.069282,0.331604,D:\STUPEN\Heartz\data-science\dataset\clean\Mi\Mi_0255.wav
Mi_0256.wav,Mi,1.0,16000,0.066933,0.343872,D:\STUPEN\Heartz\data-science\dataset\clean\Mi\Mi_0256.wav
Mi_0257.wav,Mi,1.0,16000,0.069282,0.345673,D:\STUPEN\Heartz\data-science\dataset\clean\Mi\Mi_0257.wav
Mi_0258.wav,Mi,1.0,16000,0.066933,0.30365,D:\STUPEN\Heartz\data-science\dataset\clean\Mi\Mi_0258.wav
Mi_0259.wav,Mi,1.0,16000,0.066933,0.340851,D:\STUPEN\Heartz\data-science\dataset\clean\Mi\Mi_0259.wav
Mi_0260.wav,Mi,1.0,16000,0.069282,0.373962,D:\STUPEN\Heartz\data-science\dataset\clean\Mi\Mi_0260.wav
Mi_0261.wav,Mi,1.0,16000,0.069282,0.287659,D:\STUPEN\Heartz\data-science\dataset\clean\Mi\Mi_0261.wav
Mi_0262.wav,Mi,1.0,16000,0.073756,0.337646,D:\STUPEN\Heartz\data-science\dataset\clean\Mi\Mi_0262.wav
Mi_0263.wav,Mi,1.0,16000,0.069282,0.315643,D:\STUPEN\Heartz\data-science\dataset\clean\Mi\Mi_0263.wav
Mi_0264.wav,Mi,1.0,16000,0.069282,0.333771,D:\STUPEN\Heartz\data-science\dataset\clean\Mi\Mi_0264.wav
Mi_0265.wav,Mi,1.0,16000,0.069282,0.337555,D:\STUPEN\Heartz\data-science\dataset\clean\Mi\Mi_0265.wav
Mi_0266.wav,Mi,1.0,16000,0.071554,0.321136,D:\STUPEN\Heartz\data-science\dataset\clean\Mi\Mi_0266.wav
Mi_0267.wav,Mi,1.0,16000,0.103724,0.457397,D:\STUPEN\Heartz\data-science\dataset\clean\Mi\Mi_0267.wav
Mi_0268.wav,Mi,1.0,16000,0.08,0.394104,D:\STUPEN\Heartz\data-science\dataset\clean\Mi\Mi_0268.wav
Mi_0269.wav,Mi,1.0,16000,0.073756,0.358398,D:\STUPEN\Heartz\data-science\dataset\clean\Mi\Mi_0269.wav
Mi_0270.wav,Mi,1.0,16000,0.138237,0.691864,D:\STUPEN\Heartz\data-science\dataset\clean\Mi\Mi_0270.wav
Mi_0271.wav,Mi,1.0,16000,0.08579,0.371674,D:\STUPEN\Heartz\data-science\dataset\clean\Mi\Mi_0271.wav
Mi_0272.wav,Mi,1.0,16000,0.066933,0.283234,D:\STUPEN\Heartz\data-science\dataset\clean\Mi\Mi_0272.wav
Mi_0273.wav,Mi,1.0,16000,0.069282,0.314606,D:\STUPEN\Heartz\data-science\dataset\clean\Mi\Mi_0273.wav
Mi_0274.wav,Mi,1.0,16000,0.069282,0.313019,D:\STUPEN\Heartz\data-science\dataset\clean\Mi\Mi_0274.wav
Mi_0275.wav,Mi,1.0,16000,0.069282,0.300293,D:\STUPEN\Heartz\data-science\dataset\clean\Mi\Mi_0275.wav
Mi_0276.wav,Mi,1.0,16000,0.071554,0.297241,D:\STUPEN\Heartz\data-science\dataset\clean\Mi\Mi_0276.wav
Mi_0277.wav,Mi,1.0,16000,0.066933,0.336456,D:\STUPEN\Heartz\data-science\dataset\clean\Mi\Mi_0277.wav
Mi_0278.wav,Mi,1.0,16000,0.108683,0.51236,D:\STUPEN\Heartz\data-science\dataset\clean\Mi\Mi_0278.wav
Mi_0279.wav,Mi,1.0,16000,0.069282,0.268616,D:\STUPEN\Heartz\data-science\dataset\clean\Mi\Mi_0279.wav
Mi_0280.wav,Mi,1.0,16000,0.069282,0.306488,D:\STUPEN\Heartz\data-science\dataset\clean\Mi\Mi_0280.wav
Mi_0281.wav,Mi,1.0,16000,0.071554,0.287567,D:\STUPEN\Heartz\data-science\dataset\clean\Mi\Mi_0281.wav
Mi_0282.wav,Mi,1.0,16000,0.071554,0.347137,D:\STUPEN\Heartz\data-science\dataset\clean\Mi\Mi_0282.wav
Mi_0283.wav,Mi,1.0,16000,0.071554,0.338318,D:\STUPEN\Heartz\data-science\dataset\clean\Mi\Mi_0283.wav
Mi_0284.wav,Mi,1.0,16000,0.069282,0.313141,D:\STUPEN\Heartz\data-science\dataset\clean\Mi\Mi_0284.wav
Mi_0285.wav,Mi,1.0,16000,0.069282,0.295197,D:\STUPEN\Heartz\data-science\dataset\clean\Mi\Mi_0285.wav
Mi_0286.wav,Mi,1.0,16000,0.069282,0.34021,D:\STUPEN\Heartz\data-science\dataset\clean\Mi\Mi_0286.wav
Mi_0287.wav,Mi,1.0,16000,0.069282,0.327393,D:\STUPEN\Heartz\data-science\dataset\clean\Mi\Mi_0287.wav
Mi_0288.wav,Mi,1.0,16000,0.069282,0.32019,D:\STUPEN\Heartz\data-science\dataset\clean\Mi\Mi_0288.wav
Mi_0289.wav,Mi,1.0,16000,0.069282,0.35437,D:\STUPEN\Heartz\data-science\dataset\clean\Mi\Mi_0289.wav
Mi_0290.wav,Mi,1.0,16000,0.069282,0.30603,D:\STUPEN\Heartz\data-science\dataset\clean\Mi\Mi_0290.wav
Mi_0291.wav,Mi,1.0,16000,0.069282,0.303925,D:\STUPEN\Heartz\data-science\dataset\clean\Mi\Mi_0291.wav
Mi_0292.wav,Mi,1.0,16000,0.071554,0.304413,D:\STUPEN\Heartz\data-science\dataset\clean\Mi\Mi_0292.wav
Mi_0293.wav,Mi,1.0,16000,0.071554,0.31073,D:\STUPEN\Heartz\data-science\dataset\clean\Mi\Mi_0293.wav
Mi_0294.wav,Mi,1.0,16000,0.069282,0.342987,D:\STUPEN\Heartz\data-science\dataset\clean\Mi\Mi_0294.wav
Mi_0295.wav,Mi,1.0,16000,0.066933,0.315094,D:\STUPEN\Heartz\data-science\dataset\clean\Mi\Mi_0295.wav
Mi_0296.wav,Mi,1.0,16000,0.094819,0.49826,D:\STUPEN\Heartz\data-science\dataset\clean\Mi\Mi_0296.wav
Mi_0297.wav,Mi,1.0,16000,0.088544,0.408661,D:\STUPEN\Heartz\data-science\dataset\clean\Mi\Mi_0297.wav
Mi_0298.wav,Mi,1.0,16000,0.107299,0.576416,D:\STUPEN\Heartz\data-science\dataset\clean\Mi\Mi_0298.wav
Mi_0299.wav,Mi,1.0,16000,0.066933,0.334381,D:\STUPEN\Heartz\data-science\dataset\clean\Mi\Mi_0299.wav
Mi_0300.wav,Mi,1.0,16000,0.064498,0.377075,D:\STUPEN\Heartz\data-science\dataset\clean\Mi\Mi_0300.wav
Mi_0301.wav,Mi,1.0,16000,0.069282,0.373352,D:\STUPEN\Heartz\data-science\dataset\clean\Mi\Mi_0301.wav
Mi_0302.wav,Mi,1.0,16000,0.069282,0.367035,D:\STUPEN\Heartz\data-science\dataset\clean\Mi\Mi_0302.wav
Mi_0303.wav,Mi,1.0,16000,0.077974,0.368225,D:\STUPEN\Heartz\data-science\dataset\clean\Mi\Mi_0303.wav
Mi_0304.wav,Mi,1.0,16000,0.066933,0.335388,D:\STUPEN\Heartz\data-science\dataset\clean\Mi\Mi_0304.wav
Mi_0305.wav,Mi,1.0,16000,0.071554,0.396759,D:\STUPEN\Heartz\data-science\dataset\clean\Mi\Mi_0305.wav
Mi_0306.wav,Mi,1.0,16000,0.069282,0.336029,D:\STUPEN\Heartz\data-science\dataset\clean\Mi\Mi_0306.wav
Mi_0307.wav,Mi,1.0,16000,0.102745,0.534668,D:\STUPEN\Heartz\data-science\dataset\clean\Mi\Mi_0307.wav
Mi_0308.wav,Mi,1.0,16000,0.077974,0.315216,D:\STUPEN\Heartz\data-science\dataset\clean\Mi\Mi_0308.wav
Mi_0309.wav,Mi,1.0,16000,0.075895,0.37558,D:\STUPEN\Heartz\data-science\dataset\clean\Mi\Mi_0309.wav
Mi_0310.wav,Mi,1.0,16000,0.108559,0.594574,D:\STUPEN\Heartz\data-science\dataset\clean\Mi\Mi_0310.wav
Mi_0311.wav,Mi,1.0,16000,0.066933,0.353058,D:\STUPEN\Heartz\data-science\dataset\clean\Mi\Mi_0311.wav
Mi_0312.wav,Mi,1.0,16000,0.096333,0.441589,D:\STUPEN\Heartz\data-science\dataset\clean\Mi\Mi_0312.wav
Mi_0313.wav,Mi,1.0,16000,0.031911,0.122375,D:\STUPEN\Heartz\data-science\dataset\clean\Mi\Mi_0313.wav
Mi_0314.wav,Mi,1.0,16000,0.080994,0.445587,D:\STUPEN\Heartz\data-science\dataset\clean\Mi\Mi_0314.wav
Mi_0315.wav,Mi,1.0,16000,0.064498,0.373505,D:\STUPEN\Heartz\data-science\dataset\clean\Mi\Mi_0315.wav
Mi_0316.wav,Mi,1.0,16000,0.064498,0.326355,D:\STUPEN\Heartz\data-science\dataset\clean\Mi\Mi_0316.wav
Mi_0317.wav,Mi,1.0,16000,0.08,0.394653,D:\STUPEN\Heartz\data-science\dataset\clean\Mi\Mi_0317.wav
Mi_0318.wav,Mi,1.0,16000,0.077974,0.365784,D:\STUPEN\Heartz\data-science\dataset\clean\Mi\Mi_0318.wav
Mi_0319.wav,Mi,1.0,16000,0.069282,0.301971,D:\STUPEN\Heartz\data-science\dataset\clean\Mi\Mi_0319.wav
Mi_0320.wav,Mi,1.0,16000,0.066933,0.344849,D:\STUPEN\Heartz\data-science\dataset\clean\Mi\Mi_0320.wav
Mi_0321.wav,Mi,1.0,16000,0.066933,0.356781,D:\STUPEN\Heartz\data-science\dataset\clean\Mi\Mi_0321.wav
Mi_0322.wav,Mi,1.0,16000,0.066933,0.342499,D:\STUPEN\Heartz\data-science\dataset\clean\Mi\Mi_0322.wav
Mi_0323.wav,Mi,1.0,16000,0.064498,0.315948,D:\STUPEN\Heartz\data-science\dataset\clean\Mi\Mi_0323.wav
Mi_0324.wav,Mi,1.0,16000,0.066933,0.338928,D:\STUPEN\Heartz\data-science\dataset\clean\Mi\Mi_0324.wav
Mi_0325.wav,Mi,1.0,16000,0.077974,0.468353,D:\STUPEN\Heartz\data-science\dataset\clean\Mi\Mi_0325.wav
Mi_0326.wav,Mi,1.0,16000,0.064498,0.324585,D:\STUPEN\Heartz\data-science\dataset\clean\Mi\Mi_0326.wav
Mi_0327.wav,Mi,1.0,16000,0.091214,0.44043,D:\STUPEN\Heartz\data-science\dataset\clean\Mi\Mi_0327.wav
Mi_0328.wav,Mi,1.0,16000,0.064498,0.355286,D:\STUPEN\Heartz\data-science\dataset\clean\Mi\Mi_0328.wav
Mi_0329.wav,Mi,1.0,16000,0.066933,0.324371,D:\STUPEN\Heartz\data-science\dataset\clean\Mi\Mi_0329.wav
Mi_0330.wav,Mi,1.0,16000,0.069282,0.33667,D:\STUPEN\Heartz\data-science\dataset\clean\Mi\Mi_0330.wav
Mi_0331.wav,Mi,1.0,16000,0.066933,0.349304,D:\STUPEN\Heartz\data-science\dataset\clean\Mi\Mi_0331.wav
Mi_0332.wav,Mi,1.0,16000,0.069282,0.362946,D:\STUPEN\Heartz\data-science\dataset\clean\Mi\Mi_0332.wav
Mi_0333.wav,Mi,1.0,16000,0.069282,0.374969,D:\STUPEN\Heartz\data-science\dataset\clean\Mi\Mi_0333.wav
Mi_0334.wav,Mi,1.0,16000,0.066933,0.369904,D:\STUPEN\Heartz\data-science\dataset\clean\Mi\Mi_0334.wav
Mi_0335.wav,Mi,1.0,16000,0.066933,0.367828,D:\STUPEN\Heartz\data-science\dataset\clean\Mi\Mi_0335.wav
Mi_0336.wav,Mi,1.0,16000,0.064498,0.360016,D:\STUPEN\Heartz\data-science\dataset\clean\Mi\Mi_0336.wav
Mi_0337.wav,Mi,1.0,16000,0.066933,0.397003,D:\STUPEN\Heartz\data-science\dataset\clean\Mi\Mi_0337.wav
Mi_0338.wav,Mi,1.0,16000,0.066933,0.35083,D:\STUPEN\Heartz\data-science\dataset\clean\Mi\Mi_0338.wav
Mi_0339.wav,Mi,1.0,16000,0.066933,0.361023,D:\STUPEN\Heartz\data-science\dataset\clean\Mi\Mi_0339.wav
Mi_0340.wav,Mi,1.0,16000,0.066933,0.357605,D:\STUPEN\Heartz\data-science\dataset\clean\Mi\Mi_0340.wav
Mi_0341.wav,Mi,1.0,16000,0.069282,0.290558,D:\STUPEN\Heartz\data-science\dataset\clean\Mi\Mi_0341.wav
Mi_0342.wav,Mi,1.0,16000,0.073756,0.371857,D:\STUPEN\Heartz\data-science\dataset\clean\Mi\Mi_0342.wav
Mi_0343.wav,Mi,1.0,16000,0.083438,0.462372,D:\STUPEN\Heartz\data-science\dataset\clean\Mi\Mi_0343.wav
Mi_0344.wav,Mi,1.0,16000,0.071554,0.322021,D:\STUPEN\Heartz\data-science\dataset\clean\Mi\Mi_0344.wav
Mi_0345.wav,Mi,1.0,16000,0.01836,0.241577,D:\STUPEN\Heartz\data-science\dataset\clean\Mi\Mi_0345.wav
Mi_0346.wav,Mi,1.0,16000,0.064498,0.308411,D:\STUPEN\Heartz\data-science\dataset\clean\Mi\Mi_0346.wav
Mi_0347.wav,Mi,1.0,16000,0.064498,0.357422,D:\STUPEN\Heartz\data-science\dataset\clean\Mi\Mi_0347.wav
Mi_0348.wav,Mi,1.0,16000,0.061968,0.35556,D:\STUPEN\Heartz\data-science\dataset\clean\Mi\Mi_0348.wav
Mi_0349.wav,Mi,1.0,16000,0.061968,0.305328,D:\STUPEN\Heartz\data-science\dataset\clean\Mi\Mi_0349.wav
Mi_0350.wav,Mi,1.0,16000,0.064498,0.360931,D:\STUPEN\Heartz\data-science\dataset\clean\Mi\Mi_0350.wav
Mi_0351.wav,Mi,1.0,16000,0.061968,0.332886,D:\STUPEN\Heartz\data-science\dataset\clean\Mi\Mi_0351.wav
Mi_0352.wav,Mi,1.0,16000,0.1058,0.543243,D:\STUPEN\Heartz\data-science\dataset\clean\Mi\Mi_0352.wav
Mi_0353.wav,Mi,1.0,16000,0.11406,0.614899,D:\STUPEN\Heartz\data-science\dataset\clean\Mi\Mi_0353.wav
Mi_0354.wav,Mi,1.0,16000,0.077974,0.414551,D:\STUPEN\Heartz\data-science\dataset\clean\Mi\Mi_0354.wav
Mi_0355.wav,Mi,1.0,16000,0.064498,0.340942,D:\STUPEN\Heartz\data-science\dataset\clean\Mi\Mi_0355.wav
Mi_0356.wav,Mi,1.0,16000,0.061968,0.330505,D:\STUPEN\Heartz\data-science\dataset\clean\Mi\Mi_0356.wav
Mi_0357.wav,Mi,1.0,16000,0.061968,0.295074,D:\STUPEN\Heartz\data-science\dataset\clean\Mi\Mi_0357.wav
Mi_0358.wav,Mi,1.0,16000,0.064498,0.343964,D:\STUPEN\Heartz\data-science\dataset\clean\Mi\Mi_0358.wav
Mi_0359.wav,Mi,1.0,16000,0.069282,0.367493,D:\STUPEN\Heartz\data-science\dataset\clean\Mi\Mi_0359.wav
Mi_0360.wav,Mi,1.0,16000,0.066933,0.327789,D:\STUPEN\Heartz\data-science\dataset\clean\Mi\Mi_0360.wav
Mi_0361.wav,Mi,1.0,16000,0.069282,0.363251,D:\STUPEN\Heartz\data-science\dataset\clean\Mi\Mi_0361.wav
Mi_0362.wav,Mi,1.0,16000,0.064498,0.350403,D:\STUPEN\Heartz\data-science\dataset\clean\Mi\Mi_0362.wav
Mi_0363.wav,Mi,1.0,16000,0.071554,0.342529,D:\STUPEN\Heartz\data-science\dataset\clean\Mi\Mi_0363.wav
Mi_0364.wav,Mi,1.0,16000,0.105043,0.483978,D:\STUPEN\Heartz\data-science\dataset\clean\Mi\Mi_0364.wav
Mi_0365.wav,Mi,1.0,16000,0.104686,0.363068,D:\STUPEN\Heartz\data-science\dataset\clean\Mi\Mi_0365.wav
Mi_0366.wav,Mi,1.0,16000,0.073756,0.394897,D:\STUPEN\Heartz\data-science\dataset\clean\Mi\Mi_0366.wav
Mi_0367.wav,Mi,1.0,16000,0.064498,0.362427,D:\STUPEN\Heartz\data-science\dataset\clean\Mi\Mi_0367.wav
Mi_0368.wav,Mi,1.0,16000,0.064498,0.360443,D:\STUPEN\Heartz\data-science\dataset\clean\Mi\Mi_0368.wav
Mi_0369.wav,Mi,1.0,16000,0.069282,0.361938,D:\STUPEN\Heartz\data-science\dataset\clean\Mi\Mi_0369.wav
Mi_0370.wav,Mi,1.0,16000,0.066933,0.348999,D:\STUPEN\Heartz\data-science\dataset\clean\Mi\Mi_0370.wav
Mi_0371.wav,Mi,1.0,16000,0.064498,0.388489,D:\STUPEN\Heartz\data-science\dataset\clean\Mi\Mi_0371.wav
Mi_0372.wav,Mi,1.0,16000,0.064498,0.331696,D:\STUPEN\Heartz\data-science\dataset\clean\Mi\Mi_0372.wav
Mi_0373.wav,Mi,1.0,16000,0.064498,0.332275,D:\STUPEN\Heartz\data-science\dataset\clean\Mi\Mi_0373.wav
Mi_0374.wav,Mi,1.0,16000,0.064498,0.355103,D:\STUPEN\Heartz\data-science\dataset\clean\Mi\Mi_0374.wav
Mi_0375.wav,Mi,1.0,16000,0.074007,0.496368,D:\STUPEN\Heartz\data-science\dataset\clean\Mi\Mi_0375.wav
Mi_0376.wav,Mi,1.0,16000,0.099599,0.60553,D:\STUPEN\Heartz\data-science\dataset\clean\Mi\Mi_0376.wav
Mi_0377.wav,Mi,1.0,16000,0.061968,0.37558,D:\STUPEN\Heartz\data-science\dataset\clean\Mi\Mi_0377.wav
Mi_0378.wav,Mi,1.0,16000,0.061968,0.325623,D:\STUPEN\Heartz\data-science\dataset\clean\Mi\Mi_0378.wav
Mi_0379.wav,Mi,1.0,16000,0.064498,0.389221,D:\STUPEN\Heartz\data-science\dataset\clean\Mi\Mi_0379.wav
Mi_0380.wav,Mi,1.0,16000,0.061968,0.325287,D:\STUPEN\Heartz\data-science\dataset\clean\Mi\Mi_0380.wav
Mi_0381.wav,Mi,1.0,16000,0.066933,0.359375,D:\STUPEN\Heartz\data-science\dataset\clean\Mi\Mi_0381.wav
Mi_0382.wav,Mi,1.0,16000,0.064498,0.331635,D:\STUPEN\Heartz\data-science\dataset\clean\Mi\Mi_0382.wav
Mi_0383.wav,Mi,1.0,16000,0.066933,0.381683,D:\STUPEN\Heartz\data-science\dataset\clean\Mi\Mi_0383.wav
Mi_0384.wav,Mi,1.0,16000,0.066933,0.338165,D:\STUPEN\Heartz\data-science\dataset\clean\Mi\Mi_0384.wav
Mi_0385.wav,Mi,1.0,16000,0.066933,0.337585,D:\STUPEN\Heartz\data-science\dataset\clean\Mi\Mi_0385.wav
Mi_0386.wav,Mi,1.0,16000,0.066933,0.319397,D:\STUPEN\Heartz\data-science\dataset\clean\Mi\Mi_0386.wav
Mi_0387.wav,Mi,1.0,16000,0.066933,0.314117,D:\STUPEN\Heartz\data-science\dataset\clean\Mi\Mi_0387.wav
Mi_0388.wav,Mi,1.0,16000,0.066933,0.351257,D:\STUPEN\Heartz\data-science\dataset\clean\Mi\Mi_0388.wav
Mi_0389.wav,Mi,1.0,16000,0.069282,0.307983,D:\STUPEN\Heartz\data-science\dataset\clean\Mi\Mi_0389.wav
Mi_0390.wav,Mi,1.0,16000,0.069282,0.349396,D:\STUPEN\Heartz\data-science\dataset\clean\Mi\Mi_0390.wav
Mi_0391.wav,Mi,1.0,16000,0.066933,0.353088,D:\STUPEN\Heartz\data-science\dataset\clean\Mi\Mi_0391.wav
Mi_0392.wav,Mi,1.0,16000,0.066933,0.326965,D:\STUPEN\Heartz\data-science\dataset\clean\Mi\Mi_0392.wav
Mi_0393.wav,Mi,1.0,16000,0.066933,0.320129,D:\STUPEN\Heartz\data-science\dataset\clean\Mi\Mi_0393.wav
Mi_0394.wav,Mi,1.0,16000,0.066933,0.328735,D:\STUPEN\Heartz\data-science\dataset\clean\Mi\Mi_0394.wav
Mi_0395.wav,Mi,1.0,16000,0.066933,0.346344,D:\STUPEN\Heartz\data-science\dataset\clean\Mi\Mi_0395.wav
Mi_0396.wav,Mi,1.0,16000,0.066933,0.317719,D:\STUPEN\Heartz\data-science\dataset\clean\Mi\Mi_0396.wav
Mi_0397.wav,Mi,1.0,16000,0.071554,0.317078,D:\STUPEN\Heartz\data-science\dataset\clean\Mi\Mi_0397.wav
Mi_0398.wav,Mi,1.0,16000,0.064498,0.273438,D:\STUPEN\Heartz\data-science\dataset\clean\Mi\Mi_0398.wav
Mi_0399.wav,Mi,1.0,16000,0.066933,0.323334,D:\STUPEN\Heartz\data-science\dataset\clean\Mi\Mi_0399.wav
Mi_0400.wav,Mi,1.0,16000,0.069282,0.342682,D:\STUPEN\Heartz\data-science\dataset\clean\Mi\Mi_0400.wav
Mi_0401.wav,Mi,1.0,16000,0.066933,0.366394,D:\STUPEN\Heartz\data-science\dataset\clean\Mi\Mi_0401.wav
Mi_0402.wav,Mi,1.0,16000,0.069282,0.351593,D:\STUPEN\Heartz\data-science\dataset\clean\Mi\Mi_0402.wav
Mi_0403.wav,Mi,1.0,16000,0.064498,0.357941,D:\STUPEN\Heartz\data-science\dataset\clean\Mi\Mi_0403.wav
Mi_0404.wav,Mi,1.0,16000,0.066933,0.338501,D:\STUPEN\Heartz\data-science\dataset\clean\Mi\Mi_0404.wav
Mi_0405.wav,Mi,1.0,16000,0.096333,0.586639,D:\STUPEN\Heartz\data-science\dataset\clean\Mi\Mi_0405.wav
Mi_0406.wav,Mi,1.0,16000,0.069282,0.367523,D:\STUPEN\Heartz\data-science\dataset\clean\Mi\Mi_0406.wav
Mi_0407.wav,Mi,1.0,16000,0.069282,0.361115,D:\STUPEN\Heartz\data-science\dataset\clean\Mi\Mi_0407.wav
Mi_0408.wav,Mi,1.0,16000,0.109308,0.552734,D:\STUPEN\Heartz\data-science\dataset\clean\Mi\Mi_0408.wav
Mi_0409.wav,Mi,1.0,16000,0.096333,0.503143,D:\STUPEN\Heartz\data-science\dataset\clean\Mi\Mi_0409.wav
Mi_0410.wav,Mi,1.0,16000,0.069282,0.336853,D:\STUPEN\Heartz\data-science\dataset\clean\Mi\Mi_0410.wav
Mi_0411.wav,Mi,1.0,16000,0.066933,0.379211,D:\STUPEN\Heartz\data-science\dataset\clean\Mi\Mi_0411.wav
Mi_0412.wav,Mi,1.0,16000,0.066933,0.338837,D:\STUPEN\Heartz\data-science\dataset\clean\Mi\Mi_0412.wav
Mi_0413.wav,Mi,1.0,16000,0.066933,0.335083,D:\STUPEN\Heartz\data-science\dataset\clean\Mi\Mi_0413.wav
Mi_0414.wav,Mi,1.0,16000,0.069282,0.383179,D:\STUPEN\Heartz\data-science\dataset\clean\Mi\Mi_0414.wav
Mi_0415.wav,Mi,1.0,16000,0.066933,0.343811,D:\STUPEN\Heartz\data-science\dataset\clean\Mi\Mi_0415.wav
Mi_0416.wav,Mi,1.0,16000,0.066933,0.359802,D:\STUPEN\Heartz\data-science\dataset\clean\Mi\Mi_0416.wav
Mi_0417.wav,Mi,1.0,16000,0.073756,0.374969,D:\STUPEN\Heartz\data-science\dataset\clean\Mi\Mi_0417.wav
Mi_0418.wav,Mi,1.0,16000,0.085791,0.449768,D:\STUPEN\Heartz\data-science\dataset\clean\Mi\Mi_0418.wav
Mi_0419.wav,Mi,1.0,16000,0.069282,0.326538,D:\STUPEN\Heartz\data-science\dataset\clean\Mi\Mi_0419.wav
Mi_0420.wav,Mi,1.0,16000,0.069282,0.470612,D:\STUPEN\Heartz\data-science\dataset\clean\Mi\Mi_0420.wav
Mi_0421.wav,Mi,1.0,16000,0.071554,0.387848,D:\STUPEN\Heartz\data-science\dataset\clean\Mi\Mi_0421.wav
Mi_0422.wav,Mi,1.0,16000,0.071554,0.413513,D:\STUPEN\Heartz\data-science\dataset\clean\Mi\Mi_0422.wav
Mi_0423.wav,Mi,1.0,16000,0.069282,0.411987,D:\STUPEN\Heartz\data-science\dataset\clean\Mi\Mi_0423.wav
Mi_0424.wav,Mi,1.0,16000,0.069282,0.350372,D:\STUPEN\Heartz\data-science\dataset\clean\Mi\Mi_0424.wav
Mi_0425.wav,Mi,1.0,16000,0.066933,0.330139,D:\STUPEN\Heartz\data-science\dataset\clean\Mi\Mi_0425.wav
Mi_0426.wav,Mi,1.0,16000,0.031566,0.34317,D:\STUPEN\Heartz\data-science\dataset\clean\Mi\Mi_0426.wav
Mi_0427.wav,Mi,1.0,16000,0.071554,0.361664,D:\STUPEN\Heartz\data-science\dataset\clean\Mi\Mi_0427.wav
Mi_0428.wav,Mi,1.0,16000,0.108661,0.539368,D:\STUPEN\Heartz\data-science\dataset\clean\Mi\Mi_0428.wav
Mi_0429.wav,Mi,1.0,16000,0.069282,0.332794,D:\STUPEN\Heartz\data-science\dataset\clean\Mi\Mi_0429.wav
Mi_0430.wav,Mi,1.0,16000,0.066933,0.364838,D:\STUPEN\Heartz\data-science\dataset\clean\Mi\Mi_0430.wav
Mi_0431.wav,Mi,1.0,16000,0.066933,0.349792,D:\STUPEN\Heartz\data-science\dataset\clean\Mi\Mi_0431.wav
Mi_0432.wav,Mi,1.0,16000,0.069282,0.388824,D:\STUPEN\Heartz\data-science\dataset\clean\Mi\Mi_0432.wav
Mi_0433.wav,Mi,1.0,16000,0.064498,0.333282,D:\STUPEN\Heartz\data-science\dataset\clean\Mi\Mi_0433.wav
Mi_0434.wav,Mi,1.0,16000,0.066933,0.326263,D:\STUPEN\Heartz\data-science\dataset\clean\Mi\Mi_0434.wav
Mi_0435.wav,Mi,1.0,16000,0.085791,0.404083,D:\STUPEN\Heartz\data-science\dataset\clean\Mi\Mi_0435.wav
Mi_0436.wav,Mi,1.0,16000,0.064498,0.409882,D:\STUPEN\Heartz\data-science\dataset\clean\Mi\Mi_0436.wav
Mi_0437.wav,Mi,1.0,16000,0.108667,0.568359,D:\STUPEN\Heartz\data-science\dataset\clean\Mi\Mi_0437.wav
Mi_0438.wav,Mi,1.0,16000,0.066933,0.340363,D:\STUPEN\Heartz\data-science\dataset\clean\Mi\Mi_0438.wav
Mi_0439.wav,Mi,1.0,16000,0.061968,0.332336,D:\STUPEN\Heartz\data-science\dataset\clean\Mi\Mi_0439.wav
Mi_0440.wav,Mi,1.0,16000,0.066933,0.337921,D:\STUPEN\Heartz\data-science\dataset\clean\Mi\Mi_0440.wav
Mi_0441.wav,Mi,1.0,16000,0.066933,0.339081,D:\STUPEN\Heartz\data-science\dataset\clean\Mi\Mi_0441.wav
Mi_0442.wav,Mi,1.0,16000,0.066933,0.343079,D:\STUPEN\Heartz\data-science\dataset\clean\Mi\Mi_0442.wav
Mi_0443.wav,Mi,1.0,16000,0.069282,0.33667,D:\STUPEN\Heartz\data-science\dataset\clean\Mi\Mi_0443.wav
Mi_0444.wav,Mi,1.0,16000,0.066933,0.393311,D:\STUPEN\Heartz\data-science\dataset\clean\Mi\Mi_0444.wav
Mi_0445.wav,Mi,1.0,16000,0.064498,0.374817,D:\STUPEN\Heartz\data-science\dataset\clean\Mi\Mi_0445.wav
Mi_0446.wav,Mi,1.0,16000,0.069282,0.376526,D:\STUPEN\Heartz\data-science\dataset\clean\Mi\Mi_0446.wav
Mi_0447.wav,Mi,1.0,16000,0.064498,0.356842,D:\STUPEN\Heartz\data-science\dataset\clean\Mi\Mi_0447.wav
Mi_0448.wav,Mi,1.0,16000,0.066933,0.348724,D:\STUPEN\Heartz\data-science\dataset\clean\Mi\Mi_0448.wav
Mi_0449.wav,Mi,1.0,16000,0.071554,0.400879,D:\STUPEN\Heartz\data-science\dataset\clean\Mi\Mi_0449.wav
Mi_0450.wav,Mi,1.0,16000,0.069282,0.401337,D:\STUPEN\Heartz\data-science\dataset\clean\Mi\Mi_0450.wav
Mi_0451.wav,Mi,1.0,16000,0.071554,0.364807,D:\STUPEN\Heartz\data-science\dataset\clean\Mi\Mi_0451.wav
Mi_0452.wav,Mi,1.0,16000,0.096333,0.41098,D:\STUPEN\Heartz\data-science\dataset\clean\Mi\Mi_0452.wav
Mi_0453.wav,Mi,1.0,16000,0.069282,0.386597,D:\STUPEN\Heartz\data-science\dataset\clean\Mi\Mi_0453.wav
Mi_0454.wav,Mi,1.0,16000,0.066933,0.336975,D:\STUPEN\Heartz\data-science\dataset\clean\Mi\Mi_0454.wav
Mi_0455.wav,Mi,1.0,16000,0.069282,0.291107,D:\STUPEN\Heartz\data-science\dataset\clean\Mi\Mi_0455.wav
Mi_0456.wav,Mi,1.0,16000,0.069282,0.331604,D:\STUPEN\Heartz\data-science\dataset\clean\Mi\Mi_0456.wav
Mi_0457.wav,Mi,1.0,16000,0.066933,0.343872,D:\STUPEN\Heartz\data-science\dataset\clean\Mi\Mi_0457.wav
Mi_0458.wav,Mi,1.0,16000,0.069282,0.345673,D:\STUPEN\Heartz\data-science\dataset\clean\Mi\Mi_0458.wav
Mi_0459.wav,Mi,1.0,16000,0.066933,0.30365,D:\STUPEN\Heartz\data-science\dataset\clean\Mi\Mi_0459.wav
Mi_0460.wav,Mi,1.0,16000,0.066933,0.340851,D:\STUPEN\Heartz\data-science\dataset\clean\Mi\Mi_0460.wav
Mi_0461.wav,Mi,1.0,16000,0.069282,0.373962,D:\STUPEN\Heartz\data-science\dataset\clean\Mi\Mi_0461.wav
Mi_0462.wav,Mi,1.0,16000,0.069282,0.287659,D:\STUPEN\Heartz\data-science\dataset\clean\Mi\Mi_0462.wav
Mi_0463.wav,Mi,1.0,16000,0.073756,0.337646,D:\STUPEN\Heartz\data-science\dataset\clean\Mi\Mi_0463.wav
Mi_0464.wav,Mi,1.0,16000,0.069282,0.315643,D:\STUPEN\Heartz\data-science\dataset\clean\Mi\Mi_0464.wav
Mi_0465.wav,Mi,1.0,16000,0.069282,0.333771,D:\STUPEN\Heartz\data-science\dataset\clean\Mi\Mi_0465.wav
Mi_0466.wav,Mi,1.0,16000,0.069282,0.337555,D:\STUPEN\Heartz\data-science\dataset\clean\Mi\Mi_0466.wav
Mi_0467.wav,Mi,1.0,16000,0.071554,0.321136,D:\STUPEN\Heartz\data-science\dataset\clean\Mi\Mi_0467.wav
Mi_0468.wav,Mi,1.0,16000,0.103724,0.457397,D:\STUPEN\Heartz\data-science\dataset\clean\Mi\Mi_0468.wav
Mi_0469.wav,Mi,1.0,16000,0.08,0.394104,D:\STUPEN\Heartz\data-science\dataset\clean\Mi\Mi_0469.wav
Mi_0470.wav,Mi,1.0,16000,0.073756,0.358398,D:\STUPEN\Heartz\data-science\dataset\clean\Mi\Mi_0470.wav
Mi_0471.wav,Mi,1.0,16000,0.138237,0.691864,D:\STUPEN\Heartz\data-science\dataset\clean\Mi\Mi_0471.wav
Mi_0472.wav,Mi,1.0,16000,0.08579,0.371674,D:\STUPEN\Heartz\data-science\dataset\clean\Mi\Mi_0472.wav
Mi_0473.wav,Mi,1.0,16000,0.066933,0.283234,D:\STUPEN\Heartz\data-science\dataset\clean\Mi\Mi_0473.wav
Mi_0474.wav,Mi,1.0,16000,0.069282,0.314606,D:\STUPEN\Heartz\data-science\dataset\clean\Mi\Mi_0474.wav
Mi_0475.wav,Mi,1.0,16000,0.069282,0.313019,D:\STUPEN\Heartz\data-science\dataset\clean\Mi\Mi_0475.wav
Mi_0476.wav,Mi,1.0,16000,0.069282,0.300293,D:\STUPEN\Heartz\data-science\dataset\clean\Mi\Mi_0476.wav
Mi_0477.wav,Mi,1.0,16000,0.071554,0.297241,D:\STUPEN\Heartz\data-science\dataset\clean\Mi\Mi_0477.wav
Mi_0478.wav,Mi,1.0,16000,0.066933,0.336456,D:\STUPEN\Heartz\data-science\dataset\clean\Mi\Mi_0478.wav
Mi_0479.wav,Mi,1.0,16000,0.108683,0.51236,D:\STUPEN\Heartz\data-science\dataset\clean\Mi\Mi_0479.wav
Mi_0480.wav,Mi,1.0,16000,0.069282,0.268616,D:\STUPEN\Heartz\data-science\dataset\clean\Mi\Mi_0480.wav
Mi_0481.wav,Mi,1.0,16000,0.069282,0.306488,D:\STUPEN\Heartz\data-science\dataset\clean\Mi\Mi_0481.wav
Mi_0482.wav,Mi,1.0,16000,0.071554,0.287567,D:\STUPEN\Heartz\data-science\dataset\clean\Mi\Mi_0482.wav
Mi_0483.wav,Mi,1.0,16000,0.071554,0.347137,D:\STUPEN\Heartz\data-science\dataset\clean\Mi\Mi_0483.wav
Mi_0484.wav,Mi,1.0,16000,0.071554,0.338318,D:\STUPEN\Heartz\data-science\dataset\clean\Mi\Mi_0484.wav
Mi_0485.wav,Mi,1.0,16000,0.069282,0.313141,D:\STUPEN\Heartz\data-science\dataset\clean\Mi\Mi_0485.wav
Mi_0486.wav,Mi,1.0,16000,0.069282,0.295197,D:\STUPEN\Heartz\data-science\dataset\clean\Mi\Mi_0486.wav
Mi_0487.wav,Mi,1.0,16000,0.069282,0.34021,D:\STUPEN\Heartz\data-science\dataset\clean\Mi\Mi_0487.wav
Mi_0488.wav,Mi,1.0,16000,0.069282,0.327393,D:\STUPEN\Heartz\data-science\dataset\clean\Mi\Mi_0488.wav
Mi_0489.wav,Mi,1.0,16000,0.069282,0.32019,D:\STUPEN\Heartz\data-science\dataset\clean\Mi\Mi_0489.wav
Mi_0490.wav,Mi,1.0,16000,0.069282,0.35437,D:\STUPEN\Heartz\data-science\dataset\clean\Mi\Mi_0490.wav
Mi_0491.wav,Mi,1.0,16000,0.069282,0.30603,D:\STUPEN\Heartz\data-science\dataset\clean\Mi\Mi_0491.wav
Mi_0492.wav,Mi,1.0,16000,0.069282,0.303925,D:\STUPEN\Heartz\data-science\dataset\clean\Mi\Mi_0492.wav
Mi_0493.wav,Mi,1.0,16000,0.071554,0.304413,D:\STUPEN\Heartz\data-science\dataset\clean\Mi\Mi_0493.wav
Mi_0494.wav,Mi,1.0,16000,0.071554,0.31073,D:\STUPEN\Heartz\data-science\dataset\clean\Mi\Mi_0494.wav
Mi_0495.wav,Mi,1.0,16000,0.069282,0.342987,D:\STUPEN\Heartz\data-science\dataset\clean\Mi\Mi_0495.wav
Mi_0496.wav,Mi,1.0,16000,0.066933,0.315094,D:\STUPEN\Heartz\data-science\dataset\clean\Mi\Mi_0496.wav
Mi_0497.wav,Mi,1.0,16000,0.094819,0.49826,D:\STUPEN\Heartz\data-science\dataset\clean\Mi\Mi_0497.wav
Mi_0498.wav,Mi,1.0,16000,0.088544,0.408661,D:\STUPEN\Heartz\data-science\dataset\clean\Mi\Mi_0498.wav
Mi_0499.wav,Mi,1.0,16000,0.107299,0.576416,D:\STUPEN\Heartz\data-science\dataset\clean\Mi\Mi_0499.wav
Mi_0500.wav,Mi,1.0,16000,0.066933,0.334381,D:\STUPEN\Heartz\data-science\dataset\clean\Mi\Mi_0500.wav
Mi_0501.wav,Mi,1.0,16000,0.064498,0.377075,D:\STUPEN\Heartz\data-science\dataset\clean\Mi\Mi_0501.wav
Mi_0502.wav,Mi,1.0,16000,0.069282,0.373352,D:\STUPEN\Heartz\data-science\dataset\clean\Mi\Mi_0502.wav
Mi_0503.wav,Mi,1.0,16000,0.069282,0.367035,D:\STUPEN\Heartz\data-science\dataset\clean\Mi\Mi_0503.wav
Mi_0504.wav,Mi,1.0,16000,0.077974,0.368225,D:\STUPEN\Heartz\data-science\dataset\clean\Mi\Mi_0504.wav
Mi_0505.wav,Mi,1.0,16000,0.066933,0.335388,D:\STUPEN\Heartz\data-science\dataset\clean\Mi\Mi_0505.wav
Mi_0506.wav,Mi,1.0,16000,0.071554,0.396759,D:\STUPEN\Heartz\data-science\dataset\clean\Mi\Mi_0506.wav
Mi_0507.wav,Mi,1.0,16000,0.069282,0.336029,D:\STUPEN\Heartz\data-science\dataset\clean\Mi\Mi_0507.wav
Mi_0508.wav,Mi,1.0,16000,0.102745,0.534668,D:\STUPEN\Heartz\data-science\dataset\clean\Mi\Mi_0508.wav
Mi_0509.wav,Mi,1.0,16000,0.077974,0.315216,D:\STUPEN\Heartz\data-science\dataset\clean\Mi\Mi_0509.wav
Mi_0510.wav,Mi,1.0,16000,0.075895,0.37558,D:\STUPEN\Heartz\data-science\dataset\clean\Mi\Mi_0510.wav
Mi_0511.wav,Mi,1.0,16000,0.108559,0.594574,D:\STUPEN\Heartz\data-science\dataset\clean\Mi\Mi_0511.wav
Mi_0512.wav,Mi,1.0,16000,0.066933,0.353058,D:\STUPEN\Heartz\data-science\dataset\clean\Mi\Mi_0512.wav
Mi_0513.wav,Mi,1.0,16000,0.096333,0.441589,D:\STUPEN\Heartz\data-science\dataset\clean\Mi\Mi_0513.wav
Mi_0514.wav,Mi,1.0,16000,0.031911,0.122375,D:\STUPEN\Heartz\data-science\dataset\clean\Mi\Mi_0514.wav
Mi_0515.wav,Mi,1.0,16000,0.080994,0.445587,D:\STUPEN\Heartz\data-science\dataset\clean\Mi\Mi_0515.wav
Mi_0516.wav,Mi,1.0,16000,0.064498,0.373505,D:\STUPEN\Heartz\data-science\dataset\clean\Mi\Mi_0516.wav
Mi_0517.wav,Mi,1.0,16000,0.064498,0.326355,D:\STUPEN\Heartz\data-science\dataset\clean\Mi\Mi_0517.wav
Mi_0518.wav,Mi,1.0,16000,0.08,0.394653,D:\STUPEN\Heartz\data-science\dataset\clean\Mi\Mi_0518.wav
Mi_0519.wav,Mi,1.0,16000,0.077974,0.365784,D:\STUPEN\Heartz\data-science\dataset\clean\Mi\Mi_0519.wav
Mi_0520.wav,Mi,1.0,16000,0.069282,0.301971,D:\STUPEN\Heartz\data-science\dataset\clean\Mi\Mi_0520.wav
Mi_0521.wav,Mi,1.0,16000,0.066933,0.344849,D:\STUPEN\Heartz\data-science\dataset\clean\Mi\Mi_0521.wav
Mi_0522.wav,Mi,1.0,16000,0.066933,0.356781,D:\STUPEN\Heartz\data-science\dataset\clean\Mi\Mi_0522.wav
Mi_0523.wav,Mi,1.0,16000,0.066933,0.342499,D:\STUPEN\Heartz\data-science\dataset\clean\Mi\Mi_0523.wav
Mi_0524.wav,Mi,1.0,16000,0.064498,0.315948,D:\STUPEN\Heartz\data-science\dataset\clean\Mi\Mi_0524.wav
Mi_0525.wav,Mi,1.0,16000,0.066933,0.338928,D:\STUPEN\Heartz\data-science\dataset\clean\Mi\Mi_0525.wav
Mi_0526.wav,Mi,1.0,16000,0.077974,0.468353,D:\STUPEN\Heartz\data-science\dataset\clean\Mi\Mi_0526.wav
Mi_0527.wav,Mi,1.0,16000,0.064498,0.324585,D:\STUPEN\Heartz\data-science\dataset\clean\Mi\Mi_0527.wav
Mi_0528.wav,Mi,1.0,16000,0.091214,0.44043,D:\STUPEN\Heartz\data-science\dataset\clean\Mi\Mi_0528.wav
Mi_0529.wav,Mi,1.0,16000,0.064498,0.355286,D:\STUPEN\Heartz\data-science\dataset\clean\Mi\Mi_0529.wav
Mi_0530.wav,Mi,1.0,16000,0.066933,0.324371,D:\STUPEN\Heartz\data-science\dataset\clean\Mi\Mi_0530.wav
Mi_0531.wav,Mi,1.0,16000,0.069282,0.33667,D:\STUPEN\Heartz\data-science\dataset\clean\Mi\Mi_0531.wav
Mi_0532.wav,Mi,1.0,16000,0.066933,0.349304,D:\STUPEN\Heartz\data-science\dataset\clean\Mi\Mi_0532.wav
Mi_0533.wav,Mi,1.0,16000,0.069282,0.362946,D:\STUPEN\Heartz\data-science\dataset\clean\Mi\Mi_0533.wav
Mi_0534.wav,Mi,1.0,16000,0.069282,0.374969,D:\STUPEN\Heartz\data-science\dataset\clean\Mi\Mi_0534.wav
Mi_0535.wav,Mi,1.0,16000,0.066933,0.369904,D:\STUPEN\Heartz\data-science\dataset\clean\Mi\Mi_0535.wav
Mi_0536.wav,Mi,1.0,16000,0.066933,0.367828,D:\STUPEN\Heartz\data-science\dataset\clean\Mi\Mi_0536.wav
Mi_0537.wav,Mi,1.0,16000,0.064498,0.360016,D:\STUPEN\Heartz\data-science\dataset\clean\Mi\Mi_0537.wav
Mi_0538.wav,Mi,1.0,16000,0.066933,0.397003,D:\STUPEN\Heartz\data-science\dataset\clean\Mi\Mi_0538.wav
Mi_0539.wav,Mi,1.0,16000,0.066933,0.35083,D:\STUPEN\Heartz\data-science\dataset\clean\Mi\Mi_0539.wav
Mi_0540.wav,Mi,1.0,16000,0.066933,0.361023,D:\STUPEN\Heartz\data-science\dataset\clean\Mi\Mi_0540.wav
Mi_0541.wav,Mi,1.0,16000,0.066933,0.357605,D:\STUPEN\Heartz\data-science\dataset\clean\Mi\Mi_0541.wav
Mi_0542.wav,Mi,1.0,16000,0.069282,0.290558,D:\STUPEN\Heartz\data-science\dataset\clean\Mi\Mi_0542.wav
Mi_0543.wav,Mi,1.0,16000,0.073756,0.371857,D:\STUPEN\Heartz\data-science\dataset\clean\Mi\Mi_0543.wav
Mi_0544.wav,Mi,1.0,16000,0.083438,0.462372,D:\STUPEN\Heartz\data-science\dataset\clean\Mi\Mi_0544.wav
Mi_0545.wav,Mi,1.0,16000,0.071554,0.322021,D:\STUPEN\Heartz\data-science\dataset\clean\Mi\Mi_0545.wav
Mi_0546.wav,Mi,1.0,16000,0.01836,0.241577,D:\STUPEN\Heartz\data-science\dataset\clean\Mi\Mi_0546.wav
Mi_0547.wav,Mi,1.0,16000,0.064498,0.308411,D:\STUPEN\Heartz\data-science\dataset\clean\Mi\Mi_0547.wav
Mi_0548.wav,Mi,1.0,16000,0.064498,0.357422,D:\STUPEN\Heartz\data-science\dataset\clean\Mi\Mi_0548.wav
Mi_0549.wav,Mi,1.0,16000,0.061968,0.35556,D:\STUPEN\Heartz\data-science\dataset\clean\Mi\Mi_0549.wav
Mi_0550.wav,Mi,1.0,16000,0.061968,0.305328,D:\STUPEN\Heartz\data-science\dataset\clean\Mi\Mi_0550.wav
Mi_0551.wav,Mi,1.0,16000,0.064498,0.360931,D:\STUPEN\Heartz\data-science\dataset\clean\Mi\Mi_0551.wav
Mi_0552.wav,Mi,1.0,16000,0.061968,0.332886,D:\STUPEN\Heartz\data-science\dataset\clean\Mi\Mi_0552.wav
Mi_0553.wav,Mi,1.0,16000,0.1058,0.543243,D:\STUPEN\Heartz\data-science\dataset\clean\Mi\Mi_0553.wav
Mi_0554.wav,Mi,1.0,16000,0.11406,0.614899,D:\STUPEN\Heartz\data-science\dataset\clean\Mi\Mi_0554.wav
Mi_0555.wav,Mi,1.0,16000,0.077974,0.414551,D:\STUPEN\Heartz\data-science\dataset\clean\Mi\Mi_0555.wav
Mi_0556.wav,Mi,1.0,16000,0.064498,0.340942,D:\STUPEN\Heartz\data-science\dataset\clean\Mi\Mi_0556.wav
Mi_0557.wav,Mi,1.0,16000,0.061968,0.330505,D:\STUPEN\Heartz\data-science\dataset\clean\Mi\Mi_0557.wav
Mi_0558.wav,Mi,1.0,16000,0.061968,0.295074,D:\STUPEN\Heartz\data-science\dataset\clean\Mi\Mi_0558.wav
Mi_0559.wav,Mi,1.0,16000,0.064498,0.343964,D:\STUPEN\Heartz\data-science\dataset\clean\Mi\Mi_0559.wav
Mi_0560.wav,Mi,1.0,16000,0.069282,0.367493,D:\STUPEN\Heartz\data-science\dataset\clean\Mi\Mi_0560.wav
Mi_0561.wav,Mi,1.0,16000,0.066933,0.327789,D:\STUPEN\Heartz\data-science\dataset\clean\Mi\Mi_0561.wav
Mi_0562.wav,Mi,1.0,16000,0.069282,0.363251,D:\STUPEN\Heartz\data-science\dataset\clean\Mi\Mi_0562.wav
Mi_0563.wav,Mi,1.0,16000,0.064498,0.350403,D:\STUPEN\Heartz\data-science\dataset\clean\Mi\Mi_0563.wav
Mi_0564.wav,Mi,1.0,16000,0.071554,0.342529,D:\STUPEN\Heartz\data-science\dataset\clean\Mi\Mi_0564.wav
Mi_0565.wav,Mi,1.0,16000,0.105043,0.483978,D:\STUPEN\Heartz\data-science\dataset\clean\Mi\Mi_0565.wav
Mi_0566.wav,Mi,1.0,16000,0.104686,0.363068,D:\STUPEN\Heartz\data-science\dataset\clean\Mi\Mi_0566.wav
Mi_0567.wav,Mi,1.0,16000,0.073756,0.394897,D:\STUPEN\Heartz\data-science\dataset\clean\Mi\Mi_0567.wav
Mi_0568.wav,Mi,1.0,16000,0.064498,0.362427,D:\STUPEN\Heartz\data-science\dataset\clean\Mi\Mi_0568.wav
Mi_0569.wav,Mi,1.0,16000,0.064498,0.360443,D:\STUPEN\Heartz\data-science\dataset\clean\Mi\Mi_0569.wav
Mi_0570.wav,Mi,1.0,16000,0.069282,0.361938,D:\STUPEN\Heartz\data-science\dataset\clean\Mi\Mi_0570.wav
Mi_0571.wav,Mi,1.0,16000,0.066933,0.348999,D:\STUPEN\Heartz\data-science\dataset\clean\Mi\Mi_0571.wav
Mi_0572.wav,Mi,1.0,16000,0.064498,0.388489,D:\STUPEN\Heartz\data-science\dataset\clean\Mi\Mi_0572.wav
Mi_0573.wav,Mi,1.0,16000,0.064498,0.331696,D:\STUPEN\Heartz\data-science\dataset\clean\Mi\Mi_0573.wav
Mi_0574.wav,Mi,1.0,16000,0.064498,0.332275,D:\STUPEN\Heartz\data-science\dataset\clean\Mi\Mi_0574.wav
Mi_0575.wav,Mi,1.0,16000,0.064498,0.355103,D:\STUPEN\Heartz\data-science\dataset\clean\Mi\Mi_0575.wav
Mi_0576.wav,Mi,1.0,16000,0.074007,0.496368,D:\STUPEN\Heartz\data-science\dataset\clean\Mi\Mi_0576.wav
Mi_0577.wav,Mi,1.0,16000,0.099599,0.60553,D:\STUPEN\Heartz\data-science\dataset\clean\Mi\Mi_0577.wav
Mi_0578.wav,Mi,1.0,16000,0.061968,0.37558,D:\STUPEN\Heartz\data-science\dataset\clean\Mi\Mi_0578.wav
Mi_0579.wav,Mi,1.0,16000,0.061968,0.325623,D:\STUPEN\Heartz\data-science\dataset\clean\Mi\Mi_0579.wav
Mi_0580.wav,Mi,1.0,16000,0.064498,0.389221,D:\STUPEN\Heartz\data-science\dataset\clean\Mi\Mi_0580.wav
Mi_0581.wav,Mi,1.0,16000,0.061968,0.325287,D:\STUPEN\Heartz\data-science\dataset\clean\Mi\Mi_0581.wav
Mi_0582.wav,Mi,1.0,16000,0.066933,0.359375,D:\STUPEN\Heartz\data-science\dataset\clean\Mi\Mi_0582.wav
Mi_0583.wav,Mi,1.0,16000,0.064498,0.331635,D:\STUPEN\Heartz\data-science\dataset\clean\Mi\Mi_0583.wav
Mi_0584.wav,Mi,1.0,16000,0.066933,0.381683,D:\STUPEN\Heartz\data-science\dataset\clean\Mi\Mi_0584.wav
Mi_0585.wav,Mi,1.0,16000,0.066933,0.338165,D:\STUPEN\Heartz\data-science\dataset\clean\Mi\Mi_0585.wav
Mi_0586.wav,Mi,1.0,16000,0.066933,0.337585,D:\STUPEN\Heartz\data-science\dataset\clean\Mi\Mi_0586.wav
Mi_0587.wav,Mi,1.0,16000,0.066933,0.319397,D:\STUPEN\Heartz\data-science\dataset\clean\Mi\Mi_0587.wav
Mi_0588.wav,Mi,1.0,16000,0.066933,0.314117,D:\STUPEN\Heartz\data-science\dataset\clean\Mi\Mi_0588.wav
Mi_0589.wav,Mi,1.0,16000,0.066933,0.351257,D:\STUPEN\Heartz\data-science\dataset\clean\Mi\Mi_0589.wav
Mi_0590.wav,Mi,1.0,16000,0.069282,0.307983,D:\STUPEN\Heartz\data-science\dataset\clean\Mi\Mi_0590.wav
Mi_0591.wav,Mi,1.0,16000,0.069282,0.349396,D:\STUPEN\Heartz\data-science\dataset\clean\Mi\Mi_0591.wav
Mi_0592.wav,Mi,1.0,16000,0.066933,0.353088,D:\STUPEN\Heartz\data-science\dataset\clean\Mi\Mi_0592.wav
Mi_0593.wav,Mi,1.0,16000,0.066933,0.326965,D:\STUPEN\Heartz\data-science\dataset\clean\Mi\Mi_0593.wav
Mi_0594.wav,Mi,1.0,16000,0.066933,0.320129,D:\STUPEN\Heartz\data-science\dataset\clean\Mi\Mi_0594.wav
Mi_0595.wav,Mi,1.0,16000,0.066933,0.328735,D:\STUPEN\Heartz\data-science\dataset\clean\Mi\Mi_0595.wav
Mi_0596.wav,Mi,1.0,16000,0.066933,0.346344,D:\STUPEN\Heartz\data-science\dataset\clean\Mi\Mi_0596.wav
Mi_0597.wav,Mi,1.0,16000,0.066933,0.317719,D:\STUPEN\Heartz\data-science\dataset\clean\Mi\Mi_0597.wav
Mi_0598.wav,Mi,1.0,16000,0.071554,0.317078,D:\STUPEN\Heartz\data-science\dataset\clean\Mi\Mi_0598.wav
Mi_0599.wav,Mi,1.0,16000,0.064498,0.273438,D:\STUPEN\Heartz\data-science\dataset\clean\Mi\Mi_0599.wav
Mi_0600.wav,Mi,1.0,16000,0.066933,0.323334,D:\STUPEN\Heartz\data-science\dataset\clean\Mi\Mi_0600.wav
Mi_0601.wav,Mi,1.0,16000,0.069282,0.342682,D:\STUPEN\Heartz\data-science\dataset\clean\Mi\Mi_0601.wav
Mi_0602.wav,Mi,1.0,16000,0.066933,0.366394,D:\STUPEN\Heartz\data-science\dataset\clean\Mi\Mi_0602.wav
Mi_0603.wav,Mi,1.0,16000,0.069282,0.351593,D:\STUPEN\Heartz\data-science\dataset\clean\Mi\Mi_0603.wav
Mi_0604.wav,Mi,1.0,16000,0.064498,0.357941,D:\STUPEN\Heartz\data-science\dataset\clean\Mi\Mi_0604.wav
Mi_0605.wav,Mi,1.0,16000,0.066933,0.338501,D:\STUPEN\Heartz\data-science\dataset\clean\Mi\Mi_0605.wav
Mi_0606.wav,Mi,1.0,16000,0.096333,0.586639,D:\STUPEN\Heartz\data-science\dataset\clean\Mi\Mi_0606.wav
Mi_0607.wav,Mi,1.0,16000,0.069282,0.367523,D:\STUPEN\Heartz\data-science\dataset\clean\Mi\Mi_0607.wav
Mi_0608.wav,Mi,1.0,16000,0.069282,0.361115,D:\STUPEN\Heartz\data-science\dataset\clean\Mi\Mi_0608.wav
Mi_0609.wav,Mi,1.0,16000,0.109308,0.552734,D:\STUPEN\Heartz\data-science\dataset\clean\Mi\Mi_0609.wav
Mi_0610.wav,Mi,1.0,16000,0.096333,0.503143,D:\STUPEN\Heartz\data-science\dataset\clean\Mi\Mi_0610.wav
Mi_0611.wav,Mi,1.0,16000,0.069282,0.336853,D:\STUPEN\Heartz\data-science\dataset\clean\Mi\Mi_0611.wav
Mi_0612.wav,Mi,1.0,16000,0.066933,0.379211,D:\STUPEN\Heartz\data-science\dataset\clean\Mi\Mi_0612.wav
Mi_0613.wav,Mi,1.0,16000,0.066933,0.338837,D:\STUPEN\Heartz\data-science\dataset\clean\Mi\Mi_0613.wav
Mi_0614.wav,Mi,1.0,16000,0.066933,0.335083,D:\STUPEN\Heartz\data-science\dataset\clean\Mi\Mi_0614.wav
Mi_0615.wav,Mi,1.0,16000,0.069282,0.383179,D:\STUPEN\Heartz\data-science\dataset\clean\Mi\Mi_0615.wav
Mi_0616.wav,Mi,1.0,16000,0.066933,0.343811,D:\STUPEN\Heartz\data-science\dataset\clean\Mi\Mi_0616.wav
Mi_0617.wav,Mi,1.0,16000,0.066933,0.359802,D:\STUPEN\Heartz\data-science\dataset\clean\Mi\Mi_0617.wav
Mi_0618.wav,Mi,1.0,16000,0.073756,0.374969,D:\STUPEN\Heartz\data-science\dataset\clean\Mi\Mi_0618.wav
Mi_0619.wav,Mi,1.0,16000,0.085791,0.449768,D:\STUPEN\Heartz\data-science\dataset\clean\Mi\Mi_0619.wav
Mi_0620.wav,Mi,1.0,16000,0.069282,0.326538,D:\STUPEN\Heartz\data-science\dataset\clean\Mi\Mi_0620.wav
Mi_0621.wav,Mi,1.0,16000,0.069282,0.470612,D:\STUPEN\Heartz\data-science\dataset\clean\Mi\Mi_0621.wav
Mi_0622.wav,Mi,1.0,16000,0.071554,0.387848,D:\STUPEN\Heartz\data-science\dataset\clean\Mi\Mi_0622.wav
Mi_0623.wav,Mi,1.0,16000,0.071554,0.413513,D:\STUPEN\Heartz\data-science\dataset\clean\Mi\Mi_0623.wav
Mi_0624.wav,Mi,1.0,16000,0.069282,0.411987,D:\STUPEN\Heartz\data-science\dataset\clean\Mi\Mi_0624.wav
Mi_0625.wav,Mi,1.0,16000,0.069282,0.350372,D:\STUPEN\Heartz\data-science\dataset\clean\Mi\Mi_0625.wav
Mi_0626.wav,Mi,1.0,16000,0.066933,0.330139,D:\STUPEN\Heartz\data-science\dataset\clean\Mi\Mi_0626.wav
Mi_0627.wav,Mi,1.0,16000,0.031566,0.34317,D:\STUPEN\Heartz\data-science\dataset\clean\Mi\Mi_0627.wav
Mi_0628.wav,Mi,1.0,16000,0.071554,0.361664,D:\STUPEN\Heartz\data-science\dataset\clean\Mi\Mi_0628.wav
Mi_0629.wav,Mi,1.0,16000,0.108661,0.539368,D:\STUPEN\Heartz\data-science\dataset\clean\Mi\Mi_0629.wav
Mi_0630.wav,Mi,1.0,16000,0.069282,0.332794,D:\STUPEN\Heartz\data-science\dataset\clean\Mi\Mi_0630.wav
Mi_0631.wav,Mi,1.0,16000,0.066933,0.364838,D:\STUPEN\Heartz\data-science\dataset\clean\Mi\Mi_0631.wav
Mi_0632.wav,Mi,1.0,16000,0.066933,0.349792,D:\STUPEN\Heartz\data-science\dataset\clean\Mi\Mi_0632.wav
Mi_0633.wav,Mi,1.0,16000,0.069282,0.388824,D:\STUPEN\Heartz\data-science\dataset\clean\Mi\Mi_0633.wav
Mi_0634.wav,Mi,1.0,16000,0.064498,0.333282,D:\STUPEN\Heartz\data-science\dataset\clean\Mi\Mi_0634.wav
Mi_0635.wav,Mi,1.0,16000,0.066933,0.326263,D:\STUPEN\Heartz\data-science\dataset\clean\Mi\Mi_0635.wav
Mi_0636.wav,Mi,1.0,16000,0.085791,0.404083,D:\STUPEN\Heartz\data-science\dataset\clean\Mi\Mi_0636.wav
Mi_0637.wav,Mi,1.0,16000,0.064498,0.409882,D:\STUPEN\Heartz\data-science\dataset\clean\Mi\Mi_0637.wav
Mi_0638.wav,Mi,1.0,16000,0.108667,0.568359,D:\STUPEN\Heartz\data-science\dataset\clean\Mi\Mi_0638.wav
Mi_0639.wav,Mi,1.0,16000,0.066933,0.340363,D:\STUPEN\Heartz\data-science\dataset\clean\Mi\Mi_0639.wav
Mi_0640.wav,Mi,1.0,16000,0.061968,0.332336,D:\STUPEN\Heartz\data-science\dataset\clean\Mi\Mi_0640.wav
Mi_0641.wav,Mi,1.0,16000,0.066933,0.337921,D:\STUPEN\Heartz\data-science\dataset\clean\Mi\Mi_0641.wav
Mi_0642.wav,Mi,1.0,16000,0.066933,0.339081,D:\STUPEN\Heartz\data-science\dataset\clean\Mi\Mi_0642.wav
Mi_0643.wav,Mi,1.0,16000,0.066933,0.343079,D:\STUPEN\Heartz\data-science\dataset\clean\Mi\Mi_0643.wav
Mi_0644.wav,Mi,1.0,16000,0.069282,0.33667,D:\STUPEN\Heartz\data-science\dataset\clean\Mi\Mi_0644.wav
Mi_0645.wav,Mi,1.0,16000,0.066933,0.393311,D:\STUPEN\Heartz\data-science\dataset\clean\Mi\Mi_0645.wav
Mi_0646.wav,Mi,1.0,16000,0.064498,0.374817,D:\STUPEN\Heartz\data-science\dataset\clean\Mi\Mi_0646.wav
Mi_0647.wav,Mi,1.0,16000,0.069282,0.376526,D:\STUPEN\Heartz\data-science\dataset\clean\Mi\Mi_0647.wav
Mi_0648.wav,Mi,1.0,16000,0.064498,0.356842,D:\STUPEN\Heartz\data-science\dataset\clean\Mi\Mi_0648.wav
Mi_0649.wav,Mi,1.0,16000,0.066933,0.348724,D:\STUPEN\Heartz\data-science\dataset\clean\Mi\Mi_0649.wav
Mi_0650.wav,Mi,1.0,16000,0.071554,0.400879,D:\STUPEN\Heartz\data-science\dataset\clean\Mi\Mi_0650.wav
Mi_0651.wav,Mi,1.0,16000,0.069282,0.401337,D:\STUPEN\Heartz\data-science\dataset\clean\Mi\Mi_0651.wav
Mi_0652.wav,Mi,1.0,16000,0.071554,0.364807,D:\STUPEN\Heartz\data-science\dataset\clean\Mi\Mi_0652.wav
Mi_0653.wav,Mi,1.0,16000,0.096333,0.41098,D:\STUPEN\Heartz\data-science\dataset\clean\Mi\Mi_0653.wav
Mi_0654.wav,Mi,1.0,16000,0.069282,0.386597,D:\STUPEN\Heartz\data-science\dataset\clean\Mi\Mi_0654.wav
Mi_0655.wav,Mi,1.0,16000,0.066933,0.336975,D:\STUPEN\Heartz\data-science\dataset\clean\Mi\Mi_0655.wav
Mi_0656.wav,Mi,1.0,16000,0.069282,0.291107,D:\STUPEN\Heartz\data-science\dataset\clean\Mi\Mi_0656.wav
Mi_0657.wav,Mi,1.0,16000,0.069282,0.331604,D:\STUPEN\Heartz\data-science\dataset\clean\Mi\Mi_0657.wav
Mi_0658.wav,Mi,1.0,16000,0.066933,0.343872,D:\STUPEN\Heartz\data-science\dataset\clean\Mi\Mi_0658.wav
Mi_0659.wav,Mi,1.0,16000,0.069282,0.345673,D:\STUPEN\Heartz\data-science\dataset\clean\Mi\Mi_0659.wav
Mi_0660.wav,Mi,1.0,16000,0.066933,0.30365,D:\STUPEN\Heartz\data-science\dataset\clean\Mi\Mi_0660.wav
Mi_0661.wav,Mi,1.0,16000,0.066933,0.340851,D:\STUPEN\Heartz\data-science\dataset\clean\Mi\Mi_0661.wav
Mi_0662.wav,Mi,1.0,16000,0.069282,0.373962,D:\STUPEN\Heartz\data-science\dataset\clean\Mi\Mi_0662.wav
Mi_0663.wav,Mi,1.0,16000,0.069282,0.287659,D:\STUPEN\Heartz\data-science\dataset\clean\Mi\Mi_0663.wav
Mi_0664.wav,Mi,1.0,16000,0.073756,0.337646,D:\STUPEN\Heartz\data-science\dataset\clean\Mi\Mi_0664.wav
Mi_0665.wav,Mi,1.0,16000,0.069282,0.315643,D:\STUPEN\Heartz\data-science\dataset\clean\Mi\Mi_0665.wav
Mi_0666.wav,Mi,1.0,16000,0.069282,0.333771,D:\STUPEN\Heartz\data-science\dataset\clean\Mi\Mi_0666.wav
Mi_0667.wav,Mi,1.0,16000,0.069282,0.337555,D:\STUPEN\Heartz\data-science\dataset\clean\Mi\Mi_0667.wav
Mi_0668.wav,Mi,1.0,16000,0.071554,0.321136,D:\STUPEN\Heartz\data-science\dataset\clean\Mi\Mi_0668.wav
Mi_0669.wav,Mi,1.0,16000,0.103724,0.457397,D:\STUPEN\Heartz\data-science\dataset\clean\Mi\Mi_0669.wav
Mi_0670.wav,Mi,1.0,16000,0.08,0.394104,D:\STUPEN\Heartz\data-science\dataset\clean\Mi\Mi_0670.wav
Mi_0671.wav,Mi,1.0,16000,0.073756,0.358398,D:\STUPEN\Heartz\data-science\dataset\clean\Mi\Mi_0671.wav
Mi_0672.wav,Mi,1.0,16000,0.138237,0.691864,D:\STUPEN\Heartz\data-science\dataset\clean\Mi\Mi_0672.wav
Mi_0673.wav,Mi,1.0,16000,0.08579,0.371674,D:\STUPEN\Heartz\data-science\dataset\clean\Mi\Mi_0673.wav
Mi_0674.wav,Mi,1.0,16000,0.066933,0.283234,D:\STUPEN\Heartz\data-science\dataset\clean\Mi\Mi_0674.wav
Mi_0675.wav,Mi,1.0,16000,0.069282,0.314606,D:\STUPEN\Heartz\data-science\dataset\clean\Mi\Mi_0675.wav
Mi_0676.wav,Mi,1.0,16000,0.069282,0.313019,D:\STUPEN\Heartz\data-science\dataset\clean\Mi\Mi_0676.wav
Mi_0677.wav,Mi,1.0,16000,0.069282,0.300293,D:\STUPEN\Heartz\data-science\dataset\clean\Mi\Mi_0677.wav
Mi_0678.wav,Mi,1.0,16000,0.071554,0.297241,D:\STUPEN\Heartz\data-science\dataset\clean\Mi\Mi_0678.wav
Mi_0679.wav,Mi,1.0,16000,0.066933,0.336456,D:\STUPEN\Heartz\data-science\dataset\clean\Mi\Mi_0679.wav
Mi_0680.wav,Mi,1.0,16000,0.108683,0.51236,D:\STUPEN\Heartz\data-science\dataset\clean\Mi\Mi_0680.wav
Mi_0681.wav,Mi,1.0,16000,0.069282,0.268616,D:\STUPEN\Heartz\data-science\dataset\clean\Mi\Mi_0681.wav
Mi_0682.wav,Mi,1.0,16000,0.069282,0.306488,D:\STUPEN\Heartz\data-science\dataset\clean\Mi\Mi_0682.wav
Mi_0683.wav,Mi,1.0,16000,0.071554,0.287567,D:\STUPEN\Heartz\data-science\dataset\clean\Mi\Mi_0683.wav
Mi_0684.wav,Mi,1.0,16000,0.071554,0.347137,D:\STUPEN\Heartz\data-science\dataset\clean\Mi\Mi_0684.wav
Mi_0685.wav,Mi,1.0,16000,0.071554,0.338318,D:\STUPEN\Heartz\data-science\dataset\clean\Mi\Mi_0685.wav
Mi_0686.wav,Mi,1.0,16000,0.069282,0.313141,D:\STUPEN\Heartz\data-science\dataset\clean\Mi\Mi_0686.wav
Mi_0687.wav,Mi,1.0,16000,0.069282,0.295197,D:\STUPEN\Heartz\data-science\dataset\clean\Mi\Mi_0687.wav
Mi_0688.wav,Mi,1.0,16000,0.069282,0.34021,D:\STUPEN\Heartz\data-science\dataset\clean\Mi\Mi_0688.wav
Mi_0689.wav,Mi,1.0,16000,0.069282,0.327393,D:\STUPEN\Heartz\data-science\dataset\clean\Mi\Mi_0689.wav
Mi_0690.wav,Mi,1.0,16000,0.069282,0.32019,D:\STUPEN\Heartz\data-science\dataset\clean\Mi\Mi_0690.wav
Mi_0691.wav,Mi,1.0,16000,0.069282,0.35437,D:\STUPEN\Heartz\data-science\dataset\clean\Mi\Mi_0691.wav
Mi_0692.wav,Mi,1.0,16000,0.069282,0.30603,D:\STUPEN\Heartz\data-science\dataset\clean\Mi\Mi_0692.wav
Mi_0693.wav,Mi,1.0,16000,0.069282,0.303925,D:\STUPEN\Heartz\data-science\dataset\clean\Mi\Mi_0693.wav
Mi_0694.wav,Mi,1.0,16000,0.071554,0.304413,D:\STUPEN\Heartz\data-science\dataset\clean\Mi\Mi_0694.wav
Mi_0695.wav,Mi,1.0,16000,0.071554,0.31073,D:\STUPEN\Heartz\data-science\dataset\clean\Mi\Mi_0695.wav
Mi_0696.wav,Mi,1.0,16000,0.069282,0.342987,D:\STUPEN\Heartz\data-science\dataset\clean\Mi\Mi_0696.wav
Mi_0697.wav,Mi,1.0,16000,0.066933,0.315094,D:\STUPEN\Heartz\data-science\dataset\clean\Mi\Mi_0697.wav
Mi_0698.wav,Mi,1.0,16000,0.094819,0.49826,D:\STUPEN\Heartz\data-science\dataset\clean\Mi\Mi_0698.wav
Mi_0699.wav,Mi,1.0,16000,0.088544,0.408661,D:\STUPEN\Heartz\data-science\dataset\clean\Mi\Mi_0699.wav
Mi_0700.wav,Mi,1.0,16000,0.107299,0.576416,D:\STUPEN\Heartz\data-science\dataset\clean\Mi\Mi_0700.wav
Mi_0701.wav,Mi,1.0,16000,0.066933,0.334381,D:\STUPEN\Heartz\data-science\dataset\clean\Mi\Mi_0701.wav
Mi_0702.wav,Mi,1.0,16000,0.064498,0.377075,D:\STUPEN\Heartz\data-science\dataset\clean\Mi\Mi_0702.wav
Mi_0703.wav,Mi,1.0,16000,0.069282,0.373352,D:\STUPEN\Heartz\data-science\dataset\clean\Mi\Mi_0703.wav
Mi_0704.wav,Mi,1.0,16000,0.069282,0.367035,D:\STUPEN\Heartz\data-science\dataset\clean\Mi\Mi_0704.wav
Mi_0705.wav,Mi,1.0,16000,0.077974,0.368225,D:\STUPEN\Heartz\data-science\dataset\clean\Mi\Mi_0705.wav
Mi_0706.wav,Mi,1.0,16000,0.066933,0.335388,D:\STUPEN\Heartz\data-science\dataset\clean\Mi\Mi_0706.wav
Mi_0707.wav,Mi,1.0,16000,0.071554,0.396759,D:\STUPEN\Heartz\data-science\dataset\clean\Mi\Mi_0707.wav
Mi_0708.wav,Mi,1.0,16000,0.069282,0.336029,D:\STUPEN\Heartz\data-science\dataset\clean\Mi\Mi_0708.wav
Mi_0709.wav,Mi,1.0,16000,0.102745,0.534668,D:\STUPEN\Heartz\data-science\dataset\clean\Mi\Mi_0709.wav
Mi_0710.wav,Mi,1.0,16000,0.077974,0.315216,D:\STUPEN\Heartz\data-science\dataset\clean\Mi\Mi_0710.wav
Mi_0711.wav,Mi,1.0,16000,0.075895,0.37558,D:\STUPEN\Heartz\data-science\dataset\clean\Mi\Mi_0711.wav
Mi_0712.wav,Mi,1.0,16000,0.108559,0.594574,D:\STUPEN\Heartz\data-science\dataset\clean\Mi\Mi_0712.wav
Mi_0713.wav,Mi,1.0,16000,0.066933,0.353058,D:\STUPEN\Heartz\data-science\dataset\clean\Mi\Mi_0713.wav
Mi_0714.wav,Mi,1.0,16000,0.096333,0.441589,D:\STUPEN\Heartz\data-science\dataset\clean\Mi\Mi_0714.wav
Mi_0715.wav,Mi,1.0,16000,0.031911,0.122375,D:\STUPEN\Heartz\data-science\dataset\clean\Mi\Mi_0715.wav
Mi_0716.wav,Mi,1.0,16000,0.080994,0.445587,D:\STUPEN\Heartz\data-science\dataset\clean\Mi\Mi_0716.wav
Mi_0717.wav,Mi,1.0,16000,0.064498,0.373505,D:\STUPEN\Heartz\data-science\dataset\clean\Mi\Mi_0717.wav
Mi_0718.wav,Mi,1.0,16000,0.064498,0.326355,D:\STUPEN\Heartz\data-science\dataset\clean\Mi\Mi_0718.wav
Mi_0719.wav,Mi,1.0,16000,0.08,0.394653,D:\STUPEN\Heartz\data-science\dataset\clean\Mi\Mi_0719.wav
Mi_0720.wav,Mi,1.0,16000,0.077974,0.365784,D:\STUPEN\Heartz\data-science\dataset\clean\Mi\Mi_0720.wav
Mi_0721.wav,Mi,1.0,16000,0.069282,0.301971,D:\STUPEN\Heartz\data-science\dataset\clean\Mi\Mi_0721.wav
Mi_0722.wav,Mi,1.0,16000,0.066933,0.344849,D:\STUPEN\Heartz\data-science\dataset\clean\Mi\Mi_0722.wav
Mi_0723.wav,Mi,1.0,16000,0.066933,0.356781,D:\STUPEN\Heartz\data-science\dataset\clean\Mi\Mi_0723.wav
Mi_0724.wav,Mi,1.0,16000,0.066933,0.342499,D:\STUPEN\Heartz\data-science\dataset\clean\Mi\Mi_0724.wav
Mi_0725.wav,Mi,1.0,16000,0.064498,0.315948,D:\STUPEN\Heartz\data-science\dataset\clean\Mi\Mi_0725.wav
Mi_0726.wav,Mi,1.0,16000,0.066933,0.338928,D:\STUPEN\Heartz\data-science\dataset\clean\Mi\Mi_0726.wav
Mi_0727.wav,Mi,1.0,16000,0.077974,0.468353,D:\STUPEN\Heartz\data-science\dataset\clean\Mi\Mi_0727.wav
Mi_0728.wav,Mi,1.0,16000,0.064498,0.324585,D:\STUPEN\Heartz\data-science\dataset\clean\Mi\Mi_0728.wav
Mi_0729.wav,Mi,1.0,16000,0.091214,0.44043,D:\STUPEN\Heartz\data-science\dataset\clean\Mi\Mi_0729.wav
Mi_0730.wav,Mi,1.0,16000,0.064498,0.355286,D:\STUPEN\Heartz\data-science\dataset\clean\Mi\Mi_0730.wav
Mi_0731.wav,Mi,1.0,16000,0.066933,0.324371,D:\STUPEN\Heartz\data-science\dataset\clean\Mi\Mi_0731.wav
Mi_0732.wav,Mi,1.0,16000,0.069282,0.33667,D:\STUPEN\Heartz\data-science\dataset\clean\Mi\Mi_0732.wav
Mi_0733.wav,Mi,1.0,16000,0.066933,0.349304,D:\STUPEN\Heartz\data-science\dataset\clean\Mi\Mi_0733.wav
Mi_0734.wav,Mi,1.0,16000,0.069282,0.362946,D:\STUPEN\Heartz\data-science\dataset\clean\Mi\Mi_0734.wav
Mi_0735.wav,Mi,1.0,16000,0.069282,0.374969,D:\STUPEN\Heartz\data-science\dataset\clean\Mi\Mi_0735.wav
Mi_0736.wav,Mi,1.0,16000,0.066933,0.369904,D:\STUPEN\Heartz\data-science\dataset\clean\Mi\Mi_0736.wav
Mi_0737.wav,Mi,1.0,16000,0.066933,0.367828,D:\STUPEN\Heartz\data-science\dataset\clean\Mi\Mi_0737.wav
Mi_0738.wav,Mi,1.0,16000,0.064498,0.360016,D:\STUPEN\Heartz\data-science\dataset\clean\Mi\Mi_0738.wav
Mi_0739.wav,Mi,1.0,16000,0.066933,0.397003,D:\STUPEN\Heartz\data-science\dataset\clean\Mi\Mi_0739.wav
Mi_0740.wav,Mi,1.0,16000,0.066933,0.35083,D:\STUPEN\Heartz\data-science\dataset\clean\Mi\Mi_0740.wav
Mi_0741.wav,Mi,1.0,16000,0.066933,0.361023,D:\STUPEN\Heartz\data-science\dataset\clean\Mi\Mi_0741.wav
Mi_0742.wav,Mi,1.0,16000,0.066933,0.357605,D:\STUPEN\Heartz\data-science\dataset\clean\Mi\Mi_0742.wav
Mi_0743.wav,Mi,1.0,16000,0.069282,0.290558,D:\STUPEN\Heartz\data-science\dataset\clean\Mi\Mi_0743.wav
Mi_0744.wav,Mi,1.0,16000,0.073756,0.371857,D:\STUPEN\Heartz\data-science\dataset\clean\Mi\Mi_0744.wav
Mi_0745.wav,Mi,1.0,16000,0.083438,0.462372,D:\STUPEN\Heartz\data-science\dataset\clean\Mi\Mi_0745.wav
Mi_0746.wav,Mi,1.0,16000,0.071554,0.322021,D:\STUPEN\Heartz\data-science\dataset\clean\Mi\Mi_0746.wav
Mi_0747.wav,Mi,1.0,16000,0.01836,0.241577,D:\STUPEN\Heartz\data-science\dataset\clean\Mi\Mi_0747.wav
Mi_0748.wav,Mi,1.0,16000,0.064498,0.308411,D:\STUPEN\Heartz\data-science\dataset\clean\Mi\Mi_0748.wav
Mi_0749.wav,Mi,1.0,16000,0.064498,0.357422,D:\STUPEN\Heartz\data-science\dataset\clean\Mi\Mi_0749.wav
Mi_0750.wav,Mi,1.0,16000,0.061968,0.35556,D:\STUPEN\Heartz\data-science\dataset\clean\Mi\Mi_0750.wav
Mi_0751.wav,Mi,1.0,16000,0.061968,0.305328,D:\STUPEN\Heartz\data-science\dataset\clean\Mi\Mi_0751.wav
Mi_0752.wav,Mi,1.0,16000,0.064498,0.360931,D:\STUPEN\Heartz\data-science\dataset\clean\Mi\Mi_0752.wav
Mi_0753.wav,Mi,1.0,16000,0.061968,0.332886,D:\STUPEN\Heartz\data-science\dataset\clean\Mi\Mi_0753.wav
Mi_0754.wav,Mi,1.0,16000,0.1058,0.543243,D:\STUPEN\Heartz\data-science\dataset\clean\Mi\Mi_0754.wav
Mi_0755.wav,Mi,1.0,16000,0.11406,0.614899,D:\STUPEN\Heartz\data-science\dataset\clean\Mi\Mi_0755.wav
Mi_0756.wav,Mi,1.0,16000,0.077974,0.414551,D:\STUPEN\Heartz\data-science\dataset\clean\Mi\Mi_0756.wav
Mi_0757.wav,Mi,1.0,16000,0.064498,0.340942,D:\STUPEN\Heartz\data-science\dataset\clean\Mi\Mi_0757.wav
Mi_0758.wav,Mi,1.0,16000,0.061968,0.330505,D:\STUPEN\Heartz\data-science\dataset\clean\Mi\Mi_0758.wav
Mi_0759.wav,Mi,1.0,16000,0.061968,0.295074,D:\STUPEN\Heartz\data-science\dataset\clean\Mi\Mi_0759.wav
Mi_0760.wav,Mi,1.0,16000,0.064498,0.343964,D:\STUPEN\Heartz\data-science\dataset\clean\Mi\Mi_0760.wav
Mi_0761.wav,Mi,1.0,16000,0.069282,0.367493,D:\STUPEN\Heartz\data-science\dataset\clean\Mi\Mi_0761.wav
Mi_0762.wav,Mi,1.0,16000,0.066933,0.327789,D:\STUPEN\Heartz\data-science\dataset\clean\Mi\Mi_0762.wav
Mi_0763.wav,Mi,1.0,16000,0.069282,0.363251,D:\STUPEN\Heartz\data-science\dataset\clean\Mi\Mi_0763.wav
Mi_0764.wav,Mi,1.0,16000,0.064498,0.350403,D:\STUPEN\Heartz\data-science\dataset\clean\Mi\Mi_0764.wav
Mi_0765.wav,Mi,1.0,16000,0.071554,0.342529,D:\STUPEN\Heartz\data-science\dataset\clean\Mi\Mi_0765.wav
Mi_0766.wav,Mi,1.0,16000,0.105043,0.483978,D:\STUPEN\Heartz\data-science\dataset\clean\Mi\Mi_0766.wav
Mi_0767.wav,Mi,1.0,16000,0.104686,0.363068,D:\STUPEN\Heartz\data-science\dataset\clean\Mi\Mi_0767.wav
Mi_0768.wav,Mi,1.0,16000,0.073756,0.394897,D:\STUPEN\Heartz\data-science\dataset\clean\Mi\Mi_0768.wav
Mi_0769.wav,Mi,1.0,16000,0.064498,0.362427,D:\STUPEN\Heartz\data-science\dataset\clean\Mi\Mi_0769.wav
Mi_0770.wav,Mi,1.0,16000,0.064498,0.360443,D:\STUPEN\Heartz\data-science\dataset\clean\Mi\Mi_0770.wav
Mi_0771.wav,Mi,1.0,16000,0.069282,0.361938,D:\STUPEN\Heartz\data-science\dataset\clean\Mi\Mi_0771.wav
Mi_0772.wav,Mi,1.0,16000,0.066933,0.348999,D:\STUPEN\Heartz\data-science\dataset\clean\Mi\Mi_0772.wav
Mi_0773.wav,Mi,1.0,16000,0.064498,0.388489,D:\STUPEN\Heartz\data-science\dataset\clean\Mi\Mi_0773.wav
Mi_0774.wav,Mi,1.0,16000,0.064498,0.331696,D:\STUPEN\Heartz\data-science\dataset\clean\Mi\Mi_0774.wav
Mi_0775.wav,Mi,1.0,16000,0.064498,0.332275,D:\STUPEN\Heartz\data-science\dataset\clean\Mi\Mi_0775.wav
Mi_0776.wav,Mi,1.0,16000,0.064498,0.355103,D:\STUPEN\Heartz\data-science\dataset\clean\Mi\Mi_0776.wav
Mi_0777.wav,Mi,1.0,16000,0.074007,0.496368,D:\STUPEN\Heartz\data-science\dataset\clean\Mi\Mi_0777.wav
Mi_0778.wav,Mi,1.0,16000,0.099599,0.60553,D:\STUPEN\Heartz\data-science\dataset\clean\Mi\Mi_0778.wav
Mi_0779.wav,Mi,1.0,16000,0.061968,0.37558,D:\STUPEN\Heartz\data-science\dataset\clean\Mi\Mi_0779.wav
Mi_0780.wav,Mi,1.0,16000,0.061968,0.325623,D:\STUPEN\Heartz\data-science\dataset\clean\Mi\Mi_0780.wav
Mi_0781.wav,Mi,1.0,16000,0.064498,0.389221,D:\STUPEN\Heartz\data-science\dataset\clean\Mi\Mi_0781.wav
Mi_0782.wav,Mi,1.0,16000,0.061968,0.325287,D:\STUPEN\Heartz\data-science\dataset\clean\Mi\Mi_0782.wav
Mi_0783.wav,Mi,1.0,16000,0.066933,0.359375,D:\STUPEN\Heartz\data-science\dataset\clean\Mi\Mi_0783.wav
Mi_0784.wav,Mi,1.0,16000,0.064498,0.331635,D:\STUPEN\Heartz\data-science\dataset\clean\Mi\Mi_0784.wav
Mi_0785.wav,Mi,1.0,16000,0.066933,0.381683,D:\STUPEN\Heartz\data-science\dataset\clean\Mi\Mi_0785.wav
Mi_0786.wav,Mi,1.0,16000,0.066933,0.338165,D:\STUPEN\Heartz\data-science\dataset\clean\Mi\Mi_0786.wav
Mi_0787.wav,Mi,1.0,16000,0.066933,0.337585,D:\STUPEN\Heartz\data-science\dataset\clean\Mi\Mi_0787.wav
Mi_0788.wav,Mi,1.0,16000,0.066933,0.319397,D:\STUPEN\Heartz\data-science\dataset\clean\Mi\Mi_0788.wav
Mi_0789.wav,Mi,1.0,16000,0.066933,0.314117,D:\STUPEN\Heartz\data-science\dataset\clean\Mi\Mi_0789.wav
Mi_0790.wav,Mi,1.0,16000,0.066933,0.351257,D:\STUPEN\Heartz\data-science\dataset\clean\Mi\Mi_0790.wav
Mi_0791.wav,Mi,1.0,16000,0.069282,0.307983,D:\STUPEN\Heartz\data-science\dataset\clean\Mi\Mi_0791.wav
Mi_0792.wav,Mi,1.0,16000,0.069282,0.349396,D:\STUPEN\Heartz\data-science\dataset\clean\Mi\Mi_0792.wav
Mi_0793.wav,Mi,1.0,16000,0.066933,0.353088,D:\STUPEN\Heartz\data-science\dataset\clean\Mi\Mi_0793.wav
Mi_0794.wav,Mi,1.0,16000,0.066933,0.326965,D:\STUPEN\Heartz\data-science\dataset\clean\Mi\Mi_0794.wav
Mi_0795.wav,Mi,1.0,16000,0.066933,0.320129,D:\STUPEN\Heartz\data-science\dataset\clean\Mi\Mi_0795.wav
Mi_0796.wav,Mi,1.0,16000,0.066933,0.328735,D:\STUPEN\Heartz\data-science\dataset\clean\Mi\Mi_0796.wav
Mi_0797.wav,Mi,1.0,16000,0.066933,0.346344,D:\STUPEN\Heartz\data-science\dataset\clean\Mi\Mi_0797.wav
Mi_0798.wav,Mi,1.0,16000,0.066933,0.317719,D:\STUPEN\Heartz\data-science\dataset\clean\Mi\Mi_0798.wav
Mi_0799.wav,Mi,1.0,16000,0.071554,0.317078,D:\STUPEN\Heartz\data-science\dataset\clean\Mi\Mi_0799.wav
Mi_0800.wav,Mi,1.0,16000,0.064498,0.273438,D:\STUPEN\Heartz\data-science\dataset\clean\Mi\Mi_0800.wav
Mi_0801.wav,Mi,1.0,16000,0.066933,0.323334,D:\STUPEN\Heartz\data-science\dataset\clean\Mi\Mi_0801.wav
Mi_0802.wav,Mi,1.0,16000,0.069282,0.342682,D:\STUPEN\Heartz\data-science\dataset\clean\Mi\Mi_0802.wav
Mi_0803.wav,Mi,1.0,16000,0.066933,0.366394,D:\STUPEN\Heartz\data-science\dataset\clean\Mi\Mi_0803.wav
Mi_0804.wav,Mi,1.0,16000,0.069282,0.351593,D:\STUPEN\Heartz\data-science\dataset\clean\Mi\Mi_0804.wav
Mo_0001.wav,Mo,1.0,16000,0.068783,0.364441,D:\STUPEN\Heartz\data-science\dataset\clean\Mo\Mo_0001.wav
Mo_0002.wav,Mo,1.0,16000,0.108543,0.502655,D:\STUPEN\Heartz\data-science\dataset\clean\Mo\Mo_0002.wav
Mo_0003.wav,Mo,1.0,16000,0.071554,0.521973,D:\STUPEN\Heartz\data-science\dataset\clean\Mo\Mo_0003.wav
Mo_0004.wav,Mo,1.0,16000,0.073756,0.515167,D:\STUPEN\Heartz\data-science\dataset\clean\Mo\Mo_0004.wav
Mo_0005.wav,Mo,1.0,16000,0.069282,0.475372,D:\STUPEN\Heartz\data-science\dataset\clean\Mo\Mo_0005.wav
Mo_0006.wav,Mo,1.0,16000,0.075895,0.459442,D:\STUPEN\Heartz\data-science\dataset\clean\Mo\Mo_0006.wav
Mo_0007.wav,Mo,1.0,16000,0.069282,0.545227,D:\STUPEN\Heartz\data-science\dataset\clean\Mo\Mo_0007.wav
Mo_0008.wav,Mo,1.0,16000,0.073756,0.546387,D:\STUPEN\Heartz\data-science\dataset\clean\Mo\Mo_0008.wav
Mo_0009.wav,Mo,1.0,16000,0.102761,0.493988,D:\STUPEN\Heartz\data-science\dataset\clean\Mo\Mo_0009.wav
Mo_0010.wav,Mo,1.0,16000,0.069282,0.544525,D:\STUPEN\Heartz\data-science\dataset\clean\Mo\Mo_0010.wav
Mo_0011.wav,Mo,1.0,16000,0.066933,0.544586,D:\STUPEN\Heartz\data-science\dataset\clean\Mo\Mo_0011.wav
Mo_0012.wav,Mo,1.0,16000,0.066933,0.44986,D:\STUPEN\Heartz\data-science\dataset\clean\Mo\Mo_0012.wav
Mo_0013.wav,Mo,1.0,16000,0.064498,0.516296,D:\STUPEN\Heartz\data-science\dataset\clean\Mo\Mo_0013.wav
Mo_0014.wav,Mo,1.0,16000,0.064498,0.454407,D:\STUPEN\Heartz\data-science\dataset\clean\Mo\Mo_0014.wav
Mo_0015.wav,Mo,1.0,16000,0.069282,0.475677,D:\STUPEN\Heartz\data-science\dataset\clean\Mo\Mo_0015.wav
Mo_0016.wav,Mo,1.0,16000,0.066933,0.425629,D:\STUPEN\Heartz\data-science\dataset\clean\Mo\Mo_0016.wav
Mo_0017.wav,Mo,1.0,16000,0.066933,0.386261,D:\STUPEN\Heartz\data-science\dataset\clean\Mo\Mo_0017.wav
Mo_0018.wav,Mo,1.0,16000,0.073756,0.416595,D:\STUPEN\Heartz\data-science\dataset\clean\Mo\Mo_0018.wav
Mo_0019.wav,Mo,1.0,16000,0.066933,0.478729,D:\STUPEN\Heartz\data-science\dataset\clean\Mo\Mo_0019.wav
Mo_0020.wav,Mo,1.0,16000,0.071554,0.427673,D:\STUPEN\Heartz\data-science\dataset\clean\Mo\Mo_0020.wav
Mo_0021.wav,Mo,1.0,16000,0.101191,0.702026,D:\STUPEN\Heartz\data-science\dataset\clean\Mo\Mo_0021.wav
Mo_0022.wav,Mo,1.0,16000,0.107326,0.490417,D:\STUPEN\Heartz\data-science\dataset\clean\Mo\Mo_0022.wav
Mo_0023.wav,Mo,1.0,16000,0.071554,0.626648,D:\STUPEN\Heartz\data-science\dataset\clean\Mo\Mo_0023.wav
Mo_0024.wav,Mo,1.0,16000,0.102762,0.562714,D:\STUPEN\Heartz\data-science\dataset\clean\Mo\Mo_0024.wav
Mo_0025.wav,Mo,1.0,16000,0.073756,0.460175,D:\STUPEN\Heartz\data-science\dataset\clean\Mo\Mo_0025.wav
Mo_0026.wav,Mo,1.0,16000,0.061968,0.37149,D:\STUPEN\Heartz\data-science\dataset\clean\Mo\Mo_0026.wav
Mo_0027.wav,Mo,1.0,16000,0.069282,0.467102,D:\STUPEN\Heartz\data-science\dataset\clean\Mo\Mo_0027.wav
Mo_0028.wav,Mo,1.0,16000,0.066933,0.401245,D:\STUPEN\Heartz\data-science\dataset\clean\Mo\Mo_0028.wav
Mo_0029.wav,Mo,1.0,16000,0.071554,0.420593,D:\STUPEN\Heartz\data-science\dataset\clean\Mo\Mo_0029.wav
Mo_0030.wav,Mo,1.0,16000,0.069282,0.454681,D:\STUPEN\Heartz\data-science\dataset\clean\Mo\Mo_0030.wav
Mo_0031.wav,Mo,1.0,16000,0.073756,0.504883,D:\STUPEN\Heartz\data-science\dataset\clean\Mo\Mo_0031.wav
Mo_0032.wav,Mo,1.0,16000,0.073756,0.500488,D:\STUPEN\Heartz\data-science\dataset\clean\Mo\Mo_0032.wav
Mo_0033.wav,Mo,1.0,16000,0.069282,0.453156,D:\STUPEN\Heartz\data-science\dataset\clean\Mo\Mo_0033.wav
Mo_0034.wav,Mo,1.0,16000,0.069282,0.518311,D:\STUPEN\Heartz\data-science\dataset\clean\Mo\Mo_0034.wav
Mo_0035.wav,Mo,1.0,16000,0.066933,0.428375,D:\STUPEN\Heartz\data-science\dataset\clean\Mo\Mo_0035.wav
Mo_0036.wav,Mo,1.0,16000,0.066933,0.474976,D:\STUPEN\Heartz\data-science\dataset\clean\Mo\Mo_0036.wav
Mo_0037.wav,Mo,1.0,16000,0.066933,0.448669,D:\STUPEN\Heartz\data-science\dataset\clean\Mo\Mo_0037.wav
Mo_0038.wav,Mo,1.0,16000,0.064498,0.447632,D:\STUPEN\Heartz\data-science\dataset\clean\Mo\Mo_0038.wav
Mo_0039.wav,Mo,1.0,16000,0.069282,0.445557,D:\STUPEN\Heartz\data-science\dataset\clean\Mo\Mo_0039.wav
Mo_0040.wav,Mo,1.0,16000,0.066933,0.494995,D:\STUPEN\Heartz\data-science\dataset\clean\Mo\Mo_0040.wav
Mo_0041.wav,Mo,1.0,16000,0.073756,0.502991,D:\STUPEN\Heartz\data-science\dataset\clean\Mo\Mo_0041.wav
Mo_0042.wav,Mo,1.0,16000,0.069282,0.435852,D:\STUPEN\Heartz\data-science\dataset\clean\Mo\Mo_0042.wav
Mo_0043.wav,Mo,1.0,16000,0.066933,0.473419,D:\STUPEN\Heartz\data-science\dataset\clean\Mo\Mo_0043.wav
Mo_0044.wav,Mo,1.0,16000,0.066933,0.473694,D:\STUPEN\Heartz\data-science\dataset\clean\Mo\Mo_0044.wav
Mo_0045.wav,Mo,1.0,16000,0.069282,0.459045,D:\STUPEN\Heartz\data-science\dataset\clean\Mo\Mo_0045.wav
Mo_0046.wav,Mo,1.0,16000,0.069282,0.473785,D:\STUPEN\Heartz\data-science\dataset\clean\Mo\Mo_0046.wav
Mo_0047.wav,Mo,1.0,16000,0.069282,0.462982,D:\STUPEN\Heartz\data-science\dataset\clean\Mo\Mo_0047.wav
Mo_0048.wav,Mo,1.0,16000,0.069282,0.451996,D:\STUPEN\Heartz\data-science\dataset\clean\Mo\Mo_0048.wav
Mo_0049.wav,Mo,1.0,16000,0.075895,0.544769,D:\STUPEN\Heartz\data-science\dataset\clean\Mo\Mo_0049.wav
Mo_0050.wav,Mo,1.0,16000,0.069282,0.518951,D:\STUPEN\Heartz\data-science\dataset\clean\Mo\Mo_0050.wav
Mo_0051.wav,Mo,1.0,16000,0.075895,0.533173,D:\STUPEN\Heartz\data-science\dataset\clean\Mo\Mo_0051.wav
Mo_0052.wav,Mo,1.0,16000,0.069282,0.462006,D:\STUPEN\Heartz\data-science\dataset\clean\Mo\Mo_0052.wav
Mo_0053.wav,Mo,1.0,16000,0.071554,0.4104,D:\STUPEN\Heartz\data-science\dataset\clean\Mo\Mo_0053.wav
Mo_0054.wav,Mo,1.0,16000,0.081976,0.536469,D:\STUPEN\Heartz\data-science\dataset\clean\Mo\Mo_0054.wav
Mo_0055.wav,Mo,1.0,16000,0.084934,0.502533,D:\STUPEN\Heartz\data-science\dataset\clean\Mo\Mo_0055.wav
Mo_0056.wav,Mo,1.0,16000,0.073756,0.42514,D:\STUPEN\Heartz\data-science\dataset\clean\Mo\Mo_0056.wav
Mo_0057.wav,Mo,1.0,16000,0.075895,0.428162,D:\STUPEN\Heartz\data-science\dataset\clean\Mo\Mo_0057.wav
Mo_0058.wav,Mo,1.0,16000,0.069282,0.474152,D:\STUPEN\Heartz\data-science\dataset\clean\Mo\Mo_0058.wav
Mo_0059.wav,Mo,1.0,16000,0.069282,0.451233,D:\STUPEN\Heartz\data-science\dataset\clean\Mo\Mo_0059.wav
Mo_0060.wav,Mo,1.0,16000,0.102758,0.539429,D:\STUPEN\Heartz\data-science\dataset\clean\Mo\Mo_0060.wav
Mo_0061.wav,Mo,1.0,16000,0.096333,0.546692,D:\STUPEN\Heartz\data-science\dataset\clean\Mo\Mo_0061.wav
Mo_0062.wav,Mo,1.0,16000,0.115906,0.603668,D:\STUPEN\Heartz\data-science\dataset\clean\Mo\Mo_0062.wav
Mo_0063.wav,Mo,1.0,16000,0.075895,0.458649,D:\STUPEN\Heartz\data-science\dataset\clean\Mo\Mo_0063.wav
Mo_0064.wav,Mo,1.0,16000,0.110244,0.589325,D:\STUPEN\Heartz\data-science\dataset\clean\Mo\Mo_0064.wav
Mo_0065.wav,Mo,1.0,16000,0.075895,0.504456,D:\STUPEN\Heartz\data-science\dataset\clean\Mo\Mo_0065.wav
Mo_0066.wav,Mo,1.0,16000,0.071554,0.484222,D:\STUPEN\Heartz\data-science\dataset\clean\Mo\Mo_0066.wav
Mo_0067.wav,Mo,1.0,16000,0.073756,0.491974,D:\STUPEN\Heartz\data-science\dataset\clean\Mo\Mo_0067.wav
Mo_0068.wav,Mo,1.0,16000,0.073756,0.531372,D:\STUPEN\Heartz\data-science\dataset\clean\Mo\Mo_0068.wav
Mo_0069.wav,Mo,1.0,16000,0.075895,0.516022,D:\STUPEN\Heartz\data-science\dataset\clean\Mo\Mo_0069.wav
Mo_0070.wav,Mo,1.0,16000,0.071554,0.505951,D:\STUPEN\Heartz\data-science\dataset\clean\Mo\Mo_0070.wav
Mo_0071.wav,Mo,1.0,16000,0.071554,0.503998,D:\STUPEN\Heartz\data-science\dataset\clean\Mo\Mo_0071.wav
Mo_0072.wav,Mo,1.0,16000,0.071554,0.497345,D:\STUPEN\Heartz\data-science\dataset\clean\Mo\Mo_0072.wav
Mo_0073.wav,Mo,1.0,16000,0.066933,0.479156,D:\STUPEN\Heartz\data-science\dataset\clean\Mo\Mo_0073.wav
Mo_0074.wav,Mo,1.0,16000,0.073756,0.457855,D:\STUPEN\Heartz\data-science\dataset\clean\Mo\Mo_0074.wav
Mo_0075.wav,Mo,1.0,16000,0.066933,0.464111,D:\STUPEN\Heartz\data-science\dataset\clean\Mo\Mo_0075.wav
Mo_0076.wav,Mo,1.0,16000,0.071554,0.442902,D:\STUPEN\Heartz\data-science\dataset\clean\Mo\Mo_0076.wav
Mo_0077.wav,Mo,1.0,16000,0.064498,0.455078,D:\STUPEN\Heartz\data-science\dataset\clean\Mo\Mo_0077.wav
Mo_0078.wav,Mo,1.0,16000,0.071554,0.460754,D:\STUPEN\Heartz\data-science\dataset\clean\Mo\Mo_0078.wav
Mo_0079.wav,Mo,1.0,16000,0.069282,0.459503,D:\STUPEN\Heartz\data-science\dataset\clean\Mo\Mo_0079.wav
Mo_0080.wav,Mo,1.0,16000,0.069282,0.510773,D:\STUPEN\Heartz\data-science\dataset\clean\Mo\Mo_0080.wav
Mo_0081.wav,Mo,1.0,16000,0.064498,0.503204,D:\STUPEN\Heartz\data-science\dataset\clean\Mo\Mo_0081.wav
Mo_0082.wav,Mo,1.0,16000,0.069282,0.51825,D:\STUPEN\Heartz\data-science\dataset\clean\Mo\Mo_0082.wav
Mo_0083.wav,Mo,1.0,16000,0.064498,0.444214,D:\STUPEN\Heartz\data-science\dataset\clean\Mo\Mo_0083.wav
Mo_0084.wav,Mo,1.0,16000,0.069282,0.493713,D:\STUPEN\Heartz\data-science\dataset\clean\Mo\Mo_0084.wav
Mo_0085.wav,Mo,1.0,16000,0.066933,0.470886,D:\STUPEN\Heartz\data-science\dataset\clean\Mo\Mo_0085.wav
Mo_0086.wav,Mo,1.0,16000,0.071554,0.485809,D:\STUPEN\Heartz\data-science\dataset\clean\Mo\Mo_0086.wav
Mo_0087.wav,Mo,1.0,16000,0.069282,0.457306,D:\STUPEN\Heartz\data-science\dataset\clean\Mo\Mo_0087.wav
Mo_0088.wav,Mo,1.0,16000,0.071554,0.5065,D:\STUPEN\Heartz\data-science\dataset\clean\Mo\Mo_0088.wav
Mo_0089.wav,Mo,1.0,16000,0.069282,0.567535,D:\STUPEN\Heartz\data-science\dataset\clean\Mo\Mo_0089.wav
Mo_0090.wav,Mo,1.0,16000,0.066933,0.509613,D:\STUPEN\Heartz\data-science\dataset\clean\Mo\Mo_0090.wav
Mo_0091.wav,Mo,1.0,16000,0.066933,0.477051,D:\STUPEN\Heartz\data-science\dataset\clean\Mo\Mo_0091.wav
Mo_0092.wav,Mo,1.0,16000,0.071554,0.437927,D:\STUPEN\Heartz\data-science\dataset\clean\Mo\Mo_0092.wav
Mo_0093.wav,Mo,1.0,16000,0.071554,0.477875,D:\STUPEN\Heartz\data-science\dataset\clean\Mo\Mo_0093.wav
Mo_0094.wav,Mo,1.0,16000,0.073756,0.457428,D:\STUPEN\Heartz\data-science\dataset\clean\Mo\Mo_0094.wav
Mo_0095.wav,Mo,1.0,16000,0.071554,0.501648,D:\STUPEN\Heartz\data-science\dataset\clean\Mo\Mo_0095.wav
Mo_0096.wav,Mo,1.0,16000,0.10907,0.799011,D:\STUPEN\Heartz\data-science\dataset\clean\Mo\Mo_0096.wav
Mo_0097.wav,Mo,1.0,16000,0.073756,0.434265,D:\STUPEN\Heartz\data-science\dataset\clean\Mo\Mo_0097.wav
Mo_0098.wav,Mo,1.0,16000,0.073756,0.462158,D:\STUPEN\Heartz\data-science\dataset\clean\Mo\Mo_0098.wav
Mo_0099.wav,Mo,1.0,16000,0.071554,0.486145,D:\STUPEN\Heartz\data-science\dataset\clean\Mo\Mo_0099.wav
Mo_0100.wav,Mo,1.0,16000,0.069282,0.50296,D:\STUPEN\Heartz\data-science\dataset\clean\Mo\Mo_0100.wav
Mo_0101.wav,Mo,1.0,16000,0.073756,0.463043,D:\STUPEN\Heartz\data-science\dataset\clean\Mo\Mo_0101.wav
Mo_0102.wav,Mo,1.0,16000,0.073756,0.466156,D:\STUPEN\Heartz\data-science\dataset\clean\Mo\Mo_0102.wav
Mo_0103.wav,Mo,1.0,16000,0.075895,0.481079,D:\STUPEN\Heartz\data-science\dataset\clean\Mo\Mo_0103.wav
Mo_0104.wav,Mo,1.0,16000,0.066933,0.461945,D:\STUPEN\Heartz\data-science\dataset\clean\Mo\Mo_0104.wav
Mo_0105.wav,Mo,1.0,16000,0.073756,0.426605,D:\STUPEN\Heartz\data-science\dataset\clean\Mo\Mo_0105.wav
Mo_0106.wav,Mo,1.0,16000,0.064498,0.456696,D:\STUPEN\Heartz\data-science\dataset\clean\Mo\Mo_0106.wav
Mo_0107.wav,Mo,1.0,16000,0.066933,0.50528,D:\STUPEN\Heartz\data-science\dataset\clean\Mo\Mo_0107.wav
Mo_0108.wav,Mo,1.0,16000,0.069282,0.447449,D:\STUPEN\Heartz\data-science\dataset\clean\Mo\Mo_0108.wav
Mo_0109.wav,Mo,1.0,16000,0.101193,0.555084,D:\STUPEN\Heartz\data-science\dataset\clean\Mo\Mo_0109.wav
Mo_0110.wav,Mo,1.0,16000,0.101193,0.658417,D:\STUPEN\Heartz\data-science\dataset\clean\Mo\Mo_0110.wav
Mo_0111.wav,Mo,1.0,16000,0.066933,0.463135,D:\STUPEN\Heartz\data-science\dataset\clean\Mo\Mo_0111.wav
Mo_0112.wav,Mo,1.0,16000,0.073756,0.541962,D:\STUPEN\Heartz\data-science\dataset\clean\Mo\Mo_0112.wav
Mo_0113.wav,Mo,1.0,16000,0.073756,0.51947,D:\STUPEN\Heartz\data-science\dataset\clean\Mo\Mo_0113.wav
Mo_0114.wav,Mo,1.0,16000,0.066933,0.520111,D:\STUPEN\Heartz\data-science\dataset\clean\Mo\Mo_0114.wav
Mo_0115.wav,Mo,1.0,16000,0.109077,0.555603,D:\STUPEN\Heartz\data-science\dataset\clean\Mo\Mo_0115.wav
Mo_0116.wav,Mo,1.0,16000,0.071554,0.512848,D:\STUPEN\Heartz\data-science\dataset\clean\Mo\Mo_0116.wav
Mo_0117.wav,Mo,1.0,16000,0.1043,0.533569,D:\STUPEN\Heartz\data-science\dataset\clean\Mo\Mo_0117.wav
Mo_0118.wav,Mo,1.0,16000,0.069282,0.506104,D:\STUPEN\Heartz\data-science\dataset\clean\Mo\Mo_0118.wav
Mo_0119.wav,Mo,1.0,16000,0.071554,0.522491,D:\STUPEN\Heartz\data-science\dataset\clean\Mo\Mo_0119.wav
Mo_0120.wav,Mo,1.0,16000,0.069282,0.463379,D:\STUPEN\Heartz\data-science\dataset\clean\Mo\Mo_0120.wav
Mo_0121.wav,Mo,1.0,16000,0.069282,0.445038,D:\STUPEN\Heartz\data-science\dataset\clean\Mo\Mo_0121.wav
Mo_0122.wav,Mo,1.0,16000,0.073756,0.574493,D:\STUPEN\Heartz\data-science\dataset\clean\Mo\Mo_0122.wav
Mo_0123.wav,Mo,1.0,16000,0.09798,0.62973,D:\STUPEN\Heartz\data-science\dataset\clean\Mo\Mo_0123.wav
Mo_0124.wav,Mo,1.0,16000,0.104307,0.479431,D:\STUPEN\Heartz\data-science\dataset\clean\Mo\Mo_0124.wav
Mo_0125.wav,Mo,1.0,16000,0.073757,0.493011,D:\STUPEN\Heartz\data-science\dataset\clean\Mo\Mo_0125.wav
Mo_0126.wav,Mo,1.0,16000,0.101193,0.683289,D:\STUPEN\Heartz\data-science\dataset\clean\Mo\Mo_0126.wav
Mo_0127.wav,Mo,1.0,16000,0.099599,0.56665,D:\STUPEN\Heartz\data-science\dataset\clean\Mo\Mo_0127.wav
Mo_0128.wav,Mo,1.0,16000,0.071554,0.5177,D:\STUPEN\Heartz\data-science\dataset\clean\Mo\Mo_0128.wav
Mo_0129.wav,Mo,1.0,16000,0.071554,0.475342,D:\STUPEN\Heartz\data-science\dataset\clean\Mo\Mo_0129.wav
Mo_0130.wav,Mo,1.0,16000,0.099599,0.708252,D:\STUPEN\Heartz\data-science\dataset\clean\Mo\Mo_0130.wav
Mo_0131.wav,Mo,1.0,16000,0.101193,0.625458,D:\STUPEN\Heartz\data-science\dataset\clean\Mo\Mo_0131.wav
Mo_0132.wav,Mo,1.0,16000,0.066933,0.47876,D:\STUPEN\Heartz\data-science\dataset\clean\Mo\Mo_0132.wav
Mo_0133.wav,Mo,1.0,16000,0.064498,0.467072,D:\STUPEN\Heartz\data-science\dataset\clean\Mo\Mo_0133.wav
Mo_0134.wav,Mo,1.0,16000,0.066933,0.480347,D:\STUPEN\Heartz\data-science\dataset\clean\Mo\Mo_0134.wav
Mo_0135.wav,Mo,1.0,16000,0.073756,0.470306,D:\STUPEN\Heartz\data-science\dataset\clean\Mo\Mo_0135.wav
Mo_0136.wav,Mo,1.0,16000,0.075895,0.507355,D:\STUPEN\Heartz\data-science\dataset\clean\Mo\Mo_0136.wav
Mo_0137.wav,Mo,1.0,16000,0.066933,0.547852,D:\STUPEN\Heartz\data-science\dataset\clean\Mo\Mo_0137.wav
Mo_0138.wav,Mo,1.0,16000,0.071554,0.435852,D:\STUPEN\Heartz\data-science\dataset\clean\Mo\Mo_0138.wav
Mo_0139.wav,Mo,1.0,16000,0.102762,0.551239,D:\STUPEN\Heartz\data-science\dataset\clean\Mo\Mo_0139.wav
Mo_0140.wav,Mo,1.0,16000,0.100518,0.512177,D:\STUPEN\Heartz\data-science\dataset\clean\Mo\Mo_0140.wav
Mo_0141.wav,Mo,1.0,16000,0.094657,0.531799,D:\STUPEN\Heartz\data-science\dataset\clean\Mo\Mo_0141.wav
Mo_0142.wav,Mo,1.0,16000,0.066933,0.464233,D:\STUPEN\Heartz\data-science\dataset\clean\Mo\Mo_0142.wav
Mo_0143.wav,Mo,1.0,16000,0.09132,0.536255,D:\STUPEN\Heartz\data-science\dataset\clean\Mo\Mo_0143.wav
Mo_0144.wav,Mo,1.0,16000,0.066933,0.390442,D:\STUPEN\Heartz\data-science\dataset\clean\Mo\Mo_0144.wav
Mo_0145.wav,Mo,1.0,16000,0.101141,0.572021,D:\STUPEN\Heartz\data-science\dataset\clean\Mo\Mo_0145.wav
Mo_0146.wav,Mo,1.0,16000,0.101193,0.447449,D:\STUPEN\Heartz\data-science\dataset\clean\Mo\Mo_0146.wav
Mo_0147.wav,Mo,1.0,16000,0.066933,0.498871,D:\STUPEN\Heartz\data-science\dataset\clean\Mo\Mo_0147.wav
Mo_0148.wav,Mo,1.0,16000,0.069282,0.497833,D:\STUPEN\Heartz\data-science\dataset\clean\Mo\Mo_0148.wav
Mo_0149.wav,Mo,1.0,16000,0.069282,0.466278,D:\STUPEN\Heartz\data-science\dataset\clean\Mo\Mo_0149.wav
Mo_0150.wav,Mo,1.0,16000,0.066933,0.458252,D:\STUPEN\Heartz\data-science\dataset\clean\Mo\Mo_0150.wav
Mo_0151.wav,Mo,1.0,16000,0.071554,0.557892,D:\STUPEN\Heartz\data-science\dataset\clean\Mo\Mo_0151.wav
Mo_0152.wav,Mo,1.0,16000,0.073756,0.462921,D:\STUPEN\Heartz\data-science\dataset\clean\Mo\Mo_0152.wav
Mo_0153.wav,Mo,1.0,16000,0.066933,0.494141,D:\STUPEN\Heartz\data-science\dataset\clean\Mo\Mo_0153.wav
Mo_0154.wav,Mo,1.0,16000,0.069282,0.402283,D:\STUPEN\Heartz\data-science\dataset\clean\Mo\Mo_0154.wav
Mo_0155.wav,Mo,1.0,16000,0.073756,0.46933,D:\STUPEN\Heartz\data-science\dataset\clean\Mo\Mo_0155.wav
Mo_0156.wav,Mo,1.0,16000,0.09798,0.624573,D:\STUPEN\Heartz\data-science\dataset\clean\Mo\Mo_0156.wav
Mo_0157.wav,Mo,1.0,16000,0.068783,0.364441,D:\STUPEN\Heartz\data-science\dataset\clean\Mo\Mo_0157.wav
Mo_0158.wav,Mo,1.0,16000,0.108543,0.502655,D:\STUPEN\Heartz\data-science\dataset\clean\Mo\Mo_0158.wav
Mo_0159.wav,Mo,1.0,16000,0.071554,0.521973,D:\STUPEN\Heartz\data-science\dataset\clean\Mo\Mo_0159.wav
Mo_0160.wav,Mo,1.0,16000,0.073756,0.515167,D:\STUPEN\Heartz\data-science\dataset\clean\Mo\Mo_0160.wav
Mo_0161.wav,Mo,1.0,16000,0.069282,0.475372,D:\STUPEN\Heartz\data-science\dataset\clean\Mo\Mo_0161.wav
Mo_0162.wav,Mo,1.0,16000,0.075895,0.459442,D:\STUPEN\Heartz\data-science\dataset\clean\Mo\Mo_0162.wav
Mo_0163.wav,Mo,1.0,16000,0.069282,0.545227,D:\STUPEN\Heartz\data-science\dataset\clean\Mo\Mo_0163.wav
Mo_0164.wav,Mo,1.0,16000,0.073756,0.546387,D:\STUPEN\Heartz\data-science\dataset\clean\Mo\Mo_0164.wav
Mo_0165.wav,Mo,1.0,16000,0.102761,0.493988,D:\STUPEN\Heartz\data-science\dataset\clean\Mo\Mo_0165.wav
Mo_0166.wav,Mo,1.0,16000,0.069282,0.544525,D:\STUPEN\Heartz\data-science\dataset\clean\Mo\Mo_0166.wav
Mo_0167.wav,Mo,1.0,16000,0.066933,0.544586,D:\STUPEN\Heartz\data-science\dataset\clean\Mo\Mo_0167.wav
Mo_0168.wav,Mo,1.0,16000,0.066933,0.44986,D:\STUPEN\Heartz\data-science\dataset\clean\Mo\Mo_0168.wav
Mo_0169.wav,Mo,1.0,16000,0.064498,0.516296,D:\STUPEN\Heartz\data-science\dataset\clean\Mo\Mo_0169.wav
Mo_0170.wav,Mo,1.0,16000,0.064498,0.454407,D:\STUPEN\Heartz\data-science\dataset\clean\Mo\Mo_0170.wav
Mo_0171.wav,Mo,1.0,16000,0.069282,0.475677,D:\STUPEN\Heartz\data-science\dataset\clean\Mo\Mo_0171.wav
Mo_0172.wav,Mo,1.0,16000,0.066933,0.425629,D:\STUPEN\Heartz\data-science\dataset\clean\Mo\Mo_0172.wav
Mo_0173.wav,Mo,1.0,16000,0.066933,0.386261,D:\STUPEN\Heartz\data-science\dataset\clean\Mo\Mo_0173.wav
Mo_0174.wav,Mo,1.0,16000,0.073756,0.416595,D:\STUPEN\Heartz\data-science\dataset\clean\Mo\Mo_0174.wav
Mo_0175.wav,Mo,1.0,16000,0.066933,0.478729,D:\STUPEN\Heartz\data-science\dataset\clean\Mo\Mo_0175.wav
Mo_0176.wav,Mo,1.0,16000,0.071554,0.427673,D:\STUPEN\Heartz\data-science\dataset\clean\Mo\Mo_0176.wav
Mo_0177.wav,Mo,1.0,16000,0.101191,0.702026,D:\STUPEN\Heartz\data-science\dataset\clean\Mo\Mo_0177.wav
Mo_0178.wav,Mo,1.0,16000,0.107326,0.490417,D:\STUPEN\Heartz\data-science\dataset\clean\Mo\Mo_0178.wav
Mo_0179.wav,Mo,1.0,16000,0.071554,0.626648,D:\STUPEN\Heartz\data-science\dataset\clean\Mo\Mo_0179.wav
Mo_0180.wav,Mo,1.0,16000,0.102762,0.562714,D:\STUPEN\Heartz\data-science\dataset\clean\Mo\Mo_0180.wav
Mo_0181.wav,Mo,1.0,16000,0.073756,0.460175,D:\STUPEN\Heartz\data-science\dataset\clean\Mo\Mo_0181.wav
Mo_0182.wav,Mo,1.0,16000,0.061968,0.37149,D:\STUPEN\Heartz\data-science\dataset\clean\Mo\Mo_0182.wav
Mo_0183.wav,Mo,1.0,16000,0.069282,0.467102,D:\STUPEN\Heartz\data-science\dataset\clean\Mo\Mo_0183.wav
Mo_0184.wav,Mo,1.0,16000,0.066933,0.401245,D:\STUPEN\Heartz\data-science\dataset\clean\Mo\Mo_0184.wav
Mo_0185.wav,Mo,1.0,16000,0.071554,0.420593,D:\STUPEN\Heartz\data-science\dataset\clean\Mo\Mo_0185.wav
Mo_0186.wav,Mo,1.0,16000,0.069282,0.454681,D:\STUPEN\Heartz\data-science\dataset\clean\Mo\Mo_0186.wav
Mo_0187.wav,Mo,1.0,16000,0.073756,0.504883,D:\STUPEN\Heartz\data-science\dataset\clean\Mo\Mo_0187.wav
Mo_0188.wav,Mo,1.0,16000,0.073756,0.500488,D:\STUPEN\Heartz\data-science\dataset\clean\Mo\Mo_0188.wav
Mo_0189.wav,Mo,1.0,16000,0.069282,0.453156,D:\STUPEN\Heartz\data-science\dataset\clean\Mo\Mo_0189.wav
Mo_0190.wav,Mo,1.0,16000,0.069282,0.518311,D:\STUPEN\Heartz\data-science\dataset\clean\Mo\Mo_0190.wav
Mo_0191.wav,Mo,1.0,16000,0.066933,0.428375,D:\STUPEN\Heartz\data-science\dataset\clean\Mo\Mo_0191.wav
Mo_0192.wav,Mo,1.0,16000,0.066933,0.474976,D:\STUPEN\Heartz\data-science\dataset\clean\Mo\Mo_0192.wav
Mo_0193.wav,Mo,1.0,16000,0.066933,0.448669,D:\STUPEN\Heartz\data-science\dataset\clean\Mo\Mo_0193.wav
Mo_0194.wav,Mo,1.0,16000,0.064498,0.447632,D:\STUPEN\Heartz\data-science\dataset\clean\Mo\Mo_0194.wav
Mo_0195.wav,Mo,1.0,16000,0.069282,0.445557,D:\STUPEN\Heartz\data-science\dataset\clean\Mo\Mo_0195.wav
Mo_0196.wav,Mo,1.0,16000,0.066933,0.494995,D:\STUPEN\Heartz\data-science\dataset\clean\Mo\Mo_0196.wav
Mo_0197.wav,Mo,1.0,16000,0.073756,0.502991,D:\STUPEN\Heartz\data-science\dataset\clean\Mo\Mo_0197.wav
Mo_0198.wav,Mo,1.0,16000,0.069282,0.435852,D:\STUPEN\Heartz\data-science\dataset\clean\Mo\Mo_0198.wav
Mo_0199.wav,Mo,1.0,16000,0.066933,0.473419,D:\STUPEN\Heartz\data-science\dataset\clean\Mo\Mo_0199.wav
Mo_0200.wav,Mo,1.0,16000,0.066933,0.473694,D:\STUPEN\Heartz\data-science\dataset\clean\Mo\Mo_0200.wav
Mo_0201.wav,Mo,1.0,16000,0.069282,0.459045,D:\STUPEN\Heartz\data-science\dataset\clean\Mo\Mo_0201.wav
Mo_0202.wav,Mo,1.0,16000,0.069282,0.473785,D:\STUPEN\Heartz\data-science\dataset\clean\Mo\Mo_0202.wav
Mo_0203.wav,Mo,1.0,16000,0.069282,0.462982,D:\STUPEN\Heartz\data-science\dataset\clean\Mo\Mo_0203.wav
Mo_0204.wav,Mo,1.0,16000,0.069282,0.451996,D:\STUPEN\Heartz\data-science\dataset\clean\Mo\Mo_0204.wav
Mo_0205.wav,Mo,1.0,16000,0.075895,0.544769,D:\STUPEN\Heartz\data-science\dataset\clean\Mo\Mo_0205.wav
Mo_0206.wav,Mo,1.0,16000,0.069282,0.518951,D:\STUPEN\Heartz\data-science\dataset\clean\Mo\Mo_0206.wav
Mo_0207.wav,Mo,1.0,16000,0.075895,0.533173,D:\STUPEN\Heartz\data-science\dataset\clean\Mo\Mo_0207.wav
Mo_0208.wav,Mo,1.0,16000,0.069282,0.462006,D:\STUPEN\Heartz\data-science\dataset\clean\Mo\Mo_0208.wav
Mo_0209.wav,Mo,1.0,16000,0.071554,0.4104,D:\STUPEN\Heartz\data-science\dataset\clean\Mo\Mo_0209.wav
Mo_0210.wav,Mo,1.0,16000,0.081976,0.536469,D:\STUPEN\Heartz\data-science\dataset\clean\Mo\Mo_0210.wav
Mo_0211.wav,Mo,1.0,16000,0.084934,0.502533,D:\STUPEN\Heartz\data-science\dataset\clean\Mo\Mo_0211.wav
Mo_0212.wav,Mo,1.0,16000,0.073756,0.42514,D:\STUPEN\Heartz\data-science\dataset\clean\Mo\Mo_0212.wav
Mo_0213.wav,Mo,1.0,16000,0.075895,0.428162,D:\STUPEN\Heartz\data-science\dataset\clean\Mo\Mo_0213.wav
Mo_0214.wav,Mo,1.0,16000,0.069282,0.474152,D:\STUPEN\Heartz\data-science\dataset\clean\Mo\Mo_0214.wav
Mo_0215.wav,Mo,1.0,16000,0.069282,0.451233,D:\STUPEN\Heartz\data-science\dataset\clean\Mo\Mo_0215.wav
Mo_0216.wav,Mo,1.0,16000,0.102758,0.539429,D:\STUPEN\Heartz\data-science\dataset\clean\Mo\Mo_0216.wav
Mo_0217.wav,Mo,1.0,16000,0.096333,0.546692,D:\STUPEN\Heartz\data-science\dataset\clean\Mo\Mo_0217.wav
Mo_0218.wav,Mo,1.0,16000,0.115906,0.603668,D:\STUPEN\Heartz\data-science\dataset\clean\Mo\Mo_0218.wav
Mo_0219.wav,Mo,1.0,16000,0.075895,0.458649,D:\STUPEN\Heartz\data-science\dataset\clean\Mo\Mo_0219.wav
Mo_0220.wav,Mo,1.0,16000,0.110244,0.589325,D:\STUPEN\Heartz\data-science\dataset\clean\Mo\Mo_0220.wav
Mo_0221.wav,Mo,1.0,16000,0.075895,0.504456,D:\STUPEN\Heartz\data-science\dataset\clean\Mo\Mo_0221.wav
Mo_0222.wav,Mo,1.0,16000,0.071554,0.484222,D:\STUPEN\Heartz\data-science\dataset\clean\Mo\Mo_0222.wav
Mo_0223.wav,Mo,1.0,16000,0.073756,0.491974,D:\STUPEN\Heartz\data-science\dataset\clean\Mo\Mo_0223.wav
Mo_0224.wav,Mo,1.0,16000,0.073756,0.531372,D:\STUPEN\Heartz\data-science\dataset\clean\Mo\Mo_0224.wav
Mo_0225.wav,Mo,1.0,16000,0.075895,0.516022,D:\STUPEN\Heartz\data-science\dataset\clean\Mo\Mo_0225.wav
Mo_0226.wav,Mo,1.0,16000,0.071554,0.505951,D:\STUPEN\Heartz\data-science\dataset\clean\Mo\Mo_0226.wav
Mo_0227.wav,Mo,1.0,16000,0.071554,0.503998,D:\STUPEN\Heartz\data-science\dataset\clean\Mo\Mo_0227.wav
Mo_0228.wav,Mo,1.0,16000,0.071554,0.497345,D:\STUPEN\Heartz\data-science\dataset\clean\Mo\Mo_0228.wav
Mo_0229.wav,Mo,1.0,16000,0.066933,0.479156,D:\STUPEN\Heartz\data-science\dataset\clean\Mo\Mo_0229.wav
Mo_0230.wav,Mo,1.0,16000,0.073756,0.457855,D:\STUPEN\Heartz\data-science\dataset\clean\Mo\Mo_0230.wav
Mo_0231.wav,Mo,1.0,16000,0.066933,0.464111,D:\STUPEN\Heartz\data-science\dataset\clean\Mo\Mo_0231.wav
Mo_0232.wav,Mo,1.0,16000,0.071554,0.442902,D:\STUPEN\Heartz\data-science\dataset\clean\Mo\Mo_0232.wav
Mo_0233.wav,Mo,1.0,16000,0.064498,0.455078,D:\STUPEN\Heartz\data-science\dataset\clean\Mo\Mo_0233.wav
Mo_0234.wav,Mo,1.0,16000,0.071554,0.460754,D:\STUPEN\Heartz\data-science\dataset\clean\Mo\Mo_0234.wav
Mo_0235.wav,Mo,1.0,16000,0.069282,0.459503,D:\STUPEN\Heartz\data-science\dataset\clean\Mo\Mo_0235.wav
Mo_0236.wav,Mo,1.0,16000,0.069282,0.510773,D:\STUPEN\Heartz\data-science\dataset\clean\Mo\Mo_0236.wav
Mo_0237.wav,Mo,1.0,16000,0.064498,0.503204,D:\STUPEN\Heartz\data-science\dataset\clean\Mo\Mo_0237.wav
Mo_0238.wav,Mo,1.0,16000,0.069282,0.51825,D:\STUPEN\Heartz\data-science\dataset\clean\Mo\Mo_0238.wav
Mo_0239.wav,Mo,1.0,16000,0.064498,0.444214,D:\STUPEN\Heartz\data-science\dataset\clean\Mo\Mo_0239.wav
Mo_0240.wav,Mo,1.0,16000,0.069282,0.493713,D:\STUPEN\Heartz\data-science\dataset\clean\Mo\Mo_0240.wav
Mo_0241.wav,Mo,1.0,16000,0.066933,0.470886,D:\STUPEN\Heartz\data-science\dataset\clean\Mo\Mo_0241.wav
Mo_0242.wav,Mo,1.0,16000,0.071554,0.485809,D:\STUPEN\Heartz\data-science\dataset\clean\Mo\Mo_0242.wav
Mo_0243.wav,Mo,1.0,16000,0.069282,0.457306,D:\STUPEN\Heartz\data-science\dataset\clean\Mo\Mo_0243.wav
Mo_0244.wav,Mo,1.0,16000,0.071554,0.5065,D:\STUPEN\Heartz\data-science\dataset\clean\Mo\Mo_0244.wav
Mo_0245.wav,Mo,1.0,16000,0.069282,0.567535,D:\STUPEN\Heartz\data-science\dataset\clean\Mo\Mo_0245.wav
Mo_0246.wav,Mo,1.0,16000,0.066933,0.509613,D:\STUPEN\Heartz\data-science\dataset\clean\Mo\Mo_0246.wav
Mo_0247.wav,Mo,1.0,16000,0.066933,0.477051,D:\STUPEN\Heartz\data-science\dataset\clean\Mo\Mo_0247.wav
Mo_0248.wav,Mo,1.0,16000,0.071554,0.437927,D:\STUPEN\Heartz\data-science\dataset\clean\Mo\Mo_0248.wav
Mo_0249.wav,Mo,1.0,16000,0.071554,0.477875,D:\STUPEN\Heartz\data-science\dataset\clean\Mo\Mo_0249.wav
Mo_0250.wav,Mo,1.0,16000,0.073756,0.457428,D:\STUPEN\Heartz\data-science\dataset\clean\Mo\Mo_0250.wav
Mo_0251.wav,Mo,1.0,16000,0.071554,0.501648,D:\STUPEN\Heartz\data-science\dataset\clean\Mo\Mo_0251.wav
Mo_0252.wav,Mo,1.0,16000,0.10907,0.799011,D:\STUPEN\Heartz\data-science\dataset\clean\Mo\Mo_0252.wav
Mo_0253.wav,Mo,1.0,16000,0.073756,0.434265,D:\STUPEN\Heartz\data-science\dataset\clean\Mo\Mo_0253.wav
Mo_0254.wav,Mo,1.0,16000,0.073756,0.462158,D:\STUPEN\Heartz\data-science\dataset\clean\Mo\Mo_0254.wav
Mo_0255.wav,Mo,1.0,16000,0.071554,0.486145,D:\STUPEN\Heartz\data-science\dataset\clean\Mo\Mo_0255.wav
Mo_0256.wav,Mo,1.0,16000,0.069282,0.50296,D:\STUPEN\Heartz\data-science\dataset\clean\Mo\Mo_0256.wav
Mo_0257.wav,Mo,1.0,16000,0.073756,0.463043,D:\STUPEN\Heartz\data-science\dataset\clean\Mo\Mo_0257.wav
Mo_0258.wav,Mo,1.0,16000,0.073756,0.466156,D:\STUPEN\Heartz\data-science\dataset\clean\Mo\Mo_0258.wav
Mo_0259.wav,Mo,1.0,16000,0.075895,0.481079,D:\STUPEN\Heartz\data-science\dataset\clean\Mo\Mo_0259.wav
Mo_0260.wav,Mo,1.0,16000,0.066933,0.461945,D:\STUPEN\Heartz\data-science\dataset\clean\Mo\Mo_0260.wav
Mo_0261.wav,Mo,1.0,16000,0.073756,0.426605,D:\STUPEN\Heartz\data-science\dataset\clean\Mo\Mo_0261.wav
Mo_0262.wav,Mo,1.0,16000,0.064498,0.456696,D:\STUPEN\Heartz\data-science\dataset\clean\Mo\Mo_0262.wav
Mo_0263.wav,Mo,1.0,16000,0.066933,0.50528,D:\STUPEN\Heartz\data-science\dataset\clean\Mo\Mo_0263.wav
Mo_0264.wav,Mo,1.0,16000,0.069282,0.447449,D:\STUPEN\Heartz\data-science\dataset\clean\Mo\Mo_0264.wav
Mo_0265.wav,Mo,1.0,16000,0.101193,0.555084,D:\STUPEN\Heartz\data-science\dataset\clean\Mo\Mo_0265.wav
Mo_0266.wav,Mo,1.0,16000,0.101193,0.658417,D:\STUPEN\Heartz\data-science\dataset\clean\Mo\Mo_0266.wav
Mo_0267.wav,Mo,1.0,16000,0.066933,0.463135,D:\STUPEN\Heartz\data-science\dataset\clean\Mo\Mo_0267.wav
Mo_0268.wav,Mo,1.0,16000,0.073756,0.541962,D:\STUPEN\Heartz\data-science\dataset\clean\Mo\Mo_0268.wav
Mo_0269.wav,Mo,1.0,16000,0.073756,0.51947,D:\STUPEN\Heartz\data-science\dataset\clean\Mo\Mo_0269.wav
Mo_0270.wav,Mo,1.0,16000,0.066933,0.520111,D:\STUPEN\Heartz\data-science\dataset\clean\Mo\Mo_0270.wav
Mo_0271.wav,Mo,1.0,16000,0.109077,0.555603,D:\STUPEN\Heartz\data-science\dataset\clean\Mo\Mo_0271.wav
Mo_0272.wav,Mo,1.0,16000,0.071554,0.512848,D:\STUPEN\Heartz\data-science\dataset\clean\Mo\Mo_0272.wav
Mo_0273.wav,Mo,1.0,16000,0.1043,0.533569,D:\STUPEN\Heartz\data-science\dataset\clean\Mo\Mo_0273.wav
Mo_0274.wav,Mo,1.0,16000,0.069282,0.506104,D:\STUPEN\Heartz\data-science\dataset\clean\Mo\Mo_0274.wav
Mo_0275.wav,Mo,1.0,16000,0.071554,0.522491,D:\STUPEN\Heartz\data-science\dataset\clean\Mo\Mo_0275.wav
Mo_0276.wav,Mo,1.0,16000,0.069282,0.463379,D:\STUPEN\Heartz\data-science\dataset\clean\Mo\Mo_0276.wav
Mo_0277.wav,Mo,1.0,16000,0.069282,0.445038,D:\STUPEN\Heartz\data-science\dataset\clean\Mo\Mo_0277.wav
Mo_0278.wav,Mo,1.0,16000,0.073756,0.574493,D:\STUPEN\Heartz\data-science\dataset\clean\Mo\Mo_0278.wav
Mo_0279.wav,Mo,1.0,16000,0.09798,0.62973,D:\STUPEN\Heartz\data-science\dataset\clean\Mo\Mo_0279.wav
Mo_0280.wav,Mo,1.0,16000,0.104307,0.479431,D:\STUPEN\Heartz\data-science\dataset\clean\Mo\Mo_0280.wav
Mo_0281.wav,Mo,1.0,16000,0.073757,0.493011,D:\STUPEN\Heartz\data-science\dataset\clean\Mo\Mo_0281.wav
Mo_0282.wav,Mo,1.0,16000,0.101193,0.683289,D:\STUPEN\Heartz\data-science\dataset\clean\Mo\Mo_0282.wav
Mo_0283.wav,Mo,1.0,16000,0.099599,0.56665,D:\STUPEN\Heartz\data-science\dataset\clean\Mo\Mo_0283.wav
Mo_0284.wav,Mo,1.0,16000,0.071554,0.5177,D:\STUPEN\Heartz\data-science\dataset\clean\Mo\Mo_0284.wav
Mo_0285.wav,Mo,1.0,16000,0.071554,0.475342,D:\STUPEN\Heartz\data-science\dataset\clean\Mo\Mo_0285.wav
Mo_0286.wav,Mo,1.0,16000,0.099599,0.708252,D:\STUPEN\Heartz\data-science\dataset\clean\Mo\Mo_0286.wav
Mo_0287.wav,Mo,1.0,16000,0.101193,0.625458,D:\STUPEN\Heartz\data-science\dataset\clean\Mo\Mo_0287.wav
Mo_0288.wav,Mo,1.0,16000,0.066933,0.47876,D:\STUPEN\Heartz\data-science\dataset\clean\Mo\Mo_0288.wav
Mo_0289.wav,Mo,1.0,16000,0.064498,0.467072,D:\STUPEN\Heartz\data-science\dataset\clean\Mo\Mo_0289.wav
Mo_0290.wav,Mo,1.0,16000,0.066933,0.480347,D:\STUPEN\Heartz\data-science\dataset\clean\Mo\Mo_0290.wav
Mo_0291.wav,Mo,1.0,16000,0.073756,0.470306,D:\STUPEN\Heartz\data-science\dataset\clean\Mo\Mo_0291.wav
Mo_0292.wav,Mo,1.0,16000,0.075895,0.507355,D:\STUPEN\Heartz\data-science\dataset\clean\Mo\Mo_0292.wav
Mo_0293.wav,Mo,1.0,16000,0.066933,0.547852,D:\STUPEN\Heartz\data-science\dataset\clean\Mo\Mo_0293.wav
Mo_0294.wav,Mo,1.0,16000,0.071554,0.435852,D:\STUPEN\Heartz\data-science\dataset\clean\Mo\Mo_0294.wav
Mo_0295.wav,Mo,1.0,16000,0.102762,0.551239,D:\STUPEN\Heartz\data-science\dataset\clean\Mo\Mo_0295.wav
Mo_0296.wav,Mo,1.0,16000,0.100518,0.512177,D:\STUPEN\Heartz\data-science\dataset\clean\Mo\Mo_0296.wav
Mo_0297.wav,Mo,1.0,16000,0.094657,0.531799,D:\STUPEN\Heartz\data-science\dataset\clean\Mo\Mo_0297.wav
Mo_0298.wav,Mo,1.0,16000,0.066933,0.464233,D:\STUPEN\Heartz\data-science\dataset\clean\Mo\Mo_0298.wav
Mo_0299.wav,Mo,1.0,16000,0.09132,0.536255,D:\STUPEN\Heartz\data-science\dataset\clean\Mo\Mo_0299.wav
Mo_0300.wav,Mo,1.0,16000,0.066933,0.390442,D:\STUPEN\Heartz\data-science\dataset\clean\Mo\Mo_0300.wav
Mo_0301.wav,Mo,1.0,16000,0.101141,0.572021,D:\STUPEN\Heartz\data-science\dataset\clean\Mo\Mo_0301.wav
Mo_0302.wav,Mo,1.0,16000,0.101193,0.447449,D:\STUPEN\Heartz\data-science\dataset\clean\Mo\Mo_0302.wav
Mo_0303.wav,Mo,1.0,16000,0.066933,0.498871,D:\STUPEN\Heartz\data-science\dataset\clean\Mo\Mo_0303.wav
Mo_0304.wav,Mo,1.0,16000,0.069282,0.497833,D:\STUPEN\Heartz\data-science\dataset\clean\Mo\Mo_0304.wav
Mo_0305.wav,Mo,1.0,16000,0.069282,0.466278,D:\STUPEN\Heartz\data-science\dataset\clean\Mo\Mo_0305.wav
Mo_0306.wav,Mo,1.0,16000,0.066933,0.458252,D:\STUPEN\Heartz\data-science\dataset\clean\Mo\Mo_0306.wav
Mo_0307.wav,Mo,1.0,16000,0.071554,0.557892,D:\STUPEN\Heartz\data-science\dataset\clean\Mo\Mo_0307.wav
Mo_0308.wav,Mo,1.0,16000,0.073756,0.462921,D:\STUPEN\Heartz\data-science\dataset\clean\Mo\Mo_0308.wav
Mo_0309.wav,Mo,1.0,16000,0.066933,0.494141,D:\STUPEN\Heartz\data-science\dataset\clean\Mo\Mo_0309.wav
Mo_0310.wav,Mo,1.0,16000,0.069282,0.402283,D:\STUPEN\Heartz\data-science\dataset\clean\Mo\Mo_0310.wav
Mo_0311.wav,Mo,1.0,16000,0.073756,0.46933,D:\STUPEN\Heartz\data-science\dataset\clean\Mo\Mo_0311.wav
Mo_0312.wav,Mo,1.0,16000,0.09798,0.624573,D:\STUPEN\Heartz\data-science\dataset\clean\Mo\Mo_0312.wav
Mo_0313.wav,Mo,1.0,16000,0.068783,0.364441,D:\STUPEN\Heartz\data-science\dataset\clean\Mo\Mo_0313.wav
Mo_0314.wav,Mo,1.0,16000,0.108543,0.502655,D:\STUPEN\Heartz\data-science\dataset\clean\Mo\Mo_0314.wav
Mo_0315.wav,Mo,1.0,16000,0.071554,0.521973,D:\STUPEN\Heartz\data-science\dataset\clean\Mo\Mo_0315.wav
Mo_0316.wav,Mo,1.0,16000,0.073756,0.515167,D:\STUPEN\Heartz\data-science\dataset\clean\Mo\Mo_0316.wav
Mo_0317.wav,Mo,1.0,16000,0.069282,0.475372,D:\STUPEN\Heartz\data-science\dataset\clean\Mo\Mo_0317.wav
Mo_0318.wav,Mo,1.0,16000,0.075895,0.459442,D:\STUPEN\Heartz\data-science\dataset\clean\Mo\Mo_0318.wav
Mo_0319.wav,Mo,1.0,16000,0.069282,0.545227,D:\STUPEN\Heartz\data-science\dataset\clean\Mo\Mo_0319.wav
Mo_0320.wav,Mo,1.0,16000,0.073756,0.546387,D:\STUPEN\Heartz\data-science\dataset\clean\Mo\Mo_0320.wav
Mo_0321.wav,Mo,1.0,16000,0.102761,0.493988,D:\STUPEN\Heartz\data-science\dataset\clean\Mo\Mo_0321.wav
Mo_0322.wav,Mo,1.0,16000,0.069282,0.544525,D:\STUPEN\Heartz\data-science\dataset\clean\Mo\Mo_0322.wav
Mo_0323.wav,Mo,1.0,16000,0.066933,0.544586,D:\STUPEN\Heartz\data-science\dataset\clean\Mo\Mo_0323.wav
Mo_0324.wav,Mo,1.0,16000,0.066933,0.44986,D:\STUPEN\Heartz\data-science\dataset\clean\Mo\Mo_0324.wav
Mo_0325.wav,Mo,1.0,16000,0.064498,0.516296,D:\STUPEN\Heartz\data-science\dataset\clean\Mo\Mo_0325.wav
Mo_0326.wav,Mo,1.0,16000,0.064498,0.454407,D:\STUPEN\Heartz\data-science\dataset\clean\Mo\Mo_0326.wav
Mo_0327.wav,Mo,1.0,16000,0.069282,0.475677,D:\STUPEN\Heartz\data-science\dataset\clean\Mo\Mo_0327.wav
Mo_0328.wav,Mo,1.0,16000,0.066933,0.425629,D:\STUPEN\Heartz\data-science\dataset\clean\Mo\Mo_0328.wav
Mo_0329.wav,Mo,1.0,16000,0.066933,0.386261,D:\STUPEN\Heartz\data-science\dataset\clean\Mo\Mo_0329.wav
Mo_0330.wav,Mo,1.0,16000,0.073756,0.416595,D:\STUPEN\Heartz\data-science\dataset\clean\Mo\Mo_0330.wav
Mo_0331.wav,Mo,1.0,16000,0.066933,0.478729,D:\STUPEN\Heartz\data-science\dataset\clean\Mo\Mo_0331.wav
Mo_0332.wav,Mo,1.0,16000,0.071554,0.427673,D:\STUPEN\Heartz\data-science\dataset\clean\Mo\Mo_0332.wav
Mo_0333.wav,Mo,1.0,16000,0.101191,0.702026,D:\STUPEN\Heartz\data-science\dataset\clean\Mo\Mo_0333.wav
Mo_0334.wav,Mo,1.0,16000,0.107326,0.490417,D:\STUPEN\Heartz\data-science\dataset\clean\Mo\Mo_0334.wav
Mo_0335.wav,Mo,1.0,16000,0.071554,0.626648,D:\STUPEN\Heartz\data-science\dataset\clean\Mo\Mo_0335.wav
Mo_0336.wav,Mo,1.0,16000,0.102762,0.562714,D:\STUPEN\Heartz\data-science\dataset\clean\Mo\Mo_0336.wav
Mo_0337.wav,Mo,1.0,16000,0.073756,0.460175,D:\STUPEN\Heartz\data-science\dataset\clean\Mo\Mo_0337.wav
Mo_0338.wav,Mo,1.0,16000,0.061968,0.37149,D:\STUPEN\Heartz\data-science\dataset\clean\Mo\Mo_0338.wav
Mo_0339.wav,Mo,1.0,16000,0.069282,0.467102,D:\STUPEN\Heartz\data-science\dataset\clean\Mo\Mo_0339.wav
Mo_0340.wav,Mo,1.0,16000,0.066933,0.401245,D:\STUPEN\Heartz\data-science\dataset\clean\Mo\Mo_0340.wav
Mo_0341.wav,Mo,1.0,16000,0.071554,0.420593,D:\STUPEN\Heartz\data-science\dataset\clean\Mo\Mo_0341.wav
Mo_0342.wav,Mo,1.0,16000,0.069282,0.454681,D:\STUPEN\Heartz\data-science\dataset\clean\Mo\Mo_0342.wav
Mo_0343.wav,Mo,1.0,16000,0.073756,0.504883,D:\STUPEN\Heartz\data-science\dataset\clean\Mo\Mo_0343.wav
Mo_0344.wav,Mo,1.0,16000,0.073756,0.500488,D:\STUPEN\Heartz\data-science\dataset\clean\Mo\Mo_0344.wav
Mo_0345.wav,Mo,1.0,16000,0.069282,0.453156,D:\STUPEN\Heartz\data-science\dataset\clean\Mo\Mo_0345.wav
Mo_0346.wav,Mo,1.0,16000,0.069282,0.518311,D:\STUPEN\Heartz\data-science\dataset\clean\Mo\Mo_0346.wav
Mo_0347.wav,Mo,1.0,16000,0.066933,0.428375,D:\STUPEN\Heartz\data-science\dataset\clean\Mo\Mo_0347.wav
Mo_0348.wav,Mo,1.0,16000,0.066933,0.474976,D:\STUPEN\Heartz\data-science\dataset\clean\Mo\Mo_0348.wav
Mo_0349.wav,Mo,1.0,16000,0.066933,0.448669,D:\STUPEN\Heartz\data-science\dataset\clean\Mo\Mo_0349.wav
Mo_0350.wav,Mo,1.0,16000,0.064498,0.447632,D:\STUPEN\Heartz\data-science\dataset\clean\Mo\Mo_0350.wav
Mo_0351.wav,Mo,1.0,16000,0.069282,0.445557,D:\STUPEN\Heartz\data-science\dataset\clean\Mo\Mo_0351.wav
Mo_0352.wav,Mo,1.0,16000,0.066933,0.494995,D:\STUPEN\Heartz\data-science\dataset\clean\Mo\Mo_0352.wav
Mo_0353.wav,Mo,1.0,16000,0.073756,0.502991,D:\STUPEN\Heartz\data-science\dataset\clean\Mo\Mo_0353.wav
Mo_0354.wav,Mo,1.0,16000,0.069282,0.435852,D:\STUPEN\Heartz\data-science\dataset\clean\Mo\Mo_0354.wav
Mo_0355.wav,Mo,1.0,16000,0.066933,0.473419,D:\STUPEN\Heartz\data-science\dataset\clean\Mo\Mo_0355.wav
Mo_0356.wav,Mo,1.0,16000,0.066933,0.473694,D:\STUPEN\Heartz\data-science\dataset\clean\Mo\Mo_0356.wav
Mo_0357.wav,Mo,1.0,16000,0.069282,0.459045,D:\STUPEN\Heartz\data-science\dataset\clean\Mo\Mo_0357.wav
Mo_0358.wav,Mo,1.0,16000,0.069282,0.473785,D:\STUPEN\Heartz\data-science\dataset\clean\Mo\Mo_0358.wav
Mo_0359.wav,Mo,1.0,16000,0.069282,0.462982,D:\STUPEN\Heartz\data-science\dataset\clean\Mo\Mo_0359.wav
Mo_0360.wav,Mo,1.0,16000,0.069282,0.451996,D:\STUPEN\Heartz\data-science\dataset\clean\Mo\Mo_0360.wav
Mo_0361.wav,Mo,1.0,16000,0.075895,0.544769,D:\STUPEN\Heartz\data-science\dataset\clean\Mo\Mo_0361.wav
Mo_0362.wav,Mo,1.0,16000,0.069282,0.518951,D:\STUPEN\Heartz\data-science\dataset\clean\Mo\Mo_0362.wav
Mo_0363.wav,Mo,1.0,16000,0.075895,0.533173,D:\STUPEN\Heartz\data-science\dataset\clean\Mo\Mo_0363.wav
Mo_0364.wav,Mo,1.0,16000,0.069282,0.462006,D:\STUPEN\Heartz\data-science\dataset\clean\Mo\Mo_0364.wav
Mo_0365.wav,Mo,1.0,16000,0.071554,0.4104,D:\STUPEN\Heartz\data-science\dataset\clean\Mo\Mo_0365.wav
Mo_0366.wav,Mo,1.0,16000,0.081976,0.536469,D:\STUPEN\Heartz\data-science\dataset\clean\Mo\Mo_0366.wav
Mo_0367.wav,Mo,1.0,16000,0.084934,0.502533,D:\STUPEN\Heartz\data-science\dataset\clean\Mo\Mo_0367.wav
Mo_0368.wav,Mo,1.0,16000,0.073756,0.42514,D:\STUPEN\Heartz\data-science\dataset\clean\Mo\Mo_0368.wav
Mo_0369.wav,Mo,1.0,16000,0.075895,0.428162,D:\STUPEN\Heartz\data-science\dataset\clean\Mo\Mo_0369.wav
Mo_0370.wav,Mo,1.0,16000,0.069282,0.474152,D:\STUPEN\Heartz\data-science\dataset\clean\Mo\Mo_0370.wav
Mo_0371.wav,Mo,1.0,16000,0.069282,0.451233,D:\STUPEN\Heartz\data-science\dataset\clean\Mo\Mo_0371.wav
Mo_0372.wav,Mo,1.0,16000,0.102758,0.539429,D:\STUPEN\Heartz\data-science\dataset\clean\Mo\Mo_0372.wav
Mo_0373.wav,Mo,1.0,16000,0.096333,0.546692,D:\STUPEN\Heartz\data-science\dataset\clean\Mo\Mo_0373.wav
Mo_0374.wav,Mo,1.0,16000,0.115906,0.603668,D:\STUPEN\Heartz\data-science\dataset\clean\Mo\Mo_0374.wav
Mo_0375.wav,Mo,1.0,16000,0.075895,0.458649,D:\STUPEN\Heartz\data-science\dataset\clean\Mo\Mo_0375.wav
Mo_0376.wav,Mo,1.0,16000,0.110244,0.589325,D:\STUPEN\Heartz\data-science\dataset\clean\Mo\Mo_0376.wav
Mo_0377.wav,Mo,1.0,16000,0.075895,0.504456,D:\STUPEN\Heartz\data-science\dataset\clean\Mo\Mo_0377.wav
Mo_0378.wav,Mo,1.0,16000,0.071554,0.484222,D:\STUPEN\Heartz\data-science\dataset\clean\Mo\Mo_0378.wav
Mo_0379.wav,Mo,1.0,16000,0.073756,0.491974,D:\STUPEN\Heartz\data-science\dataset\clean\Mo\Mo_0379.wav
Mo_0380.wav,Mo,1.0,16000,0.073756,0.531372,D:\STUPEN\Heartz\data-science\dataset\clean\Mo\Mo_0380.wav
Mo_0381.wav,Mo,1.0,16000,0.075895,0.516022,D:\STUPEN\Heartz\data-science\dataset\clean\Mo\Mo_0381.wav
Mo_0382.wav,Mo,1.0,16000,0.071554,0.505951,D:\STUPEN\Heartz\data-science\dataset\clean\Mo\Mo_0382.wav
Mo_0383.wav,Mo,1.0,16000,0.071554,0.503998,D:\STUPEN\Heartz\data-science\dataset\clean\Mo\Mo_0383.wav
Mo_0384.wav,Mo,1.0,16000,0.071554,0.497345,D:\STUPEN\Heartz\data-science\dataset\clean\Mo\Mo_0384.wav
Mo_0385.wav,Mo,1.0,16000,0.066933,0.479156,D:\STUPEN\Heartz\data-science\dataset\clean\Mo\Mo_0385.wav
Mo_0386.wav,Mo,1.0,16000,0.073756,0.457855,D:\STUPEN\Heartz\data-science\dataset\clean\Mo\Mo_0386.wav
Mo_0387.wav,Mo,1.0,16000,0.066933,0.464111,D:\STUPEN\Heartz\data-science\dataset\clean\Mo\Mo_0387.wav
Mo_0388.wav,Mo,1.0,16000,0.071554,0.442902,D:\STUPEN\Heartz\data-science\dataset\clean\Mo\Mo_0388.wav
Mo_0389.wav,Mo,1.0,16000,0.064498,0.455078,D:\STUPEN\Heartz\data-science\dataset\clean\Mo\Mo_0389.wav
Mo_0390.wav,Mo,1.0,16000,0.071554,0.460754,D:\STUPEN\Heartz\data-science\dataset\clean\Mo\Mo_0390.wav
Mo_0391.wav,Mo,1.0,16000,0.069282,0.459503,D:\STUPEN\Heartz\data-science\dataset\clean\Mo\Mo_0391.wav
Mo_0392.wav,Mo,1.0,16000,0.069282,0.510773,D:\STUPEN\Heartz\data-science\dataset\clean\Mo\Mo_0392.wav
Mo_0393.wav,Mo,1.0,16000,0.064498,0.503204,D:\STUPEN\Heartz\data-science\dataset\clean\Mo\Mo_0393.wav
Mo_0394.wav,Mo,1.0,16000,0.069282,0.51825,D:\STUPEN\Heartz\data-science\dataset\clean\Mo\Mo_0394.wav
Mo_0395.wav,Mo,1.0,16000,0.064498,0.444214,D:\STUPEN\Heartz\data-science\dataset\clean\Mo\Mo_0395.wav
Mo_0396.wav,Mo,1.0,16000,0.069282,0.493713,D:\STUPEN\Heartz\data-science\dataset\clean\Mo\Mo_0396.wav
Mo_0397.wav,Mo,1.0,16000,0.066933,0.470886,D:\STUPEN\Heartz\data-science\dataset\clean\Mo\Mo_0397.wav
Mo_0398.wav,Mo,1.0,16000,0.071554,0.485809,D:\STUPEN\Heartz\data-science\dataset\clean\Mo\Mo_0398.wav
Mo_0399.wav,Mo,1.0,16000,0.069282,0.457306,D:\STUPEN\Heartz\data-science\dataset\clean\Mo\Mo_0399.wav
Mo_0400.wav,Mo,1.0,16000,0.071554,0.5065,D:\STUPEN\Heartz\data-science\dataset\clean\Mo\Mo_0400.wav
Mo_0401.wav,Mo,1.0,16000,0.069282,0.567535,D:\STUPEN\Heartz\data-science\dataset\clean\Mo\Mo_0401.wav
Mo_0402.wav,Mo,1.0,16000,0.066933,0.509613,D:\STUPEN\Heartz\data-science\dataset\clean\Mo\Mo_0402.wav
Mo_0403.wav,Mo,1.0,16000,0.066933,0.477051,D:\STUPEN\Heartz\data-science\dataset\clean\Mo\Mo_0403.wav
Mo_0404.wav,Mo,1.0,16000,0.071554,0.437927,D:\STUPEN\Heartz\data-science\dataset\clean\Mo\Mo_0404.wav
Mo_0405.wav,Mo,1.0,16000,0.071554,0.477875,D:\STUPEN\Heartz\data-science\dataset\clean\Mo\Mo_0405.wav
Mo_0406.wav,Mo,1.0,16000,0.073756,0.457428,D:\STUPEN\Heartz\data-science\dataset\clean\Mo\Mo_0406.wav
Mo_0407.wav,Mo,1.0,16000,0.071554,0.501648,D:\STUPEN\Heartz\data-science\dataset\clean\Mo\Mo_0407.wav
Mo_0408.wav,Mo,1.0,16000,0.10907,0.799011,D:\STUPEN\Heartz\data-science\dataset\clean\Mo\Mo_0408.wav
Mo_0409.wav,Mo,1.0,16000,0.073756,0.434265,D:\STUPEN\Heartz\data-science\dataset\clean\Mo\Mo_0409.wav
Mo_0410.wav,Mo,1.0,16000,0.073756,0.462158,D:\STUPEN\Heartz\data-science\dataset\clean\Mo\Mo_0410.wav
Mo_0411.wav,Mo,1.0,16000,0.071554,0.486145,D:\STUPEN\Heartz\data-science\dataset\clean\Mo\Mo_0411.wav
Mo_0412.wav,Mo,1.0,16000,0.069282,0.50296,D:\STUPEN\Heartz\data-science\dataset\clean\Mo\Mo_0412.wav
Mo_0413.wav,Mo,1.0,16000,0.073756,0.463043,D:\STUPEN\Heartz\data-science\dataset\clean\Mo\Mo_0413.wav
Mo_0414.wav,Mo,1.0,16000,0.073756,0.466156,D:\STUPEN\Heartz\data-science\dataset\clean\Mo\Mo_0414.wav
Mo_0415.wav,Mo,1.0,16000,0.075895,0.481079,D:\STUPEN\Heartz\data-science\dataset\clean\Mo\Mo_0415.wav
Mo_0416.wav,Mo,1.0,16000,0.066933,0.461945,D:\STUPEN\Heartz\data-science\dataset\clean\Mo\Mo_0416.wav
Mo_0417.wav,Mo,1.0,16000,0.073756,0.426605,D:\STUPEN\Heartz\data-science\dataset\clean\Mo\Mo_0417.wav
Mo_0418.wav,Mo,1.0,16000,0.064498,0.456696,D:\STUPEN\Heartz\data-science\dataset\clean\Mo\Mo_0418.wav
Mo_0419.wav,Mo,1.0,16000,0.066933,0.50528,D:\STUPEN\Heartz\data-science\dataset\clean\Mo\Mo_0419.wav
Mo_0420.wav,Mo,1.0,16000,0.069282,0.447449,D:\STUPEN\Heartz\data-science\dataset\clean\Mo\Mo_0420.wav
Mo_0421.wav,Mo,1.0,16000,0.101193,0.555084,D:\STUPEN\Heartz\data-science\dataset\clean\Mo\Mo_0421.wav
Mo_0422.wav,Mo,1.0,16000,0.101193,0.658417,D:\STUPEN\Heartz\data-science\dataset\clean\Mo\Mo_0422.wav
Mo_0423.wav,Mo,1.0,16000,0.066933,0.463135,D:\STUPEN\Heartz\data-science\dataset\clean\Mo\Mo_0423.wav
Mo_0424.wav,Mo,1.0,16000,0.073756,0.541962,D:\STUPEN\Heartz\data-science\dataset\clean\Mo\Mo_0424.wav
Mo_0425.wav,Mo,1.0,16000,0.073756,0.51947,D:\STUPEN\Heartz\data-science\dataset\clean\Mo\Mo_0425.wav
Mo_0426.wav,Mo,1.0,16000,0.066933,0.520111,D:\STUPEN\Heartz\data-science\dataset\clean\Mo\Mo_0426.wav
Mo_0427.wav,Mo,1.0,16000,0.109077,0.555603,D:\STUPEN\Heartz\data-science\dataset\clean\Mo\Mo_0427.wav
Mo_0428.wav,Mo,1.0,16000,0.071554,0.512848,D:\STUPEN\Heartz\data-science\dataset\clean\Mo\Mo_0428.wav
Mo_0429.wav,Mo,1.0,16000,0.1043,0.533569,D:\STUPEN\Heartz\data-science\dataset\clean\Mo\Mo_0429.wav
Mo_0430.wav,Mo,1.0,16000,0.069282,0.506104,D:\STUPEN\Heartz\data-science\dataset\clean\Mo\Mo_0430.wav
Mo_0431.wav,Mo,1.0,16000,0.071554,0.522491,D:\STUPEN\Heartz\data-science\dataset\clean\Mo\Mo_0431.wav
Mo_0432.wav,Mo,1.0,16000,0.069282,0.463379,D:\STUPEN\Heartz\data-science\dataset\clean\Mo\Mo_0432.wav
Mo_0433.wav,Mo,1.0,16000,0.069282,0.445038,D:\STUPEN\Heartz\data-science\dataset\clean\Mo\Mo_0433.wav
Mo_0434.wav,Mo,1.0,16000,0.073756,0.574493,D:\STUPEN\Heartz\data-science\dataset\clean\Mo\Mo_0434.wav
Mo_0435.wav,Mo,1.0,16000,0.09798,0.62973,D:\STUPEN\Heartz\data-science\dataset\clean\Mo\Mo_0435.wav
Mo_0436.wav,Mo,1.0,16000,0.104307,0.479431,D:\STUPEN\Heartz\data-science\dataset\clean\Mo\Mo_0436.wav
Mo_0437.wav,Mo,1.0,16000,0.073757,0.493011,D:\STUPEN\Heartz\data-science\dataset\clean\Mo\Mo_0437.wav
Mo_0438.wav,Mo,1.0,16000,0.101193,0.683289,D:\STUPEN\Heartz\data-science\dataset\clean\Mo\Mo_0438.wav
Mo_0439.wav,Mo,1.0,16000,0.099599,0.56665,D:\STUPEN\Heartz\data-science\dataset\clean\Mo\Mo_0439.wav
Mo_0440.wav,Mo,1.0,16000,0.071554,0.5177,D:\STUPEN\Heartz\data-science\dataset\clean\Mo\Mo_0440.wav
Mo_0441.wav,Mo,1.0,16000,0.071554,0.475342,D:\STUPEN\Heartz\data-science\dataset\clean\Mo\Mo_0441.wav
Mo_0442.wav,Mo,1.0,16000,0.099599,0.708252,D:\STUPEN\Heartz\data-science\dataset\clean\Mo\Mo_0442.wav
Mo_0443.wav,Mo,1.0,16000,0.101193,0.625458,D:\STUPEN\Heartz\data-science\dataset\clean\Mo\Mo_0443.wav
Mo_0444.wav,Mo,1.0,16000,0.066933,0.47876,D:\STUPEN\Heartz\data-science\dataset\clean\Mo\Mo_0444.wav
Mo_0445.wav,Mo,1.0,16000,0.064498,0.467072,D:\STUPEN\Heartz\data-science\dataset\clean\Mo\Mo_0445.wav
Mo_0446.wav,Mo,1.0,16000,0.066933,0.480347,D:\STUPEN\Heartz\data-science\dataset\clean\Mo\Mo_0446.wav
Mo_0447.wav,Mo,1.0,16000,0.073756,0.470306,D:\STUPEN\Heartz\data-science\dataset\clean\Mo\Mo_0447.wav
Mo_0448.wav,Mo,1.0,16000,0.075895,0.507355,D:\STUPEN\Heartz\data-science\dataset\clean\Mo\Mo_0448.wav
Mo_0449.wav,Mo,1.0,16000,0.066933,0.547852,D:\STUPEN\Heartz\data-science\dataset\clean\Mo\Mo_0449.wav
Mo_0450.wav,Mo,1.0,16000,0.071554,0.435852,D:\STUPEN\Heartz\data-science\dataset\clean\Mo\Mo_0450.wav
Mo_0451.wav,Mo,1.0,16000,0.102762,0.551239,D:\STUPEN\Heartz\data-science\dataset\clean\Mo\Mo_0451.wav
Mo_0452.wav,Mo,1.0,16000,0.100518,0.512177,D:\STUPEN\Heartz\data-science\dataset\clean\Mo\Mo_0452.wav
Mo_0453.wav,Mo,1.0,16000,0.094657,0.531799,D:\STUPEN\Heartz\data-science\dataset\clean\Mo\Mo_0453.wav
Mo_0454.wav,Mo,1.0,16000,0.066933,0.464233,D:\STUPEN\Heartz\data-science\dataset\clean\Mo\Mo_0454.wav
Mo_0455.wav,Mo,1.0,16000,0.09132,0.536255,D:\STUPEN\Heartz\data-science\dataset\clean\Mo\Mo_0455.wav
Mo_0456.wav,Mo,1.0,16000,0.066933,0.390442,D:\STUPEN\Heartz\data-science\dataset\clean\Mo\Mo_0456.wav
Mo_0457.wav,Mo,1.0,16000,0.101141,0.572021,D:\STUPEN\Heartz\data-science\dataset\clean\Mo\Mo_0457.wav
Mo_0458.wav,Mo,1.0,16000,0.101193,0.447449,D:\STUPEN\Heartz\data-science\dataset\clean\Mo\Mo_0458.wav
Mo_0459.wav,Mo,1.0,16000,0.066933,0.498871,D:\STUPEN\Heartz\data-science\dataset\clean\Mo\Mo_0459.wav
Mo_0460.wav,Mo,1.0,16000,0.069282,0.497833,D:\STUPEN\Heartz\data-science\dataset\clean\Mo\Mo_0460.wav
Mo_0461.wav,Mo,1.0,16000,0.069282,0.466278,D:\STUPEN\Heartz\data-science\dataset\clean\Mo\Mo_0461.wav
Mo_0462.wav,Mo,1.0,16000,0.066933,0.458252,D:\STUPEN\Heartz\data-science\dataset\clean\Mo\Mo_0462.wav
Mo_0463.wav,Mo,1.0,16000,0.071554,0.557892,D:\STUPEN\Heartz\data-science\dataset\clean\Mo\Mo_0463.wav
Mo_0464.wav,Mo,1.0,16000,0.073756,0.462921,D:\STUPEN\Heartz\data-science\dataset\clean\Mo\Mo_0464.wav
Mo_0465.wav,Mo,1.0,16000,0.066933,0.494141,D:\STUPEN\Heartz\data-science\dataset\clean\Mo\Mo_0465.wav
Mo_0466.wav,Mo,1.0,16000,0.069282,0.402283,D:\STUPEN\Heartz\data-science\dataset\clean\Mo\Mo_0466.wav
Mo_0467.wav,Mo,1.0,16000,0.073756,0.46933,D:\STUPEN\Heartz\data-science\dataset\clean\Mo\Mo_0467.wav
Mo_0468.wav,Mo,1.0,16000,0.09798,0.624573,D:\STUPEN\Heartz\data-science\dataset\clean\Mo\Mo_0468.wav
Mo_0469.wav,Mo,1.0,16000,0.068783,0.364441,D:\STUPEN\Heartz\data-science\dataset\clean\Mo\Mo_0469.wav
Mo_0470.wav,Mo,1.0,16000,0.108543,0.502655,D:\STUPEN\Heartz\data-science\dataset\clean\Mo\Mo_0470.wav
Mo_0471.wav,Mo,1.0,16000,0.071554,0.521973,D:\STUPEN\Heartz\data-science\dataset\clean\Mo\Mo_0471.wav
Mo_0472.wav,Mo,1.0,16000,0.073756,0.515167,D:\STUPEN\Heartz\data-science\dataset\clean\Mo\Mo_0472.wav
Mo_0473.wav,Mo,1.0,16000,0.069282,0.475372,D:\STUPEN\Heartz\data-science\dataset\clean\Mo\Mo_0473.wav
Mo_0474.wav,Mo,1.0,16000,0.075895,0.459442,D:\STUPEN\Heartz\data-science\dataset\clean\Mo\Mo_0474.wav
Mo_0475.wav,Mo,1.0,16000,0.069282,0.545227,D:\STUPEN\Heartz\data-science\dataset\clean\Mo\Mo_0475.wav
Mo_0476.wav,Mo,1.0,16000,0.073756,0.546387,D:\STUPEN\Heartz\data-science\dataset\clean\Mo\Mo_0476.wav
Mo_0477.wav,Mo,1.0,16000,0.102761,0.493988,D:\STUPEN\Heartz\data-science\dataset\clean\Mo\Mo_0477.wav
Mo_0478.wav,Mo,1.0,16000,0.069282,0.544525,D:\STUPEN\Heartz\data-science\dataset\clean\Mo\Mo_0478.wav
Mo_0479.wav,Mo,1.0,16000,0.066933,0.544586,D:\STUPEN\Heartz\data-science\dataset\clean\Mo\Mo_0479.wav
Mo_0480.wav,Mo,1.0,16000,0.066933,0.44986,D:\STUPEN\Heartz\data-science\dataset\clean\Mo\Mo_0480.wav
Mo_0481.wav,Mo,1.0,16000,0.064498,0.516296,D:\STUPEN\Heartz\data-science\dataset\clean\Mo\Mo_0481.wav
Mo_0482.wav,Mo,1.0,16000,0.064498,0.454407,D:\STUPEN\Heartz\data-science\dataset\clean\Mo\Mo_0482.wav
Mo_0483.wav,Mo,1.0,16000,0.069282,0.475677,D:\STUPEN\Heartz\data-science\dataset\clean\Mo\Mo_0483.wav
Mo_0484.wav,Mo,1.0,16000,0.066933,0.425629,D:\STUPEN\Heartz\data-science\dataset\clean\Mo\Mo_0484.wav
Mo_0485.wav,Mo,1.0,16000,0.066933,0.386261,D:\STUPEN\Heartz\data-science\dataset\clean\Mo\Mo_0485.wav
Mo_0486.wav,Mo,1.0,16000,0.073756,0.416595,D:\STUPEN\Heartz\data-science\dataset\clean\Mo\Mo_0486.wav
Mo_0487.wav,Mo,1.0,16000,0.066933,0.478729,D:\STUPEN\Heartz\data-science\dataset\clean\Mo\Mo_0487.wav
Mo_0488.wav,Mo,1.0,16000,0.071554,0.427673,D:\STUPEN\Heartz\data-science\dataset\clean\Mo\Mo_0488.wav
Mo_0489.wav,Mo,1.0,16000,0.101191,0.702026,D:\STUPEN\Heartz\data-science\dataset\clean\Mo\Mo_0489.wav
Mo_0490.wav,Mo,1.0,16000,0.107326,0.490417,D:\STUPEN\Heartz\data-science\dataset\clean\Mo\Mo_0490.wav
Mo_0491.wav,Mo,1.0,16000,0.071554,0.626648,D:\STUPEN\Heartz\data-science\dataset\clean\Mo\Mo_0491.wav
Mo_0492.wav,Mo,1.0,16000,0.102762,0.562714,D:\STUPEN\Heartz\data-science\dataset\clean\Mo\Mo_0492.wav
Mo_0493.wav,Mo,1.0,16000,0.073756,0.460175,D:\STUPEN\Heartz\data-science\dataset\clean\Mo\Mo_0493.wav
Mo_0494.wav,Mo,1.0,16000,0.061968,0.37149,D:\STUPEN\Heartz\data-science\dataset\clean\Mo\Mo_0494.wav
Mo_0495.wav,Mo,1.0,16000,0.069282,0.467102,D:\STUPEN\Heartz\data-science\dataset\clean\Mo\Mo_0495.wav
Mo_0496.wav,Mo,1.0,16000,0.066933,0.401245,D:\STUPEN\Heartz\data-science\dataset\clean\Mo\Mo_0496.wav
Mo_0497.wav,Mo,1.0,16000,0.071554,0.420593,D:\STUPEN\Heartz\data-science\dataset\clean\Mo\Mo_0497.wav
Mo_0498.wav,Mo,1.0,16000,0.069282,0.454681,D:\STUPEN\Heartz\data-science\dataset\clean\Mo\Mo_0498.wav
Mo_0499.wav,Mo,1.0,16000,0.073756,0.504883,D:\STUPEN\Heartz\data-science\dataset\clean\Mo\Mo_0499.wav
Mo_0500.wav,Mo,1.0,16000,0.073756,0.500488,D:\STUPEN\Heartz\data-science\dataset\clean\Mo\Mo_0500.wav
Mo_0501.wav,Mo,1.0,16000,0.069282,0.453156,D:\STUPEN\Heartz\data-science\dataset\clean\Mo\Mo_0501.wav
Mo_0502.wav,Mo,1.0,16000,0.069282,0.518311,D:\STUPEN\Heartz\data-science\dataset\clean\Mo\Mo_0502.wav
Mo_0503.wav,Mo,1.0,16000,0.066933,0.428375,D:\STUPEN\Heartz\data-science\dataset\clean\Mo\Mo_0503.wav
Mo_0504.wav,Mo,1.0,16000,0.066933,0.474976,D:\STUPEN\Heartz\data-science\dataset\clean\Mo\Mo_0504.wav
Mo_0505.wav,Mo,1.0,16000,0.066933,0.448669,D:\STUPEN\Heartz\data-science\dataset\clean\Mo\Mo_0505.wav
Mo_0506.wav,Mo,1.0,16000,0.064498,0.447632,D:\STUPEN\Heartz\data-science\dataset\clean\Mo\Mo_0506.wav
Mo_0507.wav,Mo,1.0,16000,0.069282,0.445557,D:\STUPEN\Heartz\data-science\dataset\clean\Mo\Mo_0507.wav
Mo_0508.wav,Mo,1.0,16000,0.066933,0.494995,D:\STUPEN\Heartz\data-science\dataset\clean\Mo\Mo_0508.wav
Mo_0509.wav,Mo,1.0,16000,0.073756,0.502991,D:\STUPEN\Heartz\data-science\dataset\clean\Mo\Mo_0509.wav
Mo_0510.wav,Mo,1.0,16000,0.069282,0.435852,D:\STUPEN\Heartz\data-science\dataset\clean\Mo\Mo_0510.wav
Mo_0511.wav,Mo,1.0,16000,0.066933,0.473419,D:\STUPEN\Heartz\data-science\dataset\clean\Mo\Mo_0511.wav
Mo_0512.wav,Mo,1.0,16000,0.066933,0.473694,D:\STUPEN\Heartz\data-science\dataset\clean\Mo\Mo_0512.wav
Mo_0513.wav,Mo,1.0,16000,0.069282,0.459045,D:\STUPEN\Heartz\data-science\dataset\clean\Mo\Mo_0513.wav
Mo_0514.wav,Mo,1.0,16000,0.069282,0.473785,D:\STUPEN\Heartz\data-science\dataset\clean\Mo\Mo_0514.wav
Mo_0515.wav,Mo,1.0,16000,0.069282,0.462982,D:\STUPEN\Heartz\data-science\dataset\clean\Mo\Mo_0515.wav
Mo_0516.wav,Mo,1.0,16000,0.069282,0.451996,D:\STUPEN\Heartz\data-science\dataset\clean\Mo\Mo_0516.wav
Mo_0517.wav,Mo,1.0,16000,0.075895,0.544769,D:\STUPEN\Heartz\data-science\dataset\clean\Mo\Mo_0517.wav
Mo_0518.wav,Mo,1.0,16000,0.069282,0.518951,D:\STUPEN\Heartz\data-science\dataset\clean\Mo\Mo_0518.wav
Mo_0519.wav,Mo,1.0,16000,0.075895,0.533173,D:\STUPEN\Heartz\data-science\dataset\clean\Mo\Mo_0519.wav
Mo_0520.wav,Mo,1.0,16000,0.069282,0.462006,D:\STUPEN\Heartz\data-science\dataset\clean\Mo\Mo_0520.wav
Mo_0521.wav,Mo,1.0,16000,0.071554,0.4104,D:\STUPEN\Heartz\data-science\dataset\clean\Mo\Mo_0521.wav
Mo_0522.wav,Mo,1.0,16000,0.081976,0.536469,D:\STUPEN\Heartz\data-science\dataset\clean\Mo\Mo_0522.wav
Mo_0523.wav,Mo,1.0,16000,0.084934,0.502533,D:\STUPEN\Heartz\data-science\dataset\clean\Mo\Mo_0523.wav
Mo_0524.wav,Mo,1.0,16000,0.073756,0.42514,D:\STUPEN\Heartz\data-science\dataset\clean\Mo\Mo_0524.wav
Mo_0525.wav,Mo,1.0,16000,0.075895,0.428162,D:\STUPEN\Heartz\data-science\dataset\clean\Mo\Mo_0525.wav
Mo_0526.wav,Mo,1.0,16000,0.069282,0.474152,D:\STUPEN\Heartz\data-science\dataset\clean\Mo\Mo_0526.wav
Mo_0527.wav,Mo,1.0,16000,0.069282,0.451233,D:\STUPEN\Heartz\data-science\dataset\clean\Mo\Mo_0527.wav
Mo_0528.wav,Mo,1.0,16000,0.102758,0.539429,D:\STUPEN\Heartz\data-science\dataset\clean\Mo\Mo_0528.wav
Mo_0529.wav,Mo,1.0,16000,0.096333,0.546692,D:\STUPEN\Heartz\data-science\dataset\clean\Mo\Mo_0529.wav
Mo_0530.wav,Mo,1.0,16000,0.115906,0.603668,D:\STUPEN\Heartz\data-science\dataset\clean\Mo\Mo_0530.wav
Mo_0531.wav,Mo,1.0,16000,0.075895,0.458649,D:\STUPEN\Heartz\data-science\dataset\clean\Mo\Mo_0531.wav
Mo_0532.wav,Mo,1.0,16000,0.110244,0.589325,D:\STUPEN\Heartz\data-science\dataset\clean\Mo\Mo_0532.wav
Mo_0533.wav,Mo,1.0,16000,0.075895,0.504456,D:\STUPEN\Heartz\data-science\dataset\clean\Mo\Mo_0533.wav
Mo_0534.wav,Mo,1.0,16000,0.071554,0.484222,D:\STUPEN\Heartz\data-science\dataset\clean\Mo\Mo_0534.wav
Mo_0535.wav,Mo,1.0,16000,0.073756,0.491974,D:\STUPEN\Heartz\data-science\dataset\clean\Mo\Mo_0535.wav
Mo_0536.wav,Mo,1.0,16000,0.073756,0.531372,D:\STUPEN\Heartz\data-science\dataset\clean\Mo\Mo_0536.wav
Mo_0537.wav,Mo,1.0,16000,0.075895,0.516022,D:\STUPEN\Heartz\data-science\dataset\clean\Mo\Mo_0537.wav
Mo_0538.wav,Mo,1.0,16000,0.071554,0.505951,D:\STUPEN\Heartz\data-science\dataset\clean\Mo\Mo_0538.wav
Mo_0539.wav,Mo,1.0,16000,0.071554,0.503998,D:\STUPEN\Heartz\data-science\dataset\clean\Mo\Mo_0539.wav
Mo_0540.wav,Mo,1.0,16000,0.071554,0.497345,D:\STUPEN\Heartz\data-science\dataset\clean\Mo\Mo_0540.wav
Mo_0541.wav,Mo,1.0,16000,0.066933,0.479156,D:\STUPEN\Heartz\data-science\dataset\clean\Mo\Mo_0541.wav
Mo_0542.wav,Mo,1.0,16000,0.073756,0.457855,D:\STUPEN\Heartz\data-science\dataset\clean\Mo\Mo_0542.wav
Mo_0543.wav,Mo,1.0,16000,0.066933,0.464111,D:\STUPEN\Heartz\data-science\dataset\clean\Mo\Mo_0543.wav
Mo_0544.wav,Mo,1.0,16000,0.071554,0.442902,D:\STUPEN\Heartz\data-science\dataset\clean\Mo\Mo_0544.wav
Mo_0545.wav,Mo,1.0,16000,0.064498,0.455078,D:\STUPEN\Heartz\data-science\dataset\clean\Mo\Mo_0545.wav
Mo_0546.wav,Mo,1.0,16000,0.071554,0.460754,D:\STUPEN\Heartz\data-science\dataset\clean\Mo\Mo_0546.wav
Mo_0547.wav,Mo,1.0,16000,0.069282,0.459503,D:\STUPEN\Heartz\data-science\dataset\clean\Mo\Mo_0547.wav
Mo_0548.wav,Mo,1.0,16000,0.069282,0.510773,D:\STUPEN\Heartz\data-science\dataset\clean\Mo\Mo_0548.wav
Mo_0549.wav,Mo,1.0,16000,0.064498,0.503204,D:\STUPEN\Heartz\data-science\dataset\clean\Mo\Mo_0549.wav
Mo_0550.wav,Mo,1.0,16000,0.069282,0.51825,D:\STUPEN\Heartz\data-science\dataset\clean\Mo\Mo_0550.wav
Mo_0551.wav,Mo,1.0,16000,0.064498,0.444214,D:\STUPEN\Heartz\data-science\dataset\clean\Mo\Mo_0551.wav
Mo_0552.wav,Mo,1.0,16000,0.069282,0.493713,D:\STUPEN\Heartz\data-science\dataset\clean\Mo\Mo_0552.wav
Mo_0553.wav,Mo,1.0,16000,0.066933,0.470886,D:\STUPEN\Heartz\data-science\dataset\clean\Mo\Mo_0553.wav
Mo_0554.wav,Mo,1.0,16000,0.071554,0.485809,D:\STUPEN\Heartz\data-science\dataset\clean\Mo\Mo_0554.wav
Mo_0555.wav,Mo,1.0,16000,0.069282,0.457306,D:\STUPEN\Heartz\data-science\dataset\clean\Mo\Mo_0555.wav
Mo_0556.wav,Mo,1.0,16000,0.071554,0.5065,D:\STUPEN\Heartz\data-science\dataset\clean\Mo\Mo_0556.wav
Mo_0557.wav,Mo,1.0,16000,0.069282,0.567535,D:\STUPEN\Heartz\data-science\dataset\clean\Mo\Mo_0557.wav
Mo_0558.wav,Mo,1.0,16000,0.066933,0.509613,D:\STUPEN\Heartz\data-science\dataset\clean\Mo\Mo_0558.wav
Mo_0559.wav,Mo,1.0,16000,0.066933,0.477051,D:\STUPEN\Heartz\data-science\dataset\clean\Mo\Mo_0559.wav
Mo_0560.wav,Mo,1.0,16000,0.071554,0.437927,D:\STUPEN\Heartz\data-science\dataset\clean\Mo\Mo_0560.wav
Mo_0561.wav,Mo,1.0,16000,0.071554,0.477875,D:\STUPEN\Heartz\data-science\dataset\clean\Mo\Mo_0561.wav
Mo_0562.wav,Mo,1.0,16000,0.073756,0.457428,D:\STUPEN\Heartz\data-science\dataset\clean\Mo\Mo_0562.wav
Mo_0563.wav,Mo,1.0,16000,0.071554,0.501648,D:\STUPEN\Heartz\data-science\dataset\clean\Mo\Mo_0563.wav
Mo_0564.wav,Mo,1.0,16000,0.10907,0.799011,D:\STUPEN\Heartz\data-science\dataset\clean\Mo\Mo_0564.wav
Mo_0565.wav,Mo,1.0,16000,0.073756,0.434265,D:\STUPEN\Heartz\data-science\dataset\clean\Mo\Mo_0565.wav
Mo_0566.wav,Mo,1.0,16000,0.073756,0.462158,D:\STUPEN\Heartz\data-science\dataset\clean\Mo\Mo_0566.wav
Mo_0567.wav,Mo,1.0,16000,0.071554,0.486145,D:\STUPEN\Heartz\data-science\dataset\clean\Mo\Mo_0567.wav
Mo_0568.wav,Mo,1.0,16000,0.069282,0.50296,D:\STUPEN\Heartz\data-science\dataset\clean\Mo\Mo_0568.wav
Mo_0569.wav,Mo,1.0,16000,0.073756,0.463043,D:\STUPEN\Heartz\data-science\dataset\clean\Mo\Mo_0569.wav
Mo_0570.wav,Mo,1.0,16000,0.073756,0.466156,D:\STUPEN\Heartz\data-science\dataset\clean\Mo\Mo_0570.wav
Mo_0571.wav,Mo,1.0,16000,0.075895,0.481079,D:\STUPEN\Heartz\data-science\dataset\clean\Mo\Mo_0571.wav
Mo_0572.wav,Mo,1.0,16000,0.066933,0.461945,D:\STUPEN\Heartz\data-science\dataset\clean\Mo\Mo_0572.wav
Mo_0573.wav,Mo,1.0,16000,0.073756,0.426605,D:\STUPEN\Heartz\data-science\dataset\clean\Mo\Mo_0573.wav
Mo_0574.wav,Mo,1.0,16000,0.064498,0.456696,D:\STUPEN\Heartz\data-science\dataset\clean\Mo\Mo_0574.wav
Mo_0575.wav,Mo,1.0,16000,0.066933,0.50528,D:\STUPEN\Heartz\data-science\dataset\clean\Mo\Mo_0575.wav
Mo_0576.wav,Mo,1.0,16000,0.069282,0.447449,D:\STUPEN\Heartz\data-science\dataset\clean\Mo\Mo_0576.wav
Mo_0577.wav,Mo,1.0,16000,0.101193,0.555084,D:\STUPEN\Heartz\data-science\dataset\clean\Mo\Mo_0577.wav
Mo_0578.wav,Mo,1.0,16000,0.101193,0.658417,D:\STUPEN\Heartz\data-science\dataset\clean\Mo\Mo_0578.wav
Mo_0579.wav,Mo,1.0,16000,0.066933,0.463135,D:\STUPEN\Heartz\data-science\dataset\clean\Mo\Mo_0579.wav
Mo_0580.wav,Mo,1.0,16000,0.073756,0.541962,D:\STUPEN\Heartz\data-science\dataset\clean\Mo\Mo_0580.wav
Mo_0581.wav,Mo,1.0,16000,0.073756,0.51947,D:\STUPEN\Heartz\data-science\dataset\clean\Mo\Mo_0581.wav
Mo_0582.wav,Mo,1.0,16000,0.066933,0.520111,D:\STUPEN\Heartz\data-science\dataset\clean\Mo\Mo_0582.wav
Mo_0583.wav,Mo,1.0,16000,0.109077,0.555603,D:\STUPEN\Heartz\data-science\dataset\clean\Mo\Mo_0583.wav
Mo_0584.wav,Mo,1.0,16000,0.071554,0.512848,D:\STUPEN\Heartz\data-science\dataset\clean\Mo\Mo_0584.wav
Mo_0585.wav,Mo,1.0,16000,0.1043,0.533569,D:\STUPEN\Heartz\data-science\dataset\clean\Mo\Mo_0585.wav
Mo_0586.wav,Mo,1.0,16000,0.069282,0.506104,D:\STUPEN\Heartz\data-science\dataset\clean\Mo\Mo_0586.wav
Mo_0587.wav,Mo,1.0,16000,0.071554,0.522491,D:\STUPEN\Heartz\data-science\dataset\clean\Mo\Mo_0587.wav
Mo_0588.wav,Mo,1.0,16000,0.069282,0.463379,D:\STUPEN\Heartz\data-science\dataset\clean\Mo\Mo_0588.wav
Mo_0589.wav,Mo,1.0,16000,0.069282,0.445038,D:\STUPEN\Heartz\data-science\dataset\clean\Mo\Mo_0589.wav
Mo_0590.wav,Mo,1.0,16000,0.073756,0.574493,D:\STUPEN\Heartz\data-science\dataset\clean\Mo\Mo_0590.wav
Mo_0591.wav,Mo,1.0,16000,0.09798,0.62973,D:\STUPEN\Heartz\data-science\dataset\clean\Mo\Mo_0591.wav
Mo_0592.wav,Mo,1.0,16000,0.104307,0.479431,D:\STUPEN\Heartz\data-science\dataset\clean\Mo\Mo_0592.wav
Mo_0593.wav,Mo,1.0,16000,0.073757,0.493011,D:\STUPEN\Heartz\data-science\dataset\clean\Mo\Mo_0593.wav
Mo_0594.wav,Mo,1.0,16000,0.101193,0.683289,D:\STUPEN\Heartz\data-science\dataset\clean\Mo\Mo_0594.wav
Mo_0595.wav,Mo,1.0,16000,0.099599,0.56665,D:\STUPEN\Heartz\data-science\dataset\clean\Mo\Mo_0595.wav
Mo_0596.wav,Mo,1.0,16000,0.071554,0.5177,D:\STUPEN\Heartz\data-science\dataset\clean\Mo\Mo_0596.wav
Mo_0597.wav,Mo,1.0,16000,0.071554,0.475342,D:\STUPEN\Heartz\data-science\dataset\clean\Mo\Mo_0597.wav
Mo_0598.wav,Mo,1.0,16000,0.099599,0.708252,D:\STUPEN\Heartz\data-science\dataset\clean\Mo\Mo_0598.wav
Mo_0599.wav,Mo,1.0,16000,0.101193,0.625458,D:\STUPEN\Heartz\data-science\dataset\clean\Mo\Mo_0599.wav
Mo_0600.wav,Mo,1.0,16000,0.066933,0.47876,D:\STUPEN\Heartz\data-science\dataset\clean\Mo\Mo_0600.wav
Mo_0601.wav,Mo,1.0,16000,0.064498,0.467072,D:\STUPEN\Heartz\data-science\dataset\clean\Mo\Mo_0601.wav
Mo_0602.wav,Mo,1.0,16000,0.066933,0.480347,D:\STUPEN\Heartz\data-science\dataset\clean\Mo\Mo_0602.wav
Mo_0603.wav,Mo,1.0,16000,0.073756,0.470306,D:\STUPEN\Heartz\data-science\dataset\clean\Mo\Mo_0603.wav
Mo_0604.wav,Mo,1.0,16000,0.075895,0.507355,D:\STUPEN\Heartz\data-science\dataset\clean\Mo\Mo_0604.wav
Mo_0605.wav,Mo,1.0,16000,0.066933,0.547852,D:\STUPEN\Heartz\data-science\dataset\clean\Mo\Mo_0605.wav
Mo_0606.wav,Mo,1.0,16000,0.071554,0.435852,D:\STUPEN\Heartz\data-science\dataset\clean\Mo\Mo_0606.wav
Mo_0607.wav,Mo,1.0,16000,0.102762,0.551239,D:\STUPEN\Heartz\data-science\dataset\clean\Mo\Mo_0607.wav
Mo_0608.wav,Mo,1.0,16000,0.100518,0.512177,D:\STUPEN\Heartz\data-science\dataset\clean\Mo\Mo_0608.wav
Mo_0609.wav,Mo,1.0,16000,0.094657,0.531799,D:\STUPEN\Heartz\data-science\dataset\clean\Mo\Mo_0609.wav
Mo_0610.wav,Mo,1.0,16000,0.066933,0.464233,D:\STUPEN\Heartz\data-science\dataset\clean\Mo\Mo_0610.wav
Mo_0611.wav,Mo,1.0,16000,0.09132,0.536255,D:\STUPEN\Heartz\data-science\dataset\clean\Mo\Mo_0611.wav
Mo_0612.wav,Mo,1.0,16000,0.066933,0.390442,D:\STUPEN\Heartz\data-science\dataset\clean\Mo\Mo_0612.wav
Mo_0613.wav,Mo,1.0,16000,0.101141,0.572021,D:\STUPEN\Heartz\data-science\dataset\clean\Mo\Mo_0613.wav
Mo_0614.wav,Mo,1.0,16000,0.101193,0.447449,D:\STUPEN\Heartz\data-science\dataset\clean\Mo\Mo_0614.wav
Mo_0615.wav,Mo,1.0,16000,0.066933,0.498871,D:\STUPEN\Heartz\data-science\dataset\clean\Mo\Mo_0615.wav
Mo_0616.wav,Mo,1.0,16000,0.069282,0.497833,D:\STUPEN\Heartz\data-science\dataset\clean\Mo\Mo_0616.wav
Mo_0617.wav,Mo,1.0,16000,0.069282,0.466278,D:\STUPEN\Heartz\data-science\dataset\clean\Mo\Mo_0617.wav
Mo_0618.wav,Mo,1.0,16000,0.066933,0.458252,D:\STUPEN\Heartz\data-science\dataset\clean\Mo\Mo_0618.wav
Mo_0619.wav,Mo,1.0,16000,0.071554,0.557892,D:\STUPEN\Heartz\data-science\dataset\clean\Mo\Mo_0619.wav
Mo_0620.wav,Mo,1.0,16000,0.073756,0.462921,D:\STUPEN\Heartz\data-science\dataset\clean\Mo\Mo_0620.wav
Mo_0621.wav,Mo,1.0,16000,0.066933,0.494141,D:\STUPEN\Heartz\data-science\dataset\clean\Mo\Mo_0621.wav
Mo_0622.wav,Mo,1.0,16000,0.069282,0.402283,D:\STUPEN\Heartz\data-science\dataset\clean\Mo\Mo_0622.wav
Mo_0623.wav,Mo,1.0,16000,0.073756,0.46933,D:\STUPEN\Heartz\data-science\dataset\clean\Mo\Mo_0623.wav
Mo_0624.wav,Mo,1.0,16000,0.09798,0.624573,D:\STUPEN\Heartz\data-science\dataset\clean\Mo\Mo_0624.wav
Mu_0001.wav,Mu,1.0,16000,0.05933,0.339569,D:\STUPEN\Heartz\data-science\dataset\clean\Mu\Mu_0001.wav
Mu_0002.wav,Mu,1.0,16000,0.066933,0.444031,D:\STUPEN\Heartz\data-science\dataset\clean\Mu\Mu_0002.wav
Mu_0003.wav,Mu,1.0,16000,0.073756,0.414337,D:\STUPEN\Heartz\data-science\dataset\clean\Mu\Mu_0003.wav
Mu_0004.wav,Mu,1.0,16000,0.092952,0.496765,D:\STUPEN\Heartz\data-science\dataset\clean\Mu\Mu_0004.wav
Mu_0005.wav,Mu,1.0,16000,0.077974,0.442627,D:\STUPEN\Heartz\data-science\dataset\clean\Mu\Mu_0005.wav
Mu_0006.wav,Mu,1.0,16000,0.075895,0.443176,D:\STUPEN\Heartz\data-science\dataset\clean\Mu\Mu_0006.wav
Mu_0007.wav,Mu,1.0,16000,0.071554,0.399719,D:\STUPEN\Heartz\data-science\dataset\clean\Mu\Mu_0007.wav
Mu_0008.wav,Mu,1.0,16000,0.064498,0.424377,D:\STUPEN\Heartz\data-science\dataset\clean\Mu\Mu_0008.wav
Mu_0009.wav,Mu,1.0,16000,0.061968,0.402222,D:\STUPEN\Heartz\data-science\dataset\clean\Mu\Mu_0009.wav
Mu_0010.wav,Mu,1.0,16000,0.064498,0.44519,D:\STUPEN\Heartz\data-science\dataset\clean\Mu\Mu_0010.wav
Mu_0011.wav,Mu,1.0,16000,0.066933,0.394531,D:\STUPEN\Heartz\data-science\dataset\clean\Mu\Mu_0011.wav
Mu_0012.wav,Mu,1.0,16000,0.066933,0.443115,D:\STUPEN\Heartz\data-science\dataset\clean\Mu\Mu_0012.wav
Mu_0013.wav,Mu,1.0,16000,0.125483,0.817017,D:\STUPEN\Heartz\data-science\dataset\clean\Mu\Mu_0013.wav
Mu_0014.wav,Mu,1.0,16000,0.066933,0.461853,D:\STUPEN\Heartz\data-science\dataset\clean\Mu\Mu_0014.wav
Mu_0015.wav,Mu,1.0,16000,0.061968,0.40213,D:\STUPEN\Heartz\data-science\dataset\clean\Mu\Mu_0015.wav
Mu_0016.wav,Mu,1.0,16000,0.064498,0.390381,D:\STUPEN\Heartz\data-science\dataset\clean\Mu\Mu_0016.wav
Mu_0017.wav,Mu,1.0,16000,0.08579,0.483398,D:\STUPEN\Heartz\data-science\dataset\clean\Mu\Mu_0017.wav
Mu_0018.wav,Mu,1.0,16000,0.064498,0.312317,D:\STUPEN\Heartz\data-science\dataset\clean\Mu\Mu_0018.wav
Mu_0019.wav,Mu,1.0,16000,0.064498,0.393585,D:\STUPEN\Heartz\data-science\dataset\clean\Mu\Mu_0019.wav
Mu_0020.wav,Mu,1.0,16000,0.064498,0.371582,D:\STUPEN\Heartz\data-science\dataset\clean\Mu\Mu_0020.wav
Mu_0021.wav,Mu,1.0,16000,0.066933,0.370667,D:\STUPEN\Heartz\data-science\dataset\clean\Mu\Mu_0021.wav
Mu_0022.wav,Mu,1.0,16000,0.061968,0.364655,D:\STUPEN\Heartz\data-science\dataset\clean\Mu\Mu_0022.wav
Mu_0023.wav,Mu,1.0,16000,0.066933,0.435181,D:\STUPEN\Heartz\data-science\dataset\clean\Mu\Mu_0023.wav
Mu_0024.wav,Mu,1.0,16000,0.069282,0.44162,D:\STUPEN\Heartz\data-science\dataset\clean\Mu\Mu_0024.wav
Mu_0025.wav,Mu,1.0,16000,0.069282,0.386597,D:\STUPEN\Heartz\data-science\dataset\clean\Mu\Mu_0025.wav
Mu_0026.wav,Mu,1.0,16000,0.064498,0.394135,D:\STUPEN\Heartz\data-science\dataset\clean\Mu\Mu_0026.wav
Mu_0027.wav,Mu,1.0,16000,0.064498,0.4086,D:\STUPEN\Heartz\data-science\dataset\clean\Mu\Mu_0027.wav
Mu_0028.wav,Mu,1.0,16000,0.064498,0.379578,D:\STUPEN\Heartz\data-science\dataset\clean\Mu\Mu_0028.wav
Mu_0029.wav,Mu,1.0,16000,0.069282,0.491241,D:\STUPEN\Heartz\data-science\dataset\clean\Mu\Mu_0029.wav
Mu_0030.wav,Mu,1.0,16000,0.069282,0.38382,D:\STUPEN\Heartz\data-science\dataset\clean\Mu\Mu_0030.wav
Mu_0031.wav,Mu,1.0,16000,0.064498,0.382843,D:\STUPEN\Heartz\data-science\dataset\clean\Mu\Mu_0031.wav
Mu_0032.wav,Mu,1.0,16000,0.061968,0.355011,D:\STUPEN\Heartz\data-science\dataset\clean\Mu\Mu_0032.wav
Mu_0033.wav,Mu,1.0,16000,0.061968,0.325287,D:\STUPEN\Heartz\data-science\dataset\clean\Mu\Mu_0033.wav
Mu_0034.wav,Mu,1.0,16000,0.061968,0.335083,D:\STUPEN\Heartz\data-science\dataset\clean\Mu\Mu_0034.wav
Mu_0035.wav,Mu,1.0,16000,0.056569,0.436676,D:\STUPEN\Heartz\data-science\dataset\clean\Mu\Mu_0035.wav
Mu_0036.wav,Mu,1.0,16000,0.077974,0.63443,D:\STUPEN\Heartz\data-science\dataset\clean\Mu\Mu_0036.wav
Mu_0037.wav,Mu,1.0,16000,0.075895,0.615601,D:\STUPEN\Heartz\data-science\dataset\clean\Mu\Mu_0037.wav
Mu_0038.wav,Mu,1.0,16000,0.117423,0.98999,D:\STUPEN\Heartz\data-science\dataset\clean\Mu\Mu_0038.wav
Mu_0039.wav,Mu,1.0,16000,0.075895,0.519897,D:\STUPEN\Heartz\data-science\dataset\clean\Mu\Mu_0039.wav
Mu_0040.wav,Mu,1.0,16000,0.091214,0.595123,D:\STUPEN\Heartz\data-science\dataset\clean\Mu\Mu_0040.wav
Mu_0041.wav,Mu,1.0,16000,0.099599,0.61792,D:\STUPEN\Heartz\data-science\dataset\clean\Mu\Mu_0041.wav
Mu_0042.wav,Mu,1.0,16000,0.075895,0.455353,D:\STUPEN\Heartz\data-science\dataset\clean\Mu\Mu_0042.wav
Mu_0043.wav,Mu,1.0,16000,0.061968,0.398926,D:\STUPEN\Heartz\data-science\dataset\clean\Mu\Mu_0043.wav
Mu_0044.wav,Mu,1.0,16000,0.061968,0.439178,D:\STUPEN\Heartz\data-science\dataset\clean\Mu\Mu_0044.wav
Mu_0045.wav,Mu,1.0,16000,0.129932,0.803833,D:\STUPEN\Heartz\data-science\dataset\clean\Mu\Mu_0045.wav
Mu_0046.wav,Mu,1.0,16000,0.066933,0.497345,D:\STUPEN\Heartz\data-science\dataset\clean\Mu\Mu_0046.wav
Mu_0047.wav,Mu,1.0,16000,0.061968,0.413239,D:\STUPEN\Heartz\data-science\dataset\clean\Mu\Mu_0047.wav
Mu_0048.wav,Mu,1.0,16000,0.061968,0.419922,D:\STUPEN\Heartz\data-science\dataset\clean\Mu\Mu_0048.wav
Mu_0049.wav,Mu,1.0,16000,0.066933,0.41037,D:\STUPEN\Heartz\data-science\dataset\clean\Mu\Mu_0049.wav
Mu_0050.wav,Mu,1.0,16000,0.064498,0.402252,D:\STUPEN\Heartz\data-science\dataset\clean\Mu\Mu_0050.wav
Mu_0051.wav,Mu,1.0,16000,0.075895,0.509369,D:\STUPEN\Heartz\data-science\dataset\clean\Mu\Mu_0051.wav
Mu_0052.wav,Mu,1.0,16000,0.075895,0.487701,D:\STUPEN\Heartz\data-science\dataset\clean\Mu\Mu_0052.wav
Mu_0053.wav,Mu,1.0,16000,0.071554,0.462585,D:\STUPEN\Heartz\data-science\dataset\clean\Mu\Mu_0053.wav
Mu_0054.wav,Mu,1.0,16000,0.061968,0.393829,D:\STUPEN\Heartz\data-science\dataset\clean\Mu\Mu_0054.wav
Mu_0055.wav,Mu,1.0,16000,0.103476,0.695251,D:\STUPEN\Heartz\data-science\dataset\clean\Mu\Mu_0055.wav
Mu_0056.wav,Mu,1.0,16000,0.05933,0.486084,D:\STUPEN\Heartz\data-science\dataset\clean\Mu\Mu_0056.wav
Mu_0057.wav,Mu,1.0,16000,0.071554,0.599823,D:\STUPEN\Heartz\data-science\dataset\clean\Mu\Mu_0057.wav
Mu_0058.wav,Mu,1.0,16000,0.066933,0.479095,D:\STUPEN\Heartz\data-science\dataset\clean\Mu\Mu_0058.wav
Mu_0059.wav,Mu,1.0,16000,0.05933,0.356079,D:\STUPEN\Heartz\data-science\dataset\clean\Mu\Mu_0059.wav
Mu_0060.wav,Mu,1.0,16000,0.071554,0.522552,D:\STUPEN\Heartz\data-science\dataset\clean\Mu\Mu_0060.wav
Mu_0061.wav,Mu,1.0,16000,0.089443,0.611816,D:\STUPEN\Heartz\data-science\dataset\clean\Mu\Mu_0061.wav
Mu_0062.wav,Mu,1.0,16000,0.08579,0.575439,D:\STUPEN\Heartz\data-science\dataset\clean\Mu\Mu_0062.wav
Mu_0063.wav,Mu,1.0,16000,0.071554,0.494598,D:\STUPEN\Heartz\data-science\dataset\clean\Mu\Mu_0063.wav
Mu_0064.wav,Mu,1.0,16000,0.064498,0.41098,D:\STUPEN\Heartz\data-science\dataset\clean\Mu\Mu_0064.wav
Mu_0065.wav,Mu,1.0,16000,0.08579,0.544373,D:\STUPEN\Heartz\data-science\dataset\clean\Mu\Mu_0065.wav
Mu_0066.wav,Mu,1.0,16000,0.064498,0.371765,D:\STUPEN\Heartz\data-science\dataset\clean\Mu\Mu_0066.wav
Mu_0067.wav,Mu,1.0,16000,0.077974,0.433502,D:\STUPEN\Heartz\data-science\dataset\clean\Mu\Mu_0067.wav
Mu_0068.wav,Mu,1.0,16000,0.064498,0.363434,D:\STUPEN\Heartz\data-science\dataset\clean\Mu\Mu_0068.wav
Mu_0069.wav,Mu,1.0,16000,0.069282,0.401611,D:\STUPEN\Heartz\data-science\dataset\clean\Mu\Mu_0069.wav
Mu_0070.wav,Mu,1.0,16000,0.107307,0.534576,D:\STUPEN\Heartz\data-science\dataset\clean\Mu\Mu_0070.wav
Mu_0071.wav,Mu,1.0,16000,0.113783,0.665497,D:\STUPEN\Heartz\data-science\dataset\clean\Mu\Mu_0071.wav
Mu_0072.wav,Mu,1.0,16000,0.077974,0.513153,D:\STUPEN\Heartz\data-science\dataset\clean\Mu\Mu_0072.wav
Mu_0073.wav,Mu,1.0,16000,0.061968,0.349762,D:\STUPEN\Heartz\data-science\dataset\clean\Mu\Mu_0073.wav
Mu_0074.wav,Mu,1.0,16000,0.071554,0.35321,D:\STUPEN\Heartz\data-science\dataset\clean\Mu\Mu_0074.wav
Mu_0075.wav,Mu,1.0,16000,0.05933,0.339569,D:\STUPEN\Heartz\data-science\dataset\clean\Mu\Mu_0075.wav
Mu_0076.wav,Mu,1.0,16000,0.066933,0.444031,D:\STUPEN\Heartz\data-science\dataset\clean\Mu\Mu_0076.wav
Mu_0077.wav,Mu,1.0,16000,0.073756,0.414337,D:\STUPEN\Heartz\data-science\dataset\clean\Mu\Mu_0077.wav
Mu_0078.wav,Mu,1.0,16000,0.092952,0.496765,D:\STUPEN\Heartz\data-science\dataset\clean\Mu\Mu_0078.wav
Mu_0079.wav,Mu,1.0,16000,0.077974,0.442627,D:\STUPEN\Heartz\data-science\dataset\clean\Mu\Mu_0079.wav
Mu_0080.wav,Mu,1.0,16000,0.075895,0.443176,D:\STUPEN\Heartz\data-science\dataset\clean\Mu\Mu_0080.wav
Mu_0081.wav,Mu,1.0,16000,0.071554,0.399719,D:\STUPEN\Heartz\data-science\dataset\clean\Mu\Mu_0081.wav
Mu_0082.wav,Mu,1.0,16000,0.064498,0.424377,D:\STUPEN\Heartz\data-science\dataset\clean\Mu\Mu_0082.wav
Mu_0083.wav,Mu,1.0,16000,0.061968,0.402222,D:\STUPEN\Heartz\data-science\dataset\clean\Mu\Mu_0083.wav
Mu_0084.wav,Mu,1.0,16000,0.064498,0.44519,D:\STUPEN\Heartz\data-science\dataset\clean\Mu\Mu_0084.wav
Mu_0085.wav,Mu,1.0,16000,0.066933,0.394531,D:\STUPEN\Heartz\data-science\dataset\clean\Mu\Mu_0085.wav
Mu_0086.wav,Mu,1.0,16000,0.066933,0.443115,D:\STUPEN\Heartz\data-science\dataset\clean\Mu\Mu_0086.wav
Mu_0087.wav,Mu,1.0,16000,0.125483,0.817017,D:\STUPEN\Heartz\data-science\dataset\clean\Mu\Mu_0087.wav
Mu_0088.wav,Mu,1.0,16000,0.066933,0.461853,D:\STUPEN\Heartz\data-science\dataset\clean\Mu\Mu_0088.wav
Mu_0089.wav,Mu,1.0,16000,0.061968,0.40213,D:\STUPEN\Heartz\data-science\dataset\clean\Mu\Mu_0089.wav
Mu_0090.wav,Mu,1.0,16000,0.064498,0.390381,D:\STUPEN\Heartz\data-science\dataset\clean\Mu\Mu_0090.wav
Mu_0091.wav,Mu,1.0,16000,0.08579,0.483398,D:\STUPEN\Heartz\data-science\dataset\clean\Mu\Mu_0091.wav
Mu_0092.wav,Mu,1.0,16000,0.064498,0.312317,D:\STUPEN\Heartz\data-science\dataset\clean\Mu\Mu_0092.wav
Mu_0093.wav,Mu,1.0,16000,0.064498,0.393585,D:\STUPEN\Heartz\data-science\dataset\clean\Mu\Mu_0093.wav
Mu_0094.wav,Mu,1.0,16000,0.064498,0.371582,D:\STUPEN\Heartz\data-science\dataset\clean\Mu\Mu_0094.wav
Mu_0095.wav,Mu,1.0,16000,0.066933,0.370667,D:\STUPEN\Heartz\data-science\dataset\clean\Mu\Mu_0095.wav
Mu_0096.wav,Mu,1.0,16000,0.061968,0.364655,D:\STUPEN\Heartz\data-science\dataset\clean\Mu\Mu_0096.wav
Mu_0097.wav,Mu,1.0,16000,0.066933,0.435181,D:\STUPEN\Heartz\data-science\dataset\clean\Mu\Mu_0097.wav
Mu_0098.wav,Mu,1.0,16000,0.069282,0.44162,D:\STUPEN\Heartz\data-science\dataset\clean\Mu\Mu_0098.wav
Mu_0099.wav,Mu,1.0,16000,0.069282,0.386597,D:\STUPEN\Heartz\data-science\dataset\clean\Mu\Mu_0099.wav
Mu_0100.wav,Mu,1.0,16000,0.064498,0.394135,D:\STUPEN\Heartz\data-science\dataset\clean\Mu\Mu_0100.wav
Mu_0101.wav,Mu,1.0,16000,0.064498,0.4086,D:\STUPEN\Heartz\data-science\dataset\clean\Mu\Mu_0101.wav
Mu_0102.wav,Mu,1.0,16000,0.064498,0.379578,D:\STUPEN\Heartz\data-science\dataset\clean\Mu\Mu_0102.wav
Mu_0103.wav,Mu,1.0,16000,0.069282,0.491241,D:\STUPEN\Heartz\data-science\dataset\clean\Mu\Mu_0103.wav
Mu_0104.wav,Mu,1.0,16000,0.069282,0.38382,D:\STUPEN\Heartz\data-science\dataset\clean\Mu\Mu_0104.wav
Mu_0105.wav,Mu,1.0,16000,0.064498,0.382843,D:\STUPEN\Heartz\data-science\dataset\clean\Mu\Mu_0105.wav
Mu_0106.wav,Mu,1.0,16000,0.061968,0.355011,D:\STUPEN\Heartz\data-science\dataset\clean\Mu\Mu_0106.wav
Mu_0107.wav,Mu,1.0,16000,0.061968,0.325287,D:\STUPEN\Heartz\data-science\dataset\clean\Mu\Mu_0107.wav
Mu_0108.wav,Mu,1.0,16000,0.061968,0.335083,D:\STUPEN\Heartz\data-science\dataset\clean\Mu\Mu_0108.wav
Mu_0109.wav,Mu,1.0,16000,0.056569,0.436676,D:\STUPEN\Heartz\data-science\dataset\clean\Mu\Mu_0109.wav
Mu_0110.wav,Mu,1.0,16000,0.077974,0.63443,D:\STUPEN\Heartz\data-science\dataset\clean\Mu\Mu_0110.wav
Mu_0111.wav,Mu,1.0,16000,0.075895,0.615601,D:\STUPEN\Heartz\data-science\dataset\clean\Mu\Mu_0111.wav
Mu_0112.wav,Mu,1.0,16000,0.117423,0.98999,D:\STUPEN\Heartz\data-science\dataset\clean\Mu\Mu_0112.wav
Mu_0113.wav,Mu,1.0,16000,0.075895,0.519897,D:\STUPEN\Heartz\data-science\dataset\clean\Mu\Mu_0113.wav
Mu_0114.wav,Mu,1.0,16000,0.091214,0.595123,D:\STUPEN\Heartz\data-science\dataset\clean\Mu\Mu_0114.wav
Mu_0115.wav,Mu,1.0,16000,0.099599,0.61792,D:\STUPEN\Heartz\data-science\dataset\clean\Mu\Mu_0115.wav
Mu_0116.wav,Mu,1.0,16000,0.075895,0.455353,D:\STUPEN\Heartz\data-science\dataset\clean\Mu\Mu_0116.wav
Mu_0117.wav,Mu,1.0,16000,0.061968,0.398926,D:\STUPEN\Heartz\data-science\dataset\clean\Mu\Mu_0117.wav
Mu_0118.wav,Mu,1.0,16000,0.061968,0.439178,D:\STUPEN\Heartz\data-science\dataset\clean\Mu\Mu_0118.wav
Mu_0119.wav,Mu,1.0,16000,0.129932,0.803833,D:\STUPEN\Heartz\data-science\dataset\clean\Mu\Mu_0119.wav
Mu_0120.wav,Mu,1.0,16000,0.066933,0.497345,D:\STUPEN\Heartz\data-science\dataset\clean\Mu\Mu_0120.wav
Mu_0121.wav,Mu,1.0,16000,0.061968,0.413239,D:\STUPEN\Heartz\data-science\dataset\clean\Mu\Mu_0121.wav
Mu_0122.wav,Mu,1.0,16000,0.061968,0.419922,D:\STUPEN\Heartz\data-science\dataset\clean\Mu\Mu_0122.wav
Mu_0123.wav,Mu,1.0,16000,0.066933,0.41037,D:\STUPEN\Heartz\data-science\dataset\clean\Mu\Mu_0123.wav
Mu_0124.wav,Mu,1.0,16000,0.064498,0.402252,D:\STUPEN\Heartz\data-science\dataset\clean\Mu\Mu_0124.wav
Mu_0125.wav,Mu,1.0,16000,0.075895,0.509369,D:\STUPEN\Heartz\data-science\dataset\clean\Mu\Mu_0125.wav
Mu_0126.wav,Mu,1.0,16000,0.075895,0.487701,D:\STUPEN\Heartz\data-science\dataset\clean\Mu\Mu_0126.wav
Mu_0127.wav,Mu,1.0,16000,0.071554,0.462585,D:\STUPEN\Heartz\data-science\dataset\clean\Mu\Mu_0127.wav
Mu_0128.wav,Mu,1.0,16000,0.061968,0.393829,D:\STUPEN\Heartz\data-science\dataset\clean\Mu\Mu_0128.wav
Mu_0129.wav,Mu,1.0,16000,0.103476,0.695251,D:\STUPEN\Heartz\data-science\dataset\clean\Mu\Mu_0129.wav
Mu_0130.wav,Mu,1.0,16000,0.05933,0.486084,D:\STUPEN\Heartz\data-science\dataset\clean\Mu\Mu_0130.wav
Mu_0131.wav,Mu,1.0,16000,0.071554,0.599823,D:\STUPEN\Heartz\data-science\dataset\clean\Mu\Mu_0131.wav
Mu_0132.wav,Mu,1.0,16000,0.066933,0.479095,D:\STUPEN\Heartz\data-science\dataset\clean\Mu\Mu_0132.wav
Mu_0133.wav,Mu,1.0,16000,0.05933,0.356079,D:\STUPEN\Heartz\data-science\dataset\clean\Mu\Mu_0133.wav
Mu_0134.wav,Mu,1.0,16000,0.071554,0.522552,D:\STUPEN\Heartz\data-science\dataset\clean\Mu\Mu_0134.wav
Mu_0135.wav,Mu,1.0,16000,0.089443,0.611816,D:\STUPEN\Heartz\data-science\dataset\clean\Mu\Mu_0135.wav
Mu_0136.wav,Mu,1.0,16000,0.08579,0.575439,D:\STUPEN\Heartz\data-science\dataset\clean\Mu\Mu_0136.wav
Mu_0137.wav,Mu,1.0,16000,0.071554,0.494598,D:\STUPEN\Heartz\data-science\dataset\clean\Mu\Mu_0137.wav
Mu_0138.wav,Mu,1.0,16000,0.064498,0.41098,D:\STUPEN\Heartz\data-science\dataset\clean\Mu\Mu_0138.wav
Mu_0139.wav,Mu,1.0,16000,0.08579,0.544373,D:\STUPEN\Heartz\data-science\dataset\clean\Mu\Mu_0139.wav
Mu_0140.wav,Mu,1.0,16000,0.064498,0.371765,D:\STUPEN\Heartz\data-science\dataset\clean\Mu\Mu_0140.wav
Mu_0141.wav,Mu,1.0,16000,0.077974,0.433502,D:\STUPEN\Heartz\data-science\dataset\clean\Mu\Mu_0141.wav
Mu_0142.wav,Mu,1.0,16000,0.064498,0.363434,D:\STUPEN\Heartz\data-science\dataset\clean\Mu\Mu_0142.wav
Mu_0143.wav,Mu,1.0,16000,0.069282,0.401611,D:\STUPEN\Heartz\data-science\dataset\clean\Mu\Mu_0143.wav
Mu_0144.wav,Mu,1.0,16000,0.107307,0.534576,D:\STUPEN\Heartz\data-science\dataset\clean\Mu\Mu_0144.wav
Mu_0145.wav,Mu,1.0,16000,0.113783,0.665497,D:\STUPEN\Heartz\data-science\dataset\clean\Mu\Mu_0145.wav
Mu_0146.wav,Mu,1.0,16000,0.077974,0.513153,D:\STUPEN\Heartz\data-science\dataset\clean\Mu\Mu_0146.wav
Mu_0147.wav,Mu,1.0,16000,0.061968,0.349762,D:\STUPEN\Heartz\data-science\dataset\clean\Mu\Mu_0147.wav
Mu_0148.wav,Mu,1.0,16000,0.071554,0.35321,D:\STUPEN\Heartz\data-science\dataset\clean\Mu\Mu_0148.wav
Mu_0149.wav,Mu,1.0,16000,0.05933,0.339569,D:\STUPEN\Heartz\data-science\dataset\clean\Mu\Mu_0149.wav
Mu_0150.wav,Mu,1.0,16000,0.066933,0.444031,D:\STUPEN\Heartz\data-science\dataset\clean\Mu\Mu_0150.wav
Mu_0151.wav,Mu,1.0,16000,0.073756,0.414337,D:\STUPEN\Heartz\data-science\dataset\clean\Mu\Mu_0151.wav
Mu_0152.wav,Mu,1.0,16000,0.092952,0.496765,D:\STUPEN\Heartz\data-science\dataset\clean\Mu\Mu_0152.wav
Mu_0153.wav,Mu,1.0,16000,0.077974,0.442627,D:\STUPEN\Heartz\data-science\dataset\clean\Mu\Mu_0153.wav
Mu_0154.wav,Mu,1.0,16000,0.075895,0.443176,D:\STUPEN\Heartz\data-science\dataset\clean\Mu\Mu_0154.wav
Mu_0155.wav,Mu,1.0,16000,0.071554,0.399719,D:\STUPEN\Heartz\data-science\dataset\clean\Mu\Mu_0155.wav
Mu_0156.wav,Mu,1.0,16000,0.064498,0.424377,D:\STUPEN\Heartz\data-science\dataset\clean\Mu\Mu_0156.wav
Mu_0157.wav,Mu,1.0,16000,0.061968,0.402222,D:\STUPEN\Heartz\data-science\dataset\clean\Mu\Mu_0157.wav
Mu_0158.wav,Mu,1.0,16000,0.064498,0.44519,D:\STUPEN\Heartz\data-science\dataset\clean\Mu\Mu_0158.wav
Mu_0159.wav,Mu,1.0,16000,0.066933,0.394531,D:\STUPEN\Heartz\data-science\dataset\clean\Mu\Mu_0159.wav
Mu_0160.wav,Mu,1.0,16000,0.066933,0.443115,D:\STUPEN\Heartz\data-science\dataset\clean\Mu\Mu_0160.wav
Mu_0161.wav,Mu,1.0,16000,0.125483,0.817017,D:\STUPEN\Heartz\data-science\dataset\clean\Mu\Mu_0161.wav
Mu_0162.wav,Mu,1.0,16000,0.066933,0.461853,D:\STUPEN\Heartz\data-science\dataset\clean\Mu\Mu_0162.wav
Mu_0163.wav,Mu,1.0,16000,0.061968,0.40213,D:\STUPEN\Heartz\data-science\dataset\clean\Mu\Mu_0163.wav
Mu_0164.wav,Mu,1.0,16000,0.064498,0.390381,D:\STUPEN\Heartz\data-science\dataset\clean\Mu\Mu_0164.wav
Mu_0165.wav,Mu,1.0,16000,0.08579,0.483398,D:\STUPEN\Heartz\data-science\dataset\clean\Mu\Mu_0165.wav
Mu_0166.wav,Mu,1.0,16000,0.064498,0.312317,D:\STUPEN\Heartz\data-science\dataset\clean\Mu\Mu_0166.wav
Mu_0167.wav,Mu,1.0,16000,0.064498,0.393585,D:\STUPEN\Heartz\data-science\dataset\clean\Mu\Mu_0167.wav
Mu_0168.wav,Mu,1.0,16000,0.064498,0.371582,D:\STUPEN\Heartz\data-science\dataset\clean\Mu\Mu_0168.wav
Mu_0169.wav,Mu,1.0,16000,0.066933,0.370667,D:\STUPEN\Heartz\data-science\dataset\clean\Mu\Mu_0169.wav
Mu_0170.wav,Mu,1.0,16000,0.061968,0.364655,D:\STUPEN\Heartz\data-science\dataset\clean\Mu\Mu_0170.wav
Mu_0171.wav,Mu,1.0,16000,0.066933,0.435181,D:\STUPEN\Heartz\data-science\dataset\clean\Mu\Mu_0171.wav
Mu_0172.wav,Mu,1.0,16000,0.069282,0.44162,D:\STUPEN\Heartz\data-science\dataset\clean\Mu\Mu_0172.wav
Mu_0173.wav,Mu,1.0,16000,0.069282,0.386597,D:\STUPEN\Heartz\data-science\dataset\clean\Mu\Mu_0173.wav
Mu_0174.wav,Mu,1.0,16000,0.064498,0.394135,D:\STUPEN\Heartz\data-science\dataset\clean\Mu\Mu_0174.wav
Mu_0175.wav,Mu,1.0,16000,0.064498,0.4086,D:\STUPEN\Heartz\data-science\dataset\clean\Mu\Mu_0175.wav
Mu_0176.wav,Mu,1.0,16000,0.064498,0.379578,D:\STUPEN\Heartz\data-science\dataset\clean\Mu\Mu_0176.wav
Mu_0177.wav,Mu,1.0,16000,0.069282,0.491241,D:\STUPEN\Heartz\data-science\dataset\clean\Mu\Mu_0177.wav
Mu_0178.wav,Mu,1.0,16000,0.069282,0.38382,D:\STUPEN\Heartz\data-science\dataset\clean\Mu\Mu_0178.wav
Mu_0179.wav,Mu,1.0,16000,0.064498,0.382843,D:\STUPEN\Heartz\data-science\dataset\clean\Mu\Mu_0179.wav
Mu_0180.wav,Mu,1.0,16000,0.061968,0.355011,D:\STUPEN\Heartz\data-science\dataset\clean\Mu\Mu_0180.wav
Mu_0181.wav,Mu,1.0,16000,0.061968,0.325287,D:\STUPEN\Heartz\data-science\dataset\clean\Mu\Mu_0181.wav
Mu_0182.wav,Mu,1.0,16000,0.061968,0.335083,D:\STUPEN\Heartz\data-science\dataset\clean\Mu\Mu_0182.wav
Mu_0183.wav,Mu,1.0,16000,0.056569,0.436676,D:\STUPEN\Heartz\data-science\dataset\clean\Mu\Mu_0183.wav
Mu_0184.wav,Mu,1.0,16000,0.077974,0.63443,D:\STUPEN\Heartz\data-science\dataset\clean\Mu\Mu_0184.wav
Mu_0185.wav,Mu,1.0,16000,0.075895,0.615601,D:\STUPEN\Heartz\data-science\dataset\clean\Mu\Mu_0185.wav
Mu_0186.wav,Mu,1.0,16000,0.117423,0.98999,D:\STUPEN\Heartz\data-science\dataset\clean\Mu\Mu_0186.wav
Mu_0187.wav,Mu,1.0,16000,0.075895,0.519897,D:\STUPEN\Heartz\data-science\dataset\clean\Mu\Mu_0187.wav
Mu_0188.wav,Mu,1.0,16000,0.091214,0.595123,D:\STUPEN\Heartz\data-science\dataset\clean\Mu\Mu_0188.wav
Mu_0189.wav,Mu,1.0,16000,0.099599,0.61792,D:\STUPEN\Heartz\data-science\dataset\clean\Mu\Mu_0189.wav
Mu_0190.wav,Mu,1.0,16000,0.075895,0.455353,D:\STUPEN\Heartz\data-science\dataset\clean\Mu\Mu_0190.wav
Mu_0191.wav,Mu,1.0,16000,0.061968,0.398926,D:\STUPEN\Heartz\data-science\dataset\clean\Mu\Mu_0191.wav
Mu_0192.wav,Mu,1.0,16000,0.061968,0.439178,D:\STUPEN\Heartz\data-science\dataset\clean\Mu\Mu_0192.wav
Mu_0193.wav,Mu,1.0,16000,0.129932,0.803833,D:\STUPEN\Heartz\data-science\dataset\clean\Mu\Mu_0193.wav
Mu_0194.wav,Mu,1.0,16000,0.066933,0.497345,D:\STUPEN\Heartz\data-science\dataset\clean\Mu\Mu_0194.wav
Mu_0195.wav,Mu,1.0,16000,0.061968,0.413239,D:\STUPEN\Heartz\data-science\dataset\clean\Mu\Mu_0195.wav
Mu_0196.wav,Mu,1.0,16000,0.061968,0.419922,D:\STUPEN\Heartz\data-science\dataset\clean\Mu\Mu_0196.wav
Mu_0197.wav,Mu,1.0,16000,0.066933,0.41037,D:\STUPEN\Heartz\data-science\dataset\clean\Mu\Mu_0197.wav
Mu_0198.wav,Mu,1.0,16000,0.064498,0.402252,D:\STUPEN\Heartz\data-science\dataset\clean\Mu\Mu_0198.wav
Mu_0199.wav,Mu,1.0,16000,0.075895,0.509369,D:\STUPEN\Heartz\data-science\dataset\clean\Mu\Mu_0199.wav
Mu_0200.wav,Mu,1.0,16000,0.075895,0.487701,D:\STUPEN\Heartz\data-science\dataset\clean\Mu\Mu_0200.wav
Mu_0201.wav,Mu,1.0,16000,0.071554,0.462585,D:\STUPEN\Heartz\data-science\dataset\clean\Mu\Mu_0201.wav
Mu_0202.wav,Mu,1.0,16000,0.061968,0.393829,D:\STUPEN\Heartz\data-science\dataset\clean\Mu\Mu_0202.wav
Mu_0203.wav,Mu,1.0,16000,0.103476,0.695251,D:\STUPEN\Heartz\data-science\dataset\clean\Mu\Mu_0203.wav
Mu_0204.wav,Mu,1.0,16000,0.05933,0.486084,D:\STUPEN\Heartz\data-science\dataset\clean\Mu\Mu_0204.wav
Mu_0205.wav,Mu,1.0,16000,0.071554,0.599823,D:\STUPEN\Heartz\data-science\dataset\clean\Mu\Mu_0205.wav
Mu_0206.wav,Mu,1.0,16000,0.066933,0.479095,D:\STUPEN\Heartz\data-science\dataset\clean\Mu\Mu_0206.wav
Mu_0207.wav,Mu,1.0,16000,0.05933,0.356079,D:\STUPEN\Heartz\data-science\dataset\clean\Mu\Mu_0207.wav
Mu_0208.wav,Mu,1.0,16000,0.071554,0.522552,D:\STUPEN\Heartz\data-science\dataset\clean\Mu\Mu_0208.wav
Mu_0209.wav,Mu,1.0,16000,0.089443,0.611816,D:\STUPEN\Heartz\data-science\dataset\clean\Mu\Mu_0209.wav
Mu_0210.wav,Mu,1.0,16000,0.08579,0.575439,D:\STUPEN\Heartz\data-science\dataset\clean\Mu\Mu_0210.wav
Mu_0211.wav,Mu,1.0,16000,0.071554,0.494598,D:\STUPEN\Heartz\data-science\dataset\clean\Mu\Mu_0211.wav
Mu_0212.wav,Mu,1.0,16000,0.064498,0.41098,D:\STUPEN\Heartz\data-science\dataset\clean\Mu\Mu_0212.wav
Mu_0213.wav,Mu,1.0,16000,0.08579,0.544373,D:\STUPEN\Heartz\data-science\dataset\clean\Mu\Mu_0213.wav
Mu_0214.wav,Mu,1.0,16000,0.064498,0.371765,D:\STUPEN\Heartz\data-science\dataset\clean\Mu\Mu_0214.wav
Mu_0215.wav,Mu,1.0,16000,0.077974,0.433502,D:\STUPEN\Heartz\data-science\dataset\clean\Mu\Mu_0215.wav
Mu_0216.wav,Mu,1.0,16000,0.064498,0.363434,D:\STUPEN\Heartz\data-science\dataset\clean\Mu\Mu_0216.wav
Mu_0217.wav,Mu,1.0,16000,0.069282,0.401611,D:\STUPEN\Heartz\data-science\dataset\clean\Mu\Mu_0217.wav
Mu_0218.wav,Mu,1.0,16000,0.107307,0.534576,D:\STUPEN\Heartz\data-science\dataset\clean\Mu\Mu_0218.wav
Mu_0219.wav,Mu,1.0,16000,0.113783,0.665497,D:\STUPEN\Heartz\data-science\dataset\clean\Mu\Mu_0219.wav
Mu_0220.wav,Mu,1.0,16000,0.077974,0.513153,D:\STUPEN\Heartz\data-science\dataset\clean\Mu\Mu_0220.wav
Mu_0221.wav,Mu,1.0,16000,0.061968,0.349762,D:\STUPEN\Heartz\data-science\dataset\clean\Mu\Mu_0221.wav
Mu_0222.wav,Mu,1.0,16000,0.071554,0.35321,D:\STUPEN\Heartz\data-science\dataset\clean\Mu\Mu_0222.wav
Mu_0223.wav,Mu,1.0,16000,0.05933,0.339569,D:\STUPEN\Heartz\data-science\dataset\clean\Mu\Mu_0223.wav
Mu_0224.wav,Mu,1.0,16000,0.066933,0.444031,D:\STUPEN\Heartz\data-science\dataset\clean\Mu\Mu_0224.wav
Mu_0225.wav,Mu,1.0,16000,0.073756,0.414337,D:\STUPEN\Heartz\data-science\dataset\clean\Mu\Mu_0225.wav
Mu_0226.wav,Mu,1.0,16000,0.092952,0.496765,D:\STUPEN\Heartz\data-science\dataset\clean\Mu\Mu_0226.wav
Mu_0227.wav,Mu,1.0,16000,0.077974,0.442627,D:\STUPEN\Heartz\data-science\dataset\clean\Mu\Mu_0227.wav
Mu_0228.wav,Mu,1.0,16000,0.075895,0.443176,D:\STUPEN\Heartz\data-science\dataset\clean\Mu\Mu_0228.wav
Mu_0229.wav,Mu,1.0,16000,0.071554,0.399719,D:\STUPEN\Heartz\data-science\dataset\clean\Mu\Mu_0229.wav
Mu_0230.wav,Mu,1.0,16000,0.064498,0.424377,D:\STUPEN\Heartz\data-science\dataset\clean\Mu\Mu_0230.wav
Mu_0231.wav,Mu,1.0,16000,0.061968,0.402222,D:\STUPEN\Heartz\data-science\dataset\clean\Mu\Mu_0231.wav
Mu_0232.wav,Mu,1.0,16000,0.064498,0.44519,D:\STUPEN\Heartz\data-science\dataset\clean\Mu\Mu_0232.wav
Mu_0233.wav,Mu,1.0,16000,0.066933,0.394531,D:\STUPEN\Heartz\data-science\dataset\clean\Mu\Mu_0233.wav
Mu_0234.wav,Mu,1.0,16000,0.066933,0.443115,D:\STUPEN\Heartz\data-science\dataset\clean\Mu\Mu_0234.wav
Mu_0235.wav,Mu,1.0,16000,0.125483,0.817017,D:\STUPEN\Heartz\data-science\dataset\clean\Mu\Mu_0235.wav
Mu_0236.wav,Mu,1.0,16000,0.066933,0.461853,D:\STUPEN\Heartz\data-science\dataset\clean\Mu\Mu_0236.wav
Mu_0237.wav,Mu,1.0,16000,0.061968,0.40213,D:\STUPEN\Heartz\data-science\dataset\clean\Mu\Mu_0237.wav
Mu_0238.wav,Mu,1.0,16000,0.064498,0.390381,D:\STUPEN\Heartz\data-science\dataset\clean\Mu\Mu_0238.wav
Mu_0239.wav,Mu,1.0,16000,0.08579,0.483398,D:\STUPEN\Heartz\data-science\dataset\clean\Mu\Mu_0239.wav
Mu_0240.wav,Mu,1.0,16000,0.064498,0.312317,D:\STUPEN\Heartz\data-science\dataset\clean\Mu\Mu_0240.wav
Mu_0241.wav,Mu,1.0,16000,0.064498,0.393585,D:\STUPEN\Heartz\data-science\dataset\clean\Mu\Mu_0241.wav
Mu_0242.wav,Mu,1.0,16000,0.064498,0.371582,D:\STUPEN\Heartz\data-science\dataset\clean\Mu\Mu_0242.wav
Mu_0243.wav,Mu,1.0,16000,0.066933,0.370667,D:\STUPEN\Heartz\data-science\dataset\clean\Mu\Mu_0243.wav
Mu_0244.wav,Mu,1.0,16000,0.061968,0.364655,D:\STUPEN\Heartz\data-science\dataset\clean\Mu\Mu_0244.wav
Mu_0245.wav,Mu,1.0,16000,0.066933,0.435181,D:\STUPEN\Heartz\data-science\dataset\clean\Mu\Mu_0245.wav
Mu_0246.wav,Mu,1.0,16000,0.069282,0.44162,D:\STUPEN\Heartz\data-science\dataset\clean\Mu\Mu_0246.wav
Mu_0247.wav,Mu,1.0,16000,0.069282,0.386597,D:\STUPEN\Heartz\data-science\dataset\clean\Mu\Mu_0247.wav
Mu_0248.wav,Mu,1.0,16000,0.064498,0.394135,D:\STUPEN\Heartz\data-science\dataset\clean\Mu\Mu_0248.wav
Mu_0249.wav,Mu,1.0,16000,0.064498,0.4086,D:\STUPEN\Heartz\data-science\dataset\clean\Mu\Mu_0249.wav
Mu_0250.wav,Mu,1.0,16000,0.064498,0.379578,D:\STUPEN\Heartz\data-science\dataset\clean\Mu\Mu_0250.wav
Mu_0251.wav,Mu,1.0,16000,0.069282,0.491241,D:\STUPEN\Heartz\data-science\dataset\clean\Mu\Mu_0251.wav
Mu_0252.wav,Mu,1.0,16000,0.069282,0.38382,D:\STUPEN\Heartz\data-science\dataset\clean\Mu\Mu_0252.wav
Mu_0253.wav,Mu,1.0,16000,0.064498,0.382843,D:\STUPEN\Heartz\data-science\dataset\clean\Mu\Mu_0253.wav
Mu_0254.wav,Mu,1.0,16000,0.061968,0.355011,D:\STUPEN\Heartz\data-science\dataset\clean\Mu\Mu_0254.wav
Mu_0255.wav,Mu,1.0,16000,0.061968,0.325287,D:\STUPEN\Heartz\data-science\dataset\clean\Mu\Mu_0255.wav
Mu_0256.wav,Mu,1.0,16000,0.061968,0.335083,D:\STUPEN\Heartz\data-science\dataset\clean\Mu\Mu_0256.wav
Mu_0257.wav,Mu,1.0,16000,0.056569,0.436676,D:\STUPEN\Heartz\data-science\dataset\clean\Mu\Mu_0257.wav
Mu_0258.wav,Mu,1.0,16000,0.077974,0.63443,D:\STUPEN\Heartz\data-science\dataset\clean\Mu\Mu_0258.wav
Mu_0259.wav,Mu,1.0,16000,0.075895,0.615601,D:\STUPEN\Heartz\data-science\dataset\clean\Mu\Mu_0259.wav
Mu_0260.wav,Mu,1.0,16000,0.117423,0.98999,D:\STUPEN\Heartz\data-science\dataset\clean\Mu\Mu_0260.wav
Mu_0261.wav,Mu,1.0,16000,0.075895,0.519897,D:\STUPEN\Heartz\data-science\dataset\clean\Mu\Mu_0261.wav
Mu_0262.wav,Mu,1.0,16000,0.091214,0.595123,D:\STUPEN\Heartz\data-science\dataset\clean\Mu\Mu_0262.wav
Mu_0263.wav,Mu,1.0,16000,0.099599,0.61792,D:\STUPEN\Heartz\data-science\dataset\clean\Mu\Mu_0263.wav
Mu_0264.wav,Mu,1.0,16000,0.075895,0.455353,D:\STUPEN\Heartz\data-science\dataset\clean\Mu\Mu_0264.wav
Mu_0265.wav,Mu,1.0,16000,0.061968,0.398926,D:\STUPEN\Heartz\data-science\dataset\clean\Mu\Mu_0265.wav
Mu_0266.wav,Mu,1.0,16000,0.061968,0.439178,D:\STUPEN\Heartz\data-science\dataset\clean\Mu\Mu_0266.wav
Mu_0267.wav,Mu,1.0,16000,0.129932,0.803833,D:\STUPEN\Heartz\data-science\dataset\clean\Mu\Mu_0267.wav
Mu_0268.wav,Mu,1.0,16000,0.066933,0.497345,D:\STUPEN\Heartz\data-science\dataset\clean\Mu\Mu_0268.wav
Mu_0269.wav,Mu,1.0,16000,0.061968,0.413239,D:\STUPEN\Heartz\data-science\dataset\clean\Mu\Mu_0269.wav
Mu_0270.wav,Mu,1.0,16000,0.061968,0.419922,D:\STUPEN\Heartz\data-science\dataset\clean\Mu\Mu_0270.wav
Mu_0271.wav,Mu,1.0,16000,0.066933,0.41037,D:\STUPEN\Heartz\data-science\dataset\clean\Mu\Mu_0271.wav
Mu_0272.wav,Mu,1.0,16000,0.064498,0.402252,D:\STUPEN\Heartz\data-science\dataset\clean\Mu\Mu_0272.wav
Mu_0273.wav,Mu,1.0,16000,0.075895,0.509369,D:\STUPEN\Heartz\data-science\dataset\clean\Mu\Mu_0273.wav
Mu_0274.wav,Mu,1.0,16000,0.075895,0.487701,D:\STUPEN\Heartz\data-science\dataset\clean\Mu\Mu_0274.wav
Mu_0275.wav,Mu,1.0,16000,0.071554,0.462585,D:\STUPEN\Heartz\data-science\dataset\clean\Mu\Mu_0275.wav
Mu_0276.wav,Mu,1.0,16000,0.061968,0.393829,D:\STUPEN\Heartz\data-science\dataset\clean\Mu\Mu_0276.wav
Mu_0277.wav,Mu,1.0,16000,0.103476,0.695251,D:\STUPEN\Heartz\data-science\dataset\clean\Mu\Mu_0277.wav
Mu_0278.wav,Mu,1.0,16000,0.05933,0.486084,D:\STUPEN\Heartz\data-science\dataset\clean\Mu\Mu_0278.wav
Mu_0279.wav,Mu,1.0,16000,0.071554,0.599823,D:\STUPEN\Heartz\data-science\dataset\clean\Mu\Mu_0279.wav
Mu_0280.wav,Mu,1.0,16000,0.066933,0.479095,D:\STUPEN\Heartz\data-science\dataset\clean\Mu\Mu_0280.wav
Mu_0281.wav,Mu,1.0,16000,0.05933,0.356079,D:\STUPEN\Heartz\data-science\dataset\clean\Mu\Mu_0281.wav
Mu_0282.wav,Mu,1.0,16000,0.071554,0.522552,D:\STUPEN\Heartz\data-science\dataset\clean\Mu\Mu_0282.wav
Mu_0283.wav,Mu,1.0,16000,0.089443,0.611816,D:\STUPEN\Heartz\data-science\dataset\clean\Mu\Mu_0283.wav
Mu_0284.wav,Mu,1.0,16000,0.08579,0.575439,D:\STUPEN\Heartz\data-science\dataset\clean\Mu\Mu_0284.wav
Mu_0285.wav,Mu,1.0,16000,0.071554,0.494598,D:\STUPEN\Heartz\data-science\dataset\clean\Mu\Mu_0285.wav
Mu_0286.wav,Mu,1.0,16000,0.064498,0.41098,D:\STUPEN\Heartz\data-science\dataset\clean\Mu\Mu_0286.wav
Mu_0287.wav,Mu,1.0,16000,0.08579,0.544373,D:\STUPEN\Heartz\data-science\dataset\clean\Mu\Mu_0287.wav
Mu_0288.wav,Mu,1.0,16000,0.064498,0.371765,D:\STUPEN\Heartz\data-science\dataset\clean\Mu\Mu_0288.wav
Mu_0289.wav,Mu,1.0,16000,0.077974,0.433502,D:\STUPEN\Heartz\data-science\dataset\clean\Mu\Mu_0289.wav
Mu_0290.wav,Mu,1.0,16000,0.064498,0.363434,D:\STUPEN\Heartz\data-science\dataset\clean\Mu\Mu_0290.wav
Mu_0291.wav,Mu,1.0,16000,0.069282,0.401611,D:\STUPEN\Heartz\data-science\dataset\clean\Mu\Mu_0291.wav
Mu_0292.wav,Mu,1.0,16000,0.107307,0.534576,D:\STUPEN\Heartz\data-science\dataset\clean\Mu\Mu_0292.wav
Mu_0293.wav,Mu,1.0,16000,0.113783,0.665497,D:\STUPEN\Heartz\data-science\dataset\clean\Mu\Mu_0293.wav
Mu_0294.wav,Mu,1.0,16000,0.077974,0.513153,D:\STUPEN\Heartz\data-science\dataset\clean\Mu\Mu_0294.wav
Mu_0295.wav,Mu,1.0,16000,0.061968,0.349762,D:\STUPEN\Heartz\data-science\dataset\clean\Mu\Mu_0295.wav
Mu_0296.wav,Mu,1.0,16000,0.071554,0.35321,D:\STUPEN\Heartz\data-science\dataset\clean\Mu\Mu_0296.wav
O_0001.wav,O,1.0,16000,0.069282,0.335175,D:\STUPEN\Heartz\data-science\dataset\clean\O\O_0001.wav
O_0002.wav,O,1.0,16000,0.066933,0.360718,D:\STUPEN\Heartz\data-science\dataset\clean\O\O_0002.wav
O_0003.wav,O,1.0,16000,0.069282,0.43277,D:\STUPEN\Heartz\data-science\dataset\clean\O\O_0003.wav
O_0004.wav,O,1.0,16000,0.061968,0.394867,D:\STUPEN\Heartz\data-science\dataset\clean\O\O_0004.wav
O_0005.wav,O,1.0,16000,0.064498,0.41217,D:\STUPEN\Heartz\data-science\dataset\clean\O\O_0005.wav
O_0006.wav,O,1.0,16000,0.066933,0.520721,D:\STUPEN\Heartz\data-science\dataset\clean\O\O_0006.wav
O_0007.wav,O,1.0,16000,0.064498,0.413025,D:\STUPEN\Heartz\data-science\dataset\clean\O\O_0007.wav
O_0008.wav,O,1.0,16000,0.061968,0.371613,D:\STUPEN\Heartz\data-science\dataset\clean\O\O_0008.wav
O_0009.wav,O,1.0,16000,0.064498,0.366577,D:\STUPEN\Heartz\data-science\dataset\clean\O\O_0009.wav
O_0010.wav,O,1.0,16000,0.066933,0.38797,D:\STUPEN\Heartz\data-science\dataset\clean\O\O_0010.wav
O_0011.wav,O,1.0,16000,0.069282,0.37912,D:\STUPEN\Heartz\data-science\dataset\clean\O\O_0011.wav
O_0012.wav,O,1.0,16000,0.069282,0.37207,D:\STUPEN\Heartz\data-science\dataset\clean\O\O_0012.wav
O_0013.wav,O,1.0,16000,0.066933,0.448486,D:\STUPEN\Heartz\data-science\dataset\clean\O\O_0013.wav
O_0014.wav,O,1.0,16000,0.066933,0.371796,D:\STUPEN\Heartz\data-science\dataset\clean\O\O_0014.wav
O_0015.wav,O,1.0,16000,0.064498,0.397308,D:\STUPEN\Heartz\data-science\dataset\clean\O\O_0015.wav
O_0016.wav,O,1.0,16000,0.066933,0.39093,D:\STUPEN\Heartz\data-science\dataset\clean\O\O_0016.wav
O_0017.wav,O,1.0,16000,0.066933,0.419983,D:\STUPEN\Heartz\data-science\dataset\clean\O\O_0017.wav
O_0018.wav,O,1.0,16000,0.064498,0.376709,D:\STUPEN\Heartz\data-science\dataset\clean\O\O_0018.wav
O_0019.wav,O,1.0,16000,0.066933,0.421539,D:\STUPEN\Heartz\data-science\dataset\clean\O\O_0019.wav
O_0020.wav,O,1.0,16000,0.066933,0.387054,D:\STUPEN\Heartz\data-science\dataset\clean\O\O_0020.wav
O_0021.wav,O,1.0,16000,0.066933,0.403656,D:\STUPEN\Heartz\data-science\dataset\clean\O\O_0021.wav
O_0022.wav,O,1.0,16000,0.066933,0.385895,D:\STUPEN\Heartz\data-science\dataset\clean\O\O_0022.wav
O_0023.wav,O,1.0,16000,0.066933,0.454742,D:\STUPEN\Heartz\data-science\dataset\clean\O\O_0023.wav
O_0024.wav,O,1.0,16000,0.066933,0.432648,D:\STUPEN\Heartz\data-science\dataset\clean\O\O_0024.wav
O_0025.wav,O,1.0,16000,0.066933,0.355011,D:\STUPEN\Heartz\data-science\dataset\clean\O\O_0025.wav
O_0026.wav,O,1.0,16000,0.069282,0.392609,D:\STUPEN\Heartz\data-science\dataset\clean\O\O_0026.wav
O_0027.wav,O,1.0,16000,0.066933,0.40686,D:\STUPEN\Heartz\data-science\dataset\clean\O\O_0027.wav
O_0028.wav,O,1.0,16000,0.069282,0.36969,D:\STUPEN\Heartz\data-science\dataset\clean\O\O_0028.wav
O_0029.wav,O,1.0,16000,0.071554,0.366821,D:\STUPEN\Heartz\data-science\dataset\clean\O\O_0029.wav
O_0030.wav,O,1.0,16000,0.071554,0.352142,D:\STUPEN\Heartz\data-science\dataset\clean\O\O_0030.wav
O_0031.wav,O,1.0,16000,0.071554,0.44455,D:\STUPEN\Heartz\data-science\dataset\clean\O\O_0031.wav
O_0032.wav,O,1.0,16000,0.069282,0.458252,D:\STUPEN\Heartz\data-science\dataset\clean\O\O_0032.wav
O_0033.wav,O,1.0,16000,0.069282,0.376434,D:\STUPEN\Heartz\data-science\dataset\clean\O\O_0033.wav
O_0034.wav,O,1.0,16000,0.069282,0.434937,D:\STUPEN\Heartz\data-science\dataset\clean\O\O_0034.wav
O_0035.wav,O,1.0,16000,0.069282,0.428009,D:\STUPEN\Heartz\data-science\dataset\clean\O\O_0035.wav
O_0036.wav,O,1.0,16000,0.069282,0.362061,D:\STUPEN\Heartz\data-science\dataset\clean\O\O_0036.wav
O_0037.wav,O,1.0,16000,0.069282,0.399445,D:\STUPEN\Heartz\data-science\dataset\clean\O\O_0037.wav
O_0038.wav,O,1.0,16000,0.069282,0.421082,D:\STUPEN\Heartz\data-science\dataset\clean\O\O_0038.wav
O_0039.wav,O,1.0,16000,0.071554,0.319122,D:\STUPEN\Heartz\data-science\dataset\clean\O\O_0039.wav
O_0040.wav,O,1.0,16000,0.066933,0.333801,D:\STUPEN\Heartz\data-science\dataset\clean\O\O_0040.wav
O_0041.wav,O,1.0,16000,0.064498,0.360474,D:\STUPEN\Heartz\data-science\dataset\clean\O\O_0041.wav
O_0042.wav,O,1.0,16000,0.069282,0.382629,D:\STUPEN\Heartz\data-science\dataset\clean\O\O_0042.wav
O_0043.wav,O,1.0,16000,0.069282,0.391846,D:\STUPEN\Heartz\data-science\dataset\clean\O\O_0043.wav
O_0044.wav,O,1.0,16000,0.066933,0.405426,D:\STUPEN\Heartz\data-science\dataset\clean\O\O_0044.wav
O_0045.wav,O,1.0,16000,0.067686,0.589142,D:\STUPEN\Heartz\data-science\dataset\clean\O\O_0045.wav
O_0046.wav,O,1.0,16000,0.069282,0.335175,D:\STUPEN\Heartz\data-science\dataset\clean\O\O_0046.wav
O_0047.wav,O,1.0,16000,0.066933,0.360718,D:\STUPEN\Heartz\data-science\dataset\clean\O\O_0047.wav
O_0048.wav,O,1.0,16000,0.069282,0.43277,D:\STUPEN\Heartz\data-science\dataset\clean\O\O_0048.wav
O_0049.wav,O,1.0,16000,0.061968,0.394867,D:\STUPEN\Heartz\data-science\dataset\clean\O\O_0049.wav
O_0050.wav,O,1.0,16000,0.064498,0.41217,D:\STUPEN\Heartz\data-science\dataset\clean\O\O_0050.wav
O_0051.wav,O,1.0,16000,0.066933,0.520721,D:\STUPEN\Heartz\data-science\dataset\clean\O\O_0051.wav
O_0052.wav,O,1.0,16000,0.064498,0.413025,D:\STUPEN\Heartz\data-science\dataset\clean\O\O_0052.wav
O_0053.wav,O,1.0,16000,0.061968,0.371613,D:\STUPEN\Heartz\data-science\dataset\clean\O\O_0053.wav
O_0054.wav,O,1.0,16000,0.064498,0.366577,D:\STUPEN\Heartz\data-science\dataset\clean\O\O_0054.wav
O_0055.wav,O,1.0,16000,0.066933,0.38797,D:\STUPEN\Heartz\data-science\dataset\clean\O\O_0055.wav
O_0056.wav,O,1.0,16000,0.069282,0.37912,D:\STUPEN\Heartz\data-science\dataset\clean\O\O_0056.wav
O_0057.wav,O,1.0,16000,0.069282,0.37207,D:\STUPEN\Heartz\data-science\dataset\clean\O\O_0057.wav
O_0058.wav,O,1.0,16000,0.066933,0.448486,D:\STUPEN\Heartz\data-science\dataset\clean\O\O_0058.wav
O_0059.wav,O,1.0,16000,0.066933,0.371796,D:\STUPEN\Heartz\data-science\dataset\clean\O\O_0059.wav
O_0060.wav,O,1.0,16000,0.064498,0.397308,D:\STUPEN\Heartz\data-science\dataset\clean\O\O_0060.wav
O_0061.wav,O,1.0,16000,0.066933,0.39093,D:\STUPEN\Heartz\data-science\dataset\clean\O\O_0061.wav
O_0062.wav,O,1.0,16000,0.066933,0.419983,D:\STUPEN\Heartz\data-science\dataset\clean\O\O_0062.wav
O_0063.wav,O,1.0,16000,0.064498,0.376709,D:\STUPEN\Heartz\data-science\dataset\clean\O\O_0063.wav
O_0064.wav,O,1.0,16000,0.066933,0.421539,D:\STUPEN\Heartz\data-science\dataset\clean\O\O_0064.wav
O_0065.wav,O,1.0,16000,0.066933,0.387054,D:\STUPEN\Heartz\data-science\dataset\clean\O\O_0065.wav
O_0066.wav,O,1.0,16000,0.066933,0.403656,D:\STUPEN\Heartz\data-science\dataset\clean\O\O_0066.wav
O_0067.wav,O,1.0,16000,0.066933,0.385895,D:\STUPEN\Heartz\data-science\dataset\clean\O\O_0067.wav
O_0068.wav,O,1.0,16000,0.066933,0.454742,D:\STUPEN\Heartz\data-science\dataset\clean\O\O_0068.wav
O_0069.wav,O,1.0,16000,0.066933,0.432648,D:\STUPEN\Heartz\data-science\dataset\clean\O\O_0069.wav
O_0070.wav,O,1.0,16000,0.066933,0.355011,D:\STUPEN\Heartz\data-science\dataset\clean\O\O_0070.wav
O_0071.wav,O,1.0,16000,0.069282,0.392609,D:\STUPEN\Heartz\data-science\dataset\clean\O\O_0071.wav
O_0072.wav,O,1.0,16000,0.066933,0.40686,D:\STUPEN\Heartz\data-science\dataset\clean\O\O_0072.wav
O_0073.wav,O,1.0,16000,0.069282,0.36969,D:\STUPEN\Heartz\data-science\dataset\clean\O\O_0073.wav
O_0074.wav,O,1.0,16000,0.071554,0.366821,D:\STUPEN\Heartz\data-science\dataset\clean\O\O_0074.wav
O_0075.wav,O,1.0,16000,0.071554,0.352142,D:\STUPEN\Heartz\data-science\dataset\clean\O\O_0075.wav
O_0076.wav,O,1.0,16000,0.071554,0.44455,D:\STUPEN\Heartz\data-science\dataset\clean\O\O_0076.wav
O_0077.wav,O,1.0,16000,0.069282,0.458252,D:\STUPEN\Heartz\data-science\dataset\clean\O\O_0077.wav
O_0078.wav,O,1.0,16000,0.069282,0.376434,D:\STUPEN\Heartz\data-science\dataset\clean\O\O_0078.wav
O_0079.wav,O,1.0,16000,0.069282,0.434937,D:\STUPEN\Heartz\data-science\dataset\clean\O\O_0079.wav
O_0080.wav,O,1.0,16000,0.069282,0.428009,D:\STUPEN\Heartz\data-science\dataset\clean\O\O_0080.wav
O_0081.wav,O,1.0,16000,0.069282,0.362061,D:\STUPEN\Heartz\data-science\dataset\clean\O\O_0081.wav
O_0082.wav,O,1.0,16000,0.069282,0.399445,D:\STUPEN\Heartz\data-science\dataset\clean\O\O_0082.wav
O_0083.wav,O,1.0,16000,0.069282,0.421082,D:\STUPEN\Heartz\data-science\dataset\clean\O\O_0083.wav
O_0084.wav,O,1.0,16000,0.071554,0.319122,D:\STUPEN\Heartz\data-science\dataset\clean\O\O_0084.wav
O_0085.wav,O,1.0,16000,0.066933,0.333801,D:\STUPEN\Heartz\data-science\dataset\clean\O\O_0085.wav
O_0086.wav,O,1.0,16000,0.064498,0.360474,D:\STUPEN\Heartz\data-science\dataset\clean\O\O_0086.wav
O_0087.wav,O,1.0,16000,0.069282,0.382629,D:\STUPEN\Heartz\data-science\dataset\clean\O\O_0087.wav
O_0088.wav,O,1.0,16000,0.069282,0.391846,D:\STUPEN\Heartz\data-science\dataset\clean\O\O_0088.wav
O_0089.wav,O,1.0,16000,0.066933,0.405426,D:\STUPEN\Heartz\data-science\dataset\clean\O\O_0089.wav
O_0090.wav,O,1.0,16000,0.067686,0.589142,D:\STUPEN\Heartz\data-science\dataset\clean\O\O_0090.wav
O_0091.wav,O,1.0,16000,0.069282,0.335175,D:\STUPEN\Heartz\data-science\dataset\clean\O\O_0091.wav
O_0092.wav,O,1.0,16000,0.066933,0.360718,D:\STUPEN\Heartz\data-science\dataset\clean\O\O_0092.wav
O_0093.wav,O,1.0,16000,0.069282,0.43277,D:\STUPEN\Heartz\data-science\dataset\clean\O\O_0093.wav
O_0094.wav,O,1.0,16000,0.061968,0.394867,D:\STUPEN\Heartz\data-science\dataset\clean\O\O_0094.wav
O_0095.wav,O,1.0,16000,0.064498,0.41217,D:\STUPEN\Heartz\data-science\dataset\clean\O\O_0095.wav
O_0096.wav,O,1.0,16000,0.066933,0.520721,D:\STUPEN\Heartz\data-science\dataset\clean\O\O_0096.wav
O_0097.wav,O,1.0,16000,0.064498,0.413025,D:\STUPEN\Heartz\data-science\dataset\clean\O\O_0097.wav
O_0098.wav,O,1.0,16000,0.061968,0.371613,D:\STUPEN\Heartz\data-science\dataset\clean\O\O_0098.wav
O_0099.wav,O,1.0,16000,0.064498,0.366577,D:\STUPEN\Heartz\data-science\dataset\clean\O\O_0099.wav
O_0100.wav,O,1.0,16000,0.066933,0.38797,D:\STUPEN\Heartz\data-science\dataset\clean\O\O_0100.wav
O_0101.wav,O,1.0,16000,0.069282,0.37912,D:\STUPEN\Heartz\data-science\dataset\clean\O\O_0101.wav
O_0102.wav,O,1.0,16000,0.069282,0.37207,D:\STUPEN\Heartz\data-science\dataset\clean\O\O_0102.wav
O_0103.wav,O,1.0,16000,0.066933,0.448486,D:\STUPEN\Heartz\data-science\dataset\clean\O\O_0103.wav
O_0104.wav,O,1.0,16000,0.066933,0.371796,D:\STUPEN\Heartz\data-science\dataset\clean\O\O_0104.wav
O_0105.wav,O,1.0,16000,0.064498,0.397308,D:\STUPEN\Heartz\data-science\dataset\clean\O\O_0105.wav
O_0106.wav,O,1.0,16000,0.066933,0.39093,D:\STUPEN\Heartz\data-science\dataset\clean\O\O_0106.wav
O_0107.wav,O,1.0,16000,0.066933,0.419983,D:\STUPEN\Heartz\data-science\dataset\clean\O\O_0107.wav
O_0108.wav,O,1.0,16000,0.064498,0.376709,D:\STUPEN\Heartz\data-science\dataset\clean\O\O_0108.wav
O_0109.wav,O,1.0,16000,0.066933,0.421539,D:\STUPEN\Heartz\data-science\dataset\clean\O\O_0109.wav
O_0110.wav,O,1.0,16000,0.066933,0.387054,D:\STUPEN\Heartz\data-science\dataset\clean\O\O_0110.wav
O_0111.wav,O,1.0,16000,0.066933,0.403656,D:\STUPEN\Heartz\data-science\dataset\clean\O\O_0111.wav
O_0112.wav,O,1.0,16000,0.066933,0.385895,D:\STUPEN\Heartz\data-science\dataset\clean\O\O_0112.wav
O_0113.wav,O,1.0,16000,0.066933,0.454742,D:\STUPEN\Heartz\data-science\dataset\clean\O\O_0113.wav
O_0114.wav,O,1.0,16000,0.066933,0.432648,D:\STUPEN\Heartz\data-science\dataset\clean\O\O_0114.wav
O_0115.wav,O,1.0,16000,0.066933,0.355011,D:\STUPEN\Heartz\data-science\dataset\clean\O\O_0115.wav
O_0116.wav,O,1.0,16000,0.069282,0.392609,D:\STUPEN\Heartz\data-science\dataset\clean\O\O_0116.wav
O_0117.wav,O,1.0,16000,0.066933,0.40686,D:\STUPEN\Heartz\data-science\dataset\clean\O\O_0117.wav
O_0118.wav,O,1.0,16000,0.069282,0.36969,D:\STUPEN\Heartz\data-science\dataset\clean\O\O_0118.wav
O_0119.wav,O,1.0,16000,0.071554,0.366821,D:\STUPEN\Heartz\data-science\dataset\clean\O\O_0119.wav
O_0120.wav,O,1.0,16000,0.071554,0.352142,D:\STUPEN\Heartz\data-science\dataset\clean\O\O_0120.wav
O_0121.wav,O,1.0,16000,0.071554,0.44455,D:\STUPEN\Heartz\data-science\dataset\clean\O\O_0121.wav
O_0122.wav,O,1.0,16000,0.069282,0.458252,D:\STUPEN\Heartz\data-science\dataset\clean\O\O_0122.wav
O_0123.wav,O,1.0,16000,0.069282,0.376434,D:\STUPEN\Heartz\data-science\dataset\clean\O\O_0123.wav
O_0124.wav,O,1.0,16000,0.069282,0.434937,D:\STUPEN\Heartz\data-science\dataset\clean\O\O_0124.wav
O_0125.wav,O,1.0,16000,0.069282,0.428009,D:\STUPEN\Heartz\data-science\dataset\clean\O\O_0125.wav
O_0126.wav,O,1.0,16000,0.069282,0.362061,D:\STUPEN\Heartz\data-science\dataset\clean\O\O_0126.wav
O_0127.wav,O,1.0,16000,0.069282,0.399445,D:\STUPEN\Heartz\data-science\dataset\clean\O\O_0127.wav
O_0128.wav,O,1.0,16000,0.069282,0.421082,D:\STUPEN\Heartz\data-science\dataset\clean\O\O_0128.wav
O_0129.wav,O,1.0,16000,0.071554,0.319122,D:\STUPEN\Heartz\data-science\dataset\clean\O\O_0129.wav
O_0130.wav,O,1.0,16000,0.066933,0.333801,D:\STUPEN\Heartz\data-science\dataset\clean\O\O_0130.wav
O_0131.wav,O,1.0,16000,0.064498,0.360474,D:\STUPEN\Heartz\data-science\dataset\clean\O\O_0131.wav
O_0132.wav,O,1.0,16000,0.069282,0.382629,D:\STUPEN\Heartz\data-science\dataset\clean\O\O_0132.wav
O_0133.wav,O,1.0,16000,0.069282,0.391846,D:\STUPEN\Heartz\data-science\dataset\clean\O\O_0133.wav
O_0134.wav,O,1.0,16000,0.066933,0.405426,D:\STUPEN\Heartz\data-science\dataset\clean\O\O_0134.wav
O_0135.wav,O,1.0,16000,0.067686,0.589142,D:\STUPEN\Heartz\data-science\dataset\clean\O\O_0135.wav
O_0136.wav,O,1.0,16000,0.069282,0.335175,D:\STUPEN\Heartz\data-science\dataset\clean\O\O_0136.wav
O_0137.wav,O,1.0,16000,0.066933,0.360718,D:\STUPEN\Heartz\data-science\dataset\clean\O\O_0137.wav
O_0138.wav,O,1.0,16000,0.069282,0.43277,D:\STUPEN\Heartz\data-science\dataset\clean\O\O_0138.wav
O_0139.wav,O,1.0,16000,0.061968,0.394867,D:\STUPEN\Heartz\data-science\dataset\clean\O\O_0139.wav
O_0140.wav,O,1.0,16000,0.064498,0.41217,D:\STUPEN\Heartz\data-science\dataset\clean\O\O_0140.wav
O_0141.wav,O,1.0,16000,0.066933,0.520721,D:\STUPEN\Heartz\data-science\dataset\clean\O\O_0141.wav
O_0142.wav,O,1.0,16000,0.064498,0.413025,D:\STUPEN\Heartz\data-science\dataset\clean\O\O_0142.wav
O_0143.wav,O,1.0,16000,0.061968,0.371613,D:\STUPEN\Heartz\data-science\dataset\clean\O\O_0143.wav
O_0144.wav,O,1.0,16000,0.064498,0.366577,D:\STUPEN\Heartz\data-science\dataset\clean\O\O_0144.wav
O_0145.wav,O,1.0,16000,0.066933,0.38797,D:\STUPEN\Heartz\data-science\dataset\clean\O\O_0145.wav
O_0146.wav,O,1.0,16000,0.069282,0.37912,D:\STUPEN\Heartz\data-science\dataset\clean\O\O_0146.wav
O_0147.wav,O,1.0,16000,0.069282,0.37207,D:\STUPEN\Heartz\data-science\dataset\clean\O\O_0147.wav
O_0148.wav,O,1.0,16000,0.066933,0.448486,D:\STUPEN\Heartz\data-science\dataset\clean\O\O_0148.wav
O_0149.wav,O,1.0,16000,0.066933,0.371796,D:\STUPEN\Heartz\data-science\dataset\clean\O\O_0149.wav
O_0150.wav,O,1.0,16000,0.064498,0.397308,D:\STUPEN\Heartz\data-science\dataset\clean\O\O_0150.wav
O_0151.wav,O,1.0,16000,0.066933,0.39093,D:\STUPEN\Heartz\data-science\dataset\clean\O\O_0151.wav
O_0152.wav,O,1.0,16000,0.066933,0.419983,D:\STUPEN\Heartz\data-science\dataset\clean\O\O_0152.wav
O_0153.wav,O,1.0,16000,0.064498,0.376709,D:\STUPEN\Heartz\data-science\dataset\clean\O\O_0153.wav
O_0154.wav,O,1.0,16000,0.066933,0.421539,D:\STUPEN\Heartz\data-science\dataset\clean\O\O_0154.wav
O_0155.wav,O,1.0,16000,0.066933,0.387054,D:\STUPEN\Heartz\data-science\dataset\clean\O\O_0155.wav
O_0156.wav,O,1.0,16000,0.066933,0.403656,D:\STUPEN\Heartz\data-science\dataset\clean\O\O_0156.wav
O_0157.wav,O,1.0,16000,0.066933,0.385895,D:\STUPEN\Heartz\data-science\dataset\clean\O\O_0157.wav
O_0158.wav,O,1.0,16000,0.066933,0.454742,D:\STUPEN\Heartz\data-science\dataset\clean\O\O_0158.wav
O_0159.wav,O,1.0,16000,0.066933,0.432648,D:\STUPEN\Heartz\data-science\dataset\clean\O\O_0159.wav
O_0160.wav,O,1.0,16000,0.066933,0.355011,D:\STUPEN\Heartz\data-science\dataset\clean\O\O_0160.wav
O_0161.wav,O,1.0,16000,0.069282,0.392609,D:\STUPEN\Heartz\data-science\dataset\clean\O\O_0161.wav
O_0162.wav,O,1.0,16000,0.066933,0.40686,D:\STUPEN\Heartz\data-science\dataset\clean\O\O_0162.wav
O_0163.wav,O,1.0,16000,0.069282,0.36969,D:\STUPEN\Heartz\data-science\dataset\clean\O\O_0163.wav
O_0164.wav,O,1.0,16000,0.071554,0.366821,D:\STUPEN\Heartz\data-science\dataset\clean\O\O_0164.wav
O_0165.wav,O,1.0,16000,0.071554,0.352142,D:\STUPEN\Heartz\data-science\dataset\clean\O\O_0165.wav
O_0166.wav,O,1.0,16000,0.071554,0.44455,D:\STUPEN\Heartz\data-science\dataset\clean\O\O_0166.wav
O_0167.wav,O,1.0,16000,0.069282,0.458252,D:\STUPEN\Heartz\data-science\dataset\clean\O\O_0167.wav
O_0168.wav,O,1.0,16000,0.069282,0.376434,D:\STUPEN\Heartz\data-science\dataset\clean\O\O_0168.wav
O_0169.wav,O,1.0,16000,0.069282,0.434937,D:\STUPEN\Heartz\data-science\dataset\clean\O\O_0169.wav
O_0170.wav,O,1.0,16000,0.069282,0.428009,D:\STUPEN\Heartz\data-science\dataset\clean\O\O_0170.wav
O_0171.wav,O,1.0,16000,0.069282,0.362061,D:\STUPEN\Heartz\data-science\dataset\clean\O\O_0171.wav
O_0172.wav,O,1.0,16000,0.069282,0.399445,D:\STUPEN\Heartz\data-science\dataset\clean\O\O_0172.wav
O_0173.wav,O,1.0,16000,0.069282,0.421082,D:\STUPEN\Heartz\data-science\dataset\clean\O\O_0173.wav
O_0174.wav,O,1.0,16000,0.071554,0.319122,D:\STUPEN\Heartz\data-science\dataset\clean\O\O_0174.wav
O_0175.wav,O,1.0,16000,0.066933,0.333801,D:\STUPEN\Heartz\data-science\dataset\clean\O\O_0175.wav
O_0176.wav,O,1.0,16000,0.064498,0.360474,D:\STUPEN\Heartz\data-science\dataset\clean\O\O_0176.wav
O_0177.wav,O,1.0,16000,0.069282,0.382629,D:\STUPEN\Heartz\data-science\dataset\clean\O\O_0177.wav
O_0178.wav,O,1.0,16000,0.069282,0.391846,D:\STUPEN\Heartz\data-science\dataset\clean\O\O_0178.wav
O_0179.wav,O,1.0,16000,0.066933,0.405426,D:\STUPEN\Heartz\data-science\dataset\clean\O\O_0179.wav
O_0180.wav,O,1.0,16000,0.067686,0.589142,D:\STUPEN\Heartz\data-science\dataset\clean\O\O_0180.wav
O2_0001.wav,O2,1.0,16000,0.066933,0.411163,D:\STUPEN\Heartz\data-science\dataset\clean\O2\O2_0001.wav
O2_0002.wav,O2,1.0,16000,0.069282,0.447296,D:\STUPEN\Heartz\data-science\dataset\clean\O2\O2_0002.wav
O2_0003.wav,O2,1.0,16000,0.069282,0.419159,D:\STUPEN\Heartz\data-science\dataset\clean\O2\O2_0003.wav
O2_0004.wav,O2,1.0,16000,0.069282,0.456818,D:\STUPEN\Heartz\data-science\dataset\clean\O2\O2_0004.wav
O2_0005.wav,O2,1.0,16000,0.064498,0.414337,D:\STUPEN\Heartz\data-science\dataset\clean\O2\O2_0005.wav
O2_0006.wav,O2,1.0,16000,0.069282,0.508118,D:\STUPEN\Heartz\data-science\dataset\clean\O2\O2_0006.wav
O2_0007.wav,O2,1.0,16000,0.069282,0.405304,D:\STUPEN\Heartz\data-science\dataset\clean\O2\O2_0007.wav
O2_0008.wav,O2,1.0,16000,0.069282,0.407013,D:\STUPEN\Heartz\data-science\dataset\clean\O2\O2_0008.wav
O2_0009.wav,O2,1.0,16000,0.066933,0.456451,D:\STUPEN\Heartz\data-science\dataset\clean\O2\O2_0009.wav
O2_0010.wav,O2,1.0,16000,0.071554,0.453644,D:\STUPEN\Heartz\data-science\dataset\clean\O2\O2_0010.wav
O2_0011.wav,O2,1.0,16000,0.066933,0.50824,D:\STUPEN\Heartz\data-science\dataset\clean\O2\O2_0011.wav
O2_0012.wav,O2,1.0,16000,0.069282,0.454529,D:\STUPEN\Heartz\data-science\dataset\clean\O2\O2_0012.wav
O2_0013.wav,O2,1.0,16000,0.066933,0.416412,D:\STUPEN\Heartz\data-science\dataset\clean\O2\O2_0013.wav
O2_0014.wav,O2,1.0,16000,0.069282,0.495697,D:\STUPEN\Heartz\data-science\dataset\clean\O2\O2_0014.wav
O2_0015.wav,O2,1.0,16000,0.069282,0.410065,D:\STUPEN\Heartz\data-science\dataset\clean\O2\O2_0015.wav
O2_0016.wav,O2,1.0,16000,0.069282,0.462341,D:\STUPEN\Heartz\data-science\dataset\clean\O2\O2_0016.wav
O2_0017.wav,O2,1.0,16000,0.071554,0.566162,D:\STUPEN\Heartz\data-science\dataset\clean\O2\O2_0017.wav
O2_0018.wav,O2,1.0,16000,0.073757,0.501465,D:\STUPEN\Heartz\data-science\dataset\clean\O2\O2_0018.wav
O2_0019.wav,O2,1.0,16000,0.071554,0.426727,D:\STUPEN\Heartz\data-science\dataset\clean\O2\O2_0019.wav
O2_0020.wav,O2,1.0,16000,0.071554,0.552765,D:\STUPEN\Heartz\data-science\dataset\clean\O2\O2_0020.wav
O2_0021.wav,O2,1.0,16000,0.069282,0.503662,D:\STUPEN\Heartz\data-science\dataset\clean\O2\O2_0021.wav
O2_0022.wav,O2,1.0,16000,0.069282,0.489899,D:\STUPEN\Heartz\data-science\dataset\clean\O2\O2_0022.wav
O2_0023.wav,O2,1.0,16000,0.071554,0.534424,D:\STUPEN\Heartz\data-science\dataset\clean\O2\O2_0023.wav
O2_0024.wav,O2,1.0,16000,0.073756,0.51059,D:\STUPEN\Heartz\data-science\dataset\clean\O2\O2_0024.wav
O2_0025.wav,O2,1.0,16000,0.071554,0.43576,D:\STUPEN\Heartz\data-science\dataset\clean\O2\O2_0025.wav
O2_0026.wav,O2,1.0,16000,0.069282,0.458923,D:\STUPEN\Heartz\data-science\dataset\clean\O2\O2_0026.wav
O2_0027.wav,O2,1.0,16000,0.071554,0.488342,D:\STUPEN\Heartz\data-science\dataset\clean\O2\O2_0027.wav
O2_0028.wav,O2,1.0,16000,0.069282,0.451019,D:\STUPEN\Heartz\data-science\dataset\clean\O2\O2_0028.wav
O2_0029.wav,O2,1.0,16000,0.073756,0.498291,D:\STUPEN\Heartz\data-science\dataset\clean\O2\O2_0029.wav
O2_0030.wav,O2,1.0,16000,0.073756,0.439148,D:\STUPEN\Heartz\data-science\dataset\clean\O2\O2_0030.wav
O2_0031.wav,O2,1.0,16000,0.071554,0.53772,D:\STUPEN\Heartz\data-science\dataset\clean\O2\O2_0031.wav
O2_0032.wav,O2,1.0,16000,0.069282,0.46347,D:\STUPEN\Heartz\data-science\dataset\clean\O2\O2_0032.wav
O2_0033.wav,O2,1.0,16000,0.066933,0.428864,D:\STUPEN\Heartz\data-science\dataset\clean\O2\O2_0033.wav
O2_0034.wav,O2,1.0,16000,0.071554,0.570648,D:\STUPEN\Heartz\data-science\dataset\clean\O2\O2_0034.wav
O2_0035.wav,O2,1.0,16000,0.066933,0.510956,D:\STUPEN\Heartz\data-science\dataset\clean\O2\O2_0035.wav
O2_0036.wav,O2,1.0,16000,0.069282,0.443665,D:\STUPEN\Heartz\data-science\dataset\clean\O2\O2_0036.wav
O2_0037.wav,O2,1.0,16000,0.071554,0.510193,D:\STUPEN\Heartz\data-science\dataset\clean\O2\O2_0037.wav
O2_0038.wav,O2,1.0,16000,0.066933,0.485596,D:\STUPEN\Heartz\data-science\dataset\clean\O2\O2_0038.wav
O2_0039.wav,O2,1.0,16000,0.069282,0.455536,D:\STUPEN\Heartz\data-science\dataset\clean\O2\O2_0039.wav
O2_0040.wav,O2,1.0,16000,0.069282,0.414978,D:\STUPEN\Heartz\data-science\dataset\clean\O2\O2_0040.wav
O2_0041.wav,O2,1.0,16000,0.066933,0.359924,D:\STUPEN\Heartz\data-science\dataset\clean\O2\O2_0041.wav
O2_0042.wav,O2,1.0,16000,0.071554,0.501282,D:\STUPEN\Heartz\data-science\dataset\clean\O2\O2_0042.wav
O2_0043.wav,O2,1.0,16000,0.069282,0.4328,D:\STUPEN\Heartz\data-science\dataset\clean\O2\O2_0043.wav
O2_0044.wav,O2,1.0,16000,0.069282,0.443573,D:\STUPEN\Heartz\data-science\dataset\clean\O2\O2_0044.wav
O2_0045.wav,O2,1.0,16000,0.071554,0.512451,D:\STUPEN\Heartz\data-science\dataset\clean\O2\O2_0045.wav
O2_0046.wav,O2,1.0,16000,0.069282,0.49054,D:\STUPEN\Heartz\data-science\dataset\clean\O2\O2_0046.wav
O2_0047.wav,O2,1.0,16000,0.064498,0.467041,D:\STUPEN\Heartz\data-science\dataset\clean\O2\O2_0047.wav
O2_0048.wav,O2,1.0,16000,0.066933,0.462036,D:\STUPEN\Heartz\data-science\dataset\clean\O2\O2_0048.wav
O2_0049.wav,O2,1.0,16000,0.069282,0.476349,D:\STUPEN\Heartz\data-science\dataset\clean\O2\O2_0049.wav
O2_0050.wav,O2,1.0,16000,0.069282,0.467499,D:\STUPEN\Heartz\data-science\dataset\clean\O2\O2_0050.wav
O2_0051.wav,O2,1.0,16000,0.066933,0.411163,D:\STUPEN\Heartz\data-science\dataset\clean\O2\O2_0051.wav
O2_0052.wav,O2,1.0,16000,0.069282,0.447296,D:\STUPEN\Heartz\data-science\dataset\clean\O2\O2_0052.wav
O2_0053.wav,O2,1.0,16000,0.069282,0.419159,D:\STUPEN\Heartz\data-science\dataset\clean\O2\O2_0053.wav
O2_0054.wav,O2,1.0,16000,0.069282,0.456818,D:\STUPEN\Heartz\data-science\dataset\clean\O2\O2_0054.wav
O2_0055.wav,O2,1.0,16000,0.064498,0.414337,D:\STUPEN\Heartz\data-science\dataset\clean\O2\O2_0055.wav
O2_0056.wav,O2,1.0,16000,0.069282,0.508118,D:\STUPEN\Heartz\data-science\dataset\clean\O2\O2_0056.wav
O2_0057.wav,O2,1.0,16000,0.069282,0.405304,D:\STUPEN\Heartz\data-science\dataset\clean\O2\O2_0057.wav
O2_0058.wav,O2,1.0,16000,0.069282,0.407013,D:\STUPEN\Heartz\data-science\dataset\clean\O2\O2_0058.wav
O2_0059.wav,O2,1.0,16000,0.066933,0.456451,D:\STUPEN\Heartz\data-science\dataset\clean\O2\O2_0059.wav
O2_0060.wav,O2,1.0,16000,0.071554,0.453644,D:\STUPEN\Heartz\data-science\dataset\clean\O2\O2_0060.wav
O2_0061.wav,O2,1.0,16000,0.066933,0.50824,D:\STUPEN\Heartz\data-science\dataset\clean\O2\O2_0061.wav
O2_0062.wav,O2,1.0,16000,0.069282,0.454529,D:\STUPEN\Heartz\data-science\dataset\clean\O2\O2_0062.wav
O2_0063.wav,O2,1.0,16000,0.066933,0.416412,D:\STUPEN\Heartz\data-science\dataset\clean\O2\O2_0063.wav
O2_0064.wav,O2,1.0,16000,0.069282,0.495697,D:\STUPEN\Heartz\data-science\dataset\clean\O2\O2_0064.wav
O2_0065.wav,O2,1.0,16000,0.069282,0.410065,D:\STUPEN\Heartz\data-science\dataset\clean\O2\O2_0065.wav
O2_0066.wav,O2,1.0,16000,0.069282,0.462341,D:\STUPEN\Heartz\data-science\dataset\clean\O2\O2_0066.wav
O2_0067.wav,O2,1.0,16000,0.071554,0.566162,D:\STUPEN\Heartz\data-science\dataset\clean\O2\O2_0067.wav
O2_0068.wav,O2,1.0,16000,0.073757,0.501465,D:\STUPEN\Heartz\data-science\dataset\clean\O2\O2_0068.wav
O2_0069.wav,O2,1.0,16000,0.071554,0.426727,D:\STUPEN\Heartz\data-science\dataset\clean\O2\O2_0069.wav
O2_0070.wav,O2,1.0,16000,0.071554,0.552765,D:\STUPEN\Heartz\data-science\dataset\clean\O2\O2_0070.wav
O2_0071.wav,O2,1.0,16000,0.069282,0.503662,D:\STUPEN\Heartz\data-science\dataset\clean\O2\O2_0071.wav
O2_0072.wav,O2,1.0,16000,0.069282,0.489899,D:\STUPEN\Heartz\data-science\dataset\clean\O2\O2_0072.wav
O2_0073.wav,O2,1.0,16000,0.071554,0.534424,D:\STUPEN\Heartz\data-science\dataset\clean\O2\O2_0073.wav
O2_0074.wav,O2,1.0,16000,0.073756,0.51059,D:\STUPEN\Heartz\data-science\dataset\clean\O2\O2_0074.wav
O2_0075.wav,O2,1.0,16000,0.071554,0.43576,D:\STUPEN\Heartz\data-science\dataset\clean\O2\O2_0075.wav
O2_0076.wav,O2,1.0,16000,0.069282,0.458923,D:\STUPEN\Heartz\data-science\dataset\clean\O2\O2_0076.wav
O2_0077.wav,O2,1.0,16000,0.071554,0.488342,D:\STUPEN\Heartz\data-science\dataset\clean\O2\O2_0077.wav
O2_0078.wav,O2,1.0,16000,0.069282,0.451019,D:\STUPEN\Heartz\data-science\dataset\clean\O2\O2_0078.wav
O2_0079.wav,O2,1.0,16000,0.073756,0.498291,D:\STUPEN\Heartz\data-science\dataset\clean\O2\O2_0079.wav
O2_0080.wav,O2,1.0,16000,0.073756,0.439148,D:\STUPEN\Heartz\data-science\dataset\clean\O2\O2_0080.wav
O2_0081.wav,O2,1.0,16000,0.071554,0.53772,D:\STUPEN\Heartz\data-science\dataset\clean\O2\O2_0081.wav
O2_0082.wav,O2,1.0,16000,0.069282,0.46347,D:\STUPEN\Heartz\data-science\dataset\clean\O2\O2_0082.wav
O2_0083.wav,O2,1.0,16000,0.066933,0.428864,D:\STUPEN\Heartz\data-science\dataset\clean\O2\O2_0083.wav
O2_0084.wav,O2,1.0,16000,0.071554,0.570648,D:\STUPEN\Heartz\data-science\dataset\clean\O2\O2_0084.wav
O2_0085.wav,O2,1.0,16000,0.066933,0.510956,D:\STUPEN\Heartz\data-science\dataset\clean\O2\O2_0085.wav
O2_0086.wav,O2,1.0,16000,0.069282,0.443665,D:\STUPEN\Heartz\data-science\dataset\clean\O2\O2_0086.wav
O2_0087.wav,O2,1.0,16000,0.071554,0.510193,D:\STUPEN\Heartz\data-science\dataset\clean\O2\O2_0087.wav
O2_0088.wav,O2,1.0,16000,0.066933,0.485596,D:\STUPEN\Heartz\data-science\dataset\clean\O2\O2_0088.wav
O2_0089.wav,O2,1.0,16000,0.069282,0.455536,D:\STUPEN\Heartz\data-science\dataset\clean\O2\O2_0089.wav
O2_0090.wav,O2,1.0,16000,0.069282,0.414978,D:\STUPEN\Heartz\data-science\dataset\clean\O2\O2_0090.wav
O2_0091.wav,O2,1.0,16000,0.066933,0.359924,D:\STUPEN\Heartz\data-science\dataset\clean\O2\O2_0091.wav
O2_0092.wav,O2,1.0,16000,0.071554,0.501282,D:\STUPEN\Heartz\data-science\dataset\clean\O2\O2_0092.wav
O2_0093.wav,O2,1.0,16000,0.069282,0.4328,D:\STUPEN\Heartz\data-science\dataset\clean\O2\O2_0093.wav
O2_0094.wav,O2,1.0,16000,0.069282,0.443573,D:\STUPEN\Heartz\data-science\dataset\clean\O2\O2_0094.wav
O2_0095.wav,O2,1.0,16000,0.071554,0.512451,D:\STUPEN\Heartz\data-science\dataset\clean\O2\O2_0095.wav
O2_0096.wav,O2,1.0,16000,0.069282,0.49054,D:\STUPEN\Heartz\data-science\dataset\clean\O2\O2_0096.wav
O2_0097.wav,O2,1.0,16000,0.064498,0.467041,D:\STUPEN\Heartz\data-science\dataset\clean\O2\O2_0097.wav
O2_0098.wav,O2,1.0,16000,0.066933,0.462036,D:\STUPEN\Heartz\data-science\dataset\clean\O2\O2_0098.wav
O2_0099.wav,O2,1.0,16000,0.069282,0.476349,D:\STUPEN\Heartz\data-science\dataset\clean\O2\O2_0099.wav
O2_0100.wav,O2,1.0,16000,0.069282,0.467499,D:\STUPEN\Heartz\data-science\dataset\clean\O2\O2_0100.wav
O2_0101.wav,O2,1.0,16000,0.066933,0.411163,D:\STUPEN\Heartz\data-science\dataset\clean\O2\O2_0101.wav
O2_0102.wav,O2,1.0,16000,0.069282,0.447296,D:\STUPEN\Heartz\data-science\dataset\clean\O2\O2_0102.wav
O2_0103.wav,O2,1.0,16000,0.069282,0.419159,D:\STUPEN\Heartz\data-science\dataset\clean\O2\O2_0103.wav
O2_0104.wav,O2,1.0,16000,0.069282,0.456818,D:\STUPEN\Heartz\data-science\dataset\clean\O2\O2_0104.wav
O2_0105.wav,O2,1.0,16000,0.064498,0.414337,D:\STUPEN\Heartz\data-science\dataset\clean\O2\O2_0105.wav
O2_0106.wav,O2,1.0,16000,0.069282,0.508118,D:\STUPEN\Heartz\data-science\dataset\clean\O2\O2_0106.wav
O2_0107.wav,O2,1.0,16000,0.069282,0.405304,D:\STUPEN\Heartz\data-science\dataset\clean\O2\O2_0107.wav
O2_0108.wav,O2,1.0,16000,0.069282,0.407013,D:\STUPEN\Heartz\data-science\dataset\clean\O2\O2_0108.wav
O2_0109.wav,O2,1.0,16000,0.066933,0.456451,D:\STUPEN\Heartz\data-science\dataset\clean\O2\O2_0109.wav
O2_0110.wav,O2,1.0,16000,0.071554,0.453644,D:\STUPEN\Heartz\data-science\dataset\clean\O2\O2_0110.wav
O2_0111.wav,O2,1.0,16000,0.066933,0.50824,D:\STUPEN\Heartz\data-science\dataset\clean\O2\O2_0111.wav
O2_0112.wav,O2,1.0,16000,0.069282,0.454529,D:\STUPEN\Heartz\data-science\dataset\clean\O2\O2_0112.wav
O2_0113.wav,O2,1.0,16000,0.066933,0.416412,D:\STUPEN\Heartz\data-science\dataset\clean\O2\O2_0113.wav
O2_0114.wav,O2,1.0,16000,0.069282,0.495697,D:\STUPEN\Heartz\data-science\dataset\clean\O2\O2_0114.wav
O2_0115.wav,O2,1.0,16000,0.069282,0.410065,D:\STUPEN\Heartz\data-science\dataset\clean\O2\O2_0115.wav
O2_0116.wav,O2,1.0,16000,0.069282,0.462341,D:\STUPEN\Heartz\data-science\dataset\clean\O2\O2_0116.wav
O2_0117.wav,O2,1.0,16000,0.071554,0.566162,D:\STUPEN\Heartz\data-science\dataset\clean\O2\O2_0117.wav
O2_0118.wav,O2,1.0,16000,0.073757,0.501465,D:\STUPEN\Heartz\data-science\dataset\clean\O2\O2_0118.wav
O2_0119.wav,O2,1.0,16000,0.071554,0.426727,D:\STUPEN\Heartz\data-science\dataset\clean\O2\O2_0119.wav
O2_0120.wav,O2,1.0,16000,0.071554,0.552765,D:\STUPEN\Heartz\data-science\dataset\clean\O2\O2_0120.wav
O2_0121.wav,O2,1.0,16000,0.069282,0.503662,D:\STUPEN\Heartz\data-science\dataset\clean\O2\O2_0121.wav
O2_0122.wav,O2,1.0,16000,0.069282,0.489899,D:\STUPEN\Heartz\data-science\dataset\clean\O2\O2_0122.wav
O2_0123.wav,O2,1.0,16000,0.071554,0.534424,D:\STUPEN\Heartz\data-science\dataset\clean\O2\O2_0123.wav
O2_0124.wav,O2,1.0,16000,0.073756,0.51059,D:\STUPEN\Heartz\data-science\dataset\clean\O2\O2_0124.wav
O2_0125.wav,O2,1.0,16000,0.071554,0.43576,D:\STUPEN\Heartz\data-science\dataset\clean\O2\O2_0125.wav
O2_0126.wav,O2,1.0,16000,0.069282,0.458923,D:\STUPEN\Heartz\data-science\dataset\clean\O2\O2_0126.wav
O2_0127.wav,O2,1.0,16000,0.071554,0.488342,D:\STUPEN\Heartz\data-science\dataset\clean\O2\O2_0127.wav
O2_0128.wav,O2,1.0,16000,0.069282,0.451019,D:\STUPEN\Heartz\data-science\dataset\clean\O2\O2_0128.wav
O2_0129.wav,O2,1.0,16000,0.073756,0.498291,D:\STUPEN\Heartz\data-science\dataset\clean\O2\O2_0129.wav
O2_0130.wav,O2,1.0,16000,0.073756,0.439148,D:\STUPEN\Heartz\data-science\dataset\clean\O2\O2_0130.wav
O2_0131.wav,O2,1.0,16000,0.071554,0.53772,D:\STUPEN\Heartz\data-science\dataset\clean\O2\O2_0131.wav
O2_0132.wav,O2,1.0,16000,0.069282,0.46347,D:\STUPEN\Heartz\data-science\dataset\clean\O2\O2_0132.wav
O2_0133.wav,O2,1.0,16000,0.066933,0.428864,D:\STUPEN\Heartz\data-science\dataset\clean\O2\O2_0133.wav
O2_0134.wav,O2,1.0,16000,0.071554,0.570648,D:\STUPEN\Heartz\data-science\dataset\clean\O2\O2_0134.wav
O2_0135.wav,O2,1.0,16000,0.066933,0.510956,D:\STUPEN\Heartz\data-science\dataset\clean\O2\O2_0135.wav
O2_0136.wav,O2,1.0,16000,0.069282,0.443665,D:\STUPEN\Heartz\data-science\dataset\clean\O2\O2_0136.wav
O2_0137.wav,O2,1.0,16000,0.071554,0.510193,D:\STUPEN\Heartz\data-science\dataset\clean\O2\O2_0137.wav
O2_0138.wav,O2,1.0,16000,0.066933,0.485596,D:\STUPEN\Heartz\data-science\dataset\clean\O2\O2_0138.wav
O2_0139.wav,O2,1.0,16000,0.069282,0.455536,D:\STUPEN\Heartz\data-science\dataset\clean\O2\O2_0139.wav
O2_0140.wav,O2,1.0,16000,0.069282,0.414978,D:\STUPEN\Heartz\data-science\dataset\clean\O2\O2_0140.wav
O2_0141.wav,O2,1.0,16000,0.066933,0.359924,D:\STUPEN\Heartz\data-science\dataset\clean\O2\O2_0141.wav
O2_0142.wav,O2,1.0,16000,0.071554,0.501282,D:\STUPEN\Heartz\data-science\dataset\clean\O2\O2_0142.wav
O2_0143.wav,O2,1.0,16000,0.069282,0.4328,D:\STUPEN\Heartz\data-science\dataset\clean\O2\O2_0143.wav
O2_0144.wav,O2,1.0,16000,0.069282,0.443573,D:\STUPEN\Heartz\data-science\dataset\clean\O2\O2_0144.wav
O2_0145.wav,O2,1.0,16000,0.071554,0.512451,D:\STUPEN\Heartz\data-science\dataset\clean\O2\O2_0145.wav
O2_0146.wav,O2,1.0,16000,0.069282,0.49054,D:\STUPEN\Heartz\data-science\dataset\clean\O2\O2_0146.wav
O2_0147.wav,O2,1.0,16000,0.064498,0.467041,D:\STUPEN\Heartz\data-science\dataset\clean\O2\O2_0147.wav
O2_0148.wav,O2,1.0,16000,0.066933,0.462036,D:\STUPEN\Heartz\data-science\dataset\clean\O2\O2_0148.wav
O2_0149.wav,O2,1.0,16000,0.069282,0.476349,D:\STUPEN\Heartz\data-science\dataset\clean\O2\O2_0149.wav
O2_0150.wav,O2,1.0,16000,0.069282,0.467499,D:\STUPEN\Heartz\data-science\dataset\clean\O2\O2_0150.wav
O2_0151.wav,O2,1.0,16000,0.066933,0.411163,D:\STUPEN\Heartz\data-science\dataset\clean\O2\O2_0151.wav
O2_0152.wav,O2,1.0,16000,0.069282,0.447296,D:\STUPEN\Heartz\data-science\dataset\clean\O2\O2_0152.wav
O2_0153.wav,O2,1.0,16000,0.069282,0.419159,D:\STUPEN\Heartz\data-science\dataset\clean\O2\O2_0153.wav
O2_0154.wav,O2,1.0,16000,0.069282,0.456818,D:\STUPEN\Heartz\data-science\dataset\clean\O2\O2_0154.wav
O2_0155.wav,O2,1.0,16000,0.064498,0.414337,D:\STUPEN\Heartz\data-science\dataset\clean\O2\O2_0155.wav
O2_0156.wav,O2,1.0,16000,0.069282,0.508118,D:\STUPEN\Heartz\data-science\dataset\clean\O2\O2_0156.wav
O2_0157.wav,O2,1.0,16000,0.069282,0.405304,D:\STUPEN\Heartz\data-science\dataset\clean\O2\O2_0157.wav
O2_0158.wav,O2,1.0,16000,0.069282,0.407013,D:\STUPEN\Heartz\data-science\dataset\clean\O2\O2_0158.wav
O2_0159.wav,O2,1.0,16000,0.066933,0.456451,D:\STUPEN\Heartz\data-science\dataset\clean\O2\O2_0159.wav
O2_0160.wav,O2,1.0,16000,0.071554,0.453644,D:\STUPEN\Heartz\data-science\dataset\clean\O2\O2_0160.wav
O2_0161.wav,O2,1.0,16000,0.066933,0.50824,D:\STUPEN\Heartz\data-science\dataset\clean\O2\O2_0161.wav
O2_0162.wav,O2,1.0,16000,0.069282,0.454529,D:\STUPEN\Heartz\data-science\dataset\clean\O2\O2_0162.wav
O2_0163.wav,O2,1.0,16000,0.066933,0.416412,D:\STUPEN\Heartz\data-science\dataset\clean\O2\O2_0163.wav
O2_0164.wav,O2,1.0,16000,0.069282,0.495697,D:\STUPEN\Heartz\data-science\dataset\clean\O2\O2_0164.wav
O2_0165.wav,O2,1.0,16000,0.069282,0.410065,D:\STUPEN\Heartz\data-science\dataset\clean\O2\O2_0165.wav
O2_0166.wav,O2,1.0,16000,0.069282,0.462341,D:\STUPEN\Heartz\data-science\dataset\clean\O2\O2_0166.wav
O2_0167.wav,O2,1.0,16000,0.071554,0.566162,D:\STUPEN\Heartz\data-science\dataset\clean\O2\O2_0167.wav
O2_0168.wav,O2,1.0,16000,0.073757,0.501465,D:\STUPEN\Heartz\data-science\dataset\clean\O2\O2_0168.wav
O2_0169.wav,O2,1.0,16000,0.071554,0.426727,D:\STUPEN\Heartz\data-science\dataset\clean\O2\O2_0169.wav
O2_0170.wav,O2,1.0,16000,0.071554,0.552765,D:\STUPEN\Heartz\data-science\dataset\clean\O2\O2_0170.wav
O2_0171.wav,O2,1.0,16000,0.069282,0.503662,D:\STUPEN\Heartz\data-science\dataset\clean\O2\O2_0171.wav
O2_0172.wav,O2,1.0,16000,0.069282,0.489899,D:\STUPEN\Heartz\data-science\dataset\clean\O2\O2_0172.wav
O2_0173.wav,O2,1.0,16000,0.071554,0.534424,D:\STUPEN\Heartz\data-science\dataset\clean\O2\O2_0173.wav
O2_0174.wav,O2,1.0,16000,0.073756,0.51059,D:\STUPEN\Heartz\data-science\dataset\clean\O2\O2_0174.wav
O2_0175.wav,O2,1.0,16000,0.071554,0.43576,D:\STUPEN\Heartz\data-science\dataset\clean\O2\O2_0175.wav
O2_0176.wav,O2,1.0,16000,0.069282,0.458923,D:\STUPEN\Heartz\data-science\dataset\clean\O2\O2_0176.wav
O2_0177.wav,O2,1.0,16000,0.071554,0.488342,D:\STUPEN\Heartz\data-science\dataset\clean\O2\O2_0177.wav
O2_0178.wav,O2,1.0,16000,0.069282,0.451019,D:\STUPEN\Heartz\data-science\dataset\clean\O2\O2_0178.wav
O2_0179.wav,O2,1.0,16000,0.073756,0.498291,D:\STUPEN\Heartz\data-science\dataset\clean\O2\O2_0179.wav
O2_0180.wav,O2,1.0,16000,0.073756,0.439148,D:\STUPEN\Heartz\data-science\dataset\clean\O2\O2_0180.wav
O2_0181.wav,O2,1.0,16000,0.071554,0.53772,D:\STUPEN\Heartz\data-science\dataset\clean\O2\O2_0181.wav
O2_0182.wav,O2,1.0,16000,0.069282,0.46347,D:\STUPEN\Heartz\data-science\dataset\clean\O2\O2_0182.wav
O2_0183.wav,O2,1.0,16000,0.066933,0.428864,D:\STUPEN\Heartz\data-science\dataset\clean\O2\O2_0183.wav
O2_0184.wav,O2,1.0,16000,0.071554,0.570648,D:\STUPEN\Heartz\data-science\dataset\clean\O2\O2_0184.wav
O2_0185.wav,O2,1.0,16000,0.066933,0.510956,D:\STUPEN\Heartz\data-science\dataset\clean\O2\O2_0185.wav
O2_0186.wav,O2,1.0,16000,0.069282,0.443665,D:\STUPEN\Heartz\data-science\dataset\clean\O2\O2_0186.wav
O2_0187.wav,O2,1.0,16000,0.071554,0.510193,D:\STUPEN\Heartz\data-science\dataset\clean\O2\O2_0187.wav
O2_0188.wav,O2,1.0,16000,0.066933,0.485596,D:\STUPEN\Heartz\data-science\dataset\clean\O2\O2_0188.wav
O2_0189.wav,O2,1.0,16000,0.069282,0.455536,D:\STUPEN\Heartz\data-science\dataset\clean\O2\O2_0189.wav
O2_0190.wav,O2,1.0,16000,0.069282,0.414978,D:\STUPEN\Heartz\data-science\dataset\clean\O2\O2_0190.wav
O2_0191.wav,O2,1.0,16000,0.066933,0.359924,D:\STUPEN\Heartz\data-science\dataset\clean\O2\O2_0191.wav
O2_0192.wav,O2,1.0,16000,0.071554,0.501282,D:\STUPEN\Heartz\data-science\dataset\clean\O2\O2_0192.wav
O2_0193.wav,O2,1.0,16000,0.069282,0.4328,D:\STUPEN\Heartz\data-science\dataset\clean\O2\O2_0193.wav
O2_0194.wav,O2,1.0,16000,0.069282,0.443573,D:\STUPEN\Heartz\data-science\dataset\clean\O2\O2_0194.wav
O2_0195.wav,O2,1.0,16000,0.071554,0.512451,D:\STUPEN\Heartz\data-science\dataset\clean\O2\O2_0195.wav
O2_0196.wav,O2,1.0,16000,0.069282,0.49054,D:\STUPEN\Heartz\data-science\dataset\clean\O2\O2_0196.wav
O2_0197.wav,O2,1.0,16000,0.064498,0.467041,D:\STUPEN\Heartz\data-science\dataset\clean\O2\O2_0197.wav
O2_0198.wav,O2,1.0,16000,0.066933,0.462036,D:\STUPEN\Heartz\data-science\dataset\clean\O2\O2_0198.wav
O2_0199.wav,O2,1.0,16000,0.069282,0.476349,D:\STUPEN\Heartz\data-science\dataset\clean\O2\O2_0199.wav
O2_0200.wav,O2,1.0,16000,0.069282,0.467499,D:\STUPEN\Heartz\data-science\dataset\clean\O2\O2_0200.wav
O3_0001.wav,O3,1.0,16000,0.066933,0.383575,D:\STUPEN\Heartz\data-science\dataset\clean\O3\O3_0001.wav
O3_0002.wav,O3,1.0,16000,0.064498,0.44632,D:\STUPEN\Heartz\data-science\dataset\clean\O3\O3_0002.wav
O3_0003.wav,O3,1.0,16000,0.069282,0.368408,D:\STUPEN\Heartz\data-science\dataset\clean\O3\O3_0003.wav
O3_0004.wav,O3,1.0,16000,0.071554,0.444519,D:\STUPEN\Heartz\data-science\dataset\clean\O3\O3_0004.wav
O3_0005.wav,O3,1.0,16000,0.069282,0.366272,D:\STUPEN\Heartz\data-science\dataset\clean\O3\O3_0005.wav
O3_0006.wav,O3,1.0,16000,0.064498,0.377625,D:\STUPEN\Heartz\data-science\dataset\clean\O3\O3_0006.wav
O3_0007.wav,O3,1.0,16000,0.069282,0.38623,D:\STUPEN\Heartz\data-science\dataset\clean\O3\O3_0007.wav
O3_0008.wav,O3,1.0,16000,0.066933,0.398773,D:\STUPEN\Heartz\data-science\dataset\clean\O3\O3_0008.wav
O3_0009.wav,O3,1.0,16000,0.069282,0.476685,D:\STUPEN\Heartz\data-science\dataset\clean\O3\O3_0009.wav
O3_0010.wav,O3,1.0,16000,0.069282,0.433258,D:\STUPEN\Heartz\data-science\dataset\clean\O3\O3_0010.wav
O3_0011.wav,O3,1.0,16000,0.066933,0.387665,D:\STUPEN\Heartz\data-science\dataset\clean\O3\O3_0011.wav
O3_0012.wav,O3,1.0,16000,0.066933,0.371124,D:\STUPEN\Heartz\data-science\dataset\clean\O3\O3_0012.wav
O3_0013.wav,O3,1.0,16000,0.064498,0.360535,D:\STUPEN\Heartz\data-science\dataset\clean\O3\O3_0013.wav
O3_0014.wav,O3,1.0,16000,0.069282,0.40802,D:\STUPEN\Heartz\data-science\dataset\clean\O3\O3_0014.wav
O3_0015.wav,O3,1.0,16000,0.069282,0.389313,D:\STUPEN\Heartz\data-science\dataset\clean\O3\O3_0015.wav
O3_0016.wav,O3,1.0,16000,0.066933,0.405548,D:\STUPEN\Heartz\data-science\dataset\clean\O3\O3_0016.wav
O3_0017.wav,O3,1.0,16000,0.069282,0.427765,D:\STUPEN\Heartz\data-science\dataset\clean\O3\O3_0017.wav
O3_0018.wav,O3,1.0,16000,0.069282,0.520447,D:\STUPEN\Heartz\data-science\dataset\clean\O3\O3_0018.wav
O3_0019.wav,O3,1.0,16000,0.066933,0.417755,D:\STUPEN\Heartz\data-science\dataset\clean\O3\O3_0019.wav
O3_0020.wav,O3,1.0,16000,0.064498,0.380493,D:\STUPEN\Heartz\data-science\dataset\clean\O3\O3_0020.wav
O3_0021.wav,O3,1.0,16000,0.064498,0.360382,D:\STUPEN\Heartz\data-science\dataset\clean\O3\O3_0021.wav
O3_0022.wav,O3,1.0,16000,0.066933,0.391876,D:\STUPEN\Heartz\data-science\dataset\clean\O3\O3_0022.wav
O3_0023.wav,O3,1.0,16000,0.064498,0.387177,D:\STUPEN\Heartz\data-science\dataset\clean\O3\O3_0023.wav
O3_0024.wav,O3,1.0,16000,0.066933,0.373291,D:\STUPEN\Heartz\data-science\dataset\clean\O3\O3_0024.wav
O3_0025.wav,O3,1.0,16000,0.066933,0.429871,D:\STUPEN\Heartz\data-science\dataset\clean\O3\O3_0025.wav
O3_0026.wav,O3,1.0,16000,0.069282,0.513794,D:\STUPEN\Heartz\data-science\dataset\clean\O3\O3_0026.wav
O3_0027.wav,O3,1.0,16000,0.071554,0.469513,D:\STUPEN\Heartz\data-science\dataset\clean\O3\O3_0027.wav
O3_0028.wav,O3,1.0,16000,0.069282,0.359894,D:\STUPEN\Heartz\data-science\dataset\clean\O3\O3_0028.wav
O3_0029.wav,O3,1.0,16000,0.066933,0.459991,D:\STUPEN\Heartz\data-science\dataset\clean\O3\O3_0029.wav
O3_0030.wav,O3,1.0,16000,0.071554,0.423676,D:\STUPEN\Heartz\data-science\dataset\clean\O3\O3_0030.wav
O3_0031.wav,O3,1.0,16000,0.064498,0.359375,D:\STUPEN\Heartz\data-science\dataset\clean\O3\O3_0031.wav
O3_0032.wav,O3,1.0,16000,0.066933,0.354401,D:\STUPEN\Heartz\data-science\dataset\clean\O3\O3_0032.wav
O3_0033.wav,O3,1.0,16000,0.066933,0.40274,D:\STUPEN\Heartz\data-science\dataset\clean\O3\O3_0033.wav
O3_0034.wav,O3,1.0,16000,0.064498,0.39978,D:\STUPEN\Heartz\data-science\dataset\clean\O3\O3_0034.wav
O3_0035.wav,O3,1.0,16000,0.064498,0.344116,D:\STUPEN\Heartz\data-science\dataset\clean\O3\O3_0035.wav
O3_0036.wav,O3,1.0,16000,0.069282,0.427399,D:\STUPEN\Heartz\data-science\dataset\clean\O3\O3_0036.wav
O3_0037.wav,O3,1.0,16000,0.069282,0.405365,D:\STUPEN\Heartz\data-science\dataset\clean\O3\O3_0037.wav
O3_0038.wav,O3,1.0,16000,0.069282,0.406616,D:\STUPEN\Heartz\data-science\dataset\clean\O3\O3_0038.wav
O3_0039.wav,O3,1.0,16000,0.064498,0.314117,D:\STUPEN\Heartz\data-science\dataset\clean\O3\O3_0039.wav
O3_0040.wav,O3,1.0,16000,0.061968,0.328003,D:\STUPEN\Heartz\data-science\dataset\clean\O3\O3_0040.wav
O3_0041.wav,O3,1.0,16000,0.069282,0.374481,D:\STUPEN\Heartz\data-science\dataset\clean\O3\O3_0041.wav
O3_0042.wav,O3,1.0,16000,0.069282,0.409027,D:\STUPEN\Heartz\data-science\dataset\clean\O3\O3_0042.wav
O3_0043.wav,O3,1.0,16000,0.071554,0.429993,D:\STUPEN\Heartz\data-science\dataset\clean\O3\O3_0043.wav
O3_0044.wav,O3,1.0,16000,0.061968,0.359833,D:\STUPEN\Heartz\data-science\dataset\clean\O3\O3_0044.wav
O3_0045.wav,O3,1.0,16000,0.066933,0.392181,D:\STUPEN\Heartz\data-science\dataset\clean\O3\O3_0045.wav
O3_0046.wav,O3,1.0,16000,0.066933,0.380096,D:\STUPEN\Heartz\data-science\dataset\clean\O3\O3_0046.wav
O3_0047.wav,O3,1.0,16000,0.066933,0.474823,D:\STUPEN\Heartz\data-science\dataset\clean\O3\O3_0047.wav
O3_0048.wav,O3,1.0,16000,0.069282,0.419342,D:\STUPEN\Heartz\data-science\dataset\clean\O3\O3_0048.wav
O3_0049.wav,O3,1.0,16000,0.066933,0.383575,D:\STUPEN\Heartz\data-science\dataset\clean\O3\O3_0049.wav
O3_0050.wav,O3,1.0,16000,0.064498,0.44632,D:\STUPEN\Heartz\data-science\dataset\clean\O3\O3_0050.wav
O3_0051.wav,O3,1.0,16000,0.069282,0.368408,D:\STUPEN\Heartz\data-science\dataset\clean\O3\O3_0051.wav
O3_0052.wav,O3,1.0,16000,0.071554,0.444519,D:\STUPEN\Heartz\data-science\dataset\clean\O3\O3_0052.wav
O3_0053.wav,O3,1.0,16000,0.069282,0.366272,D:\STUPEN\Heartz\data-science\dataset\clean\O3\O3_0053.wav
O3_0054.wav,O3,1.0,16000,0.064498,0.377625,D:\STUPEN\Heartz\data-science\dataset\clean\O3\O3_0054.wav
O3_0055.wav,O3,1.0,16000,0.069282,0.38623,D:\STUPEN\Heartz\data-science\dataset\clean\O3\O3_0055.wav
O3_0056.wav,O3,1.0,16000,0.066933,0.398773,D:\STUPEN\Heartz\data-science\dataset\clean\O3\O3_0056.wav
O3_0057.wav,O3,1.0,16000,0.069282,0.476685,D:\STUPEN\Heartz\data-science\dataset\clean\O3\O3_0057.wav
O3_0058.wav,O3,1.0,16000,0.069282,0.433258,D:\STUPEN\Heartz\data-science\dataset\clean\O3\O3_0058.wav
O3_0059.wav,O3,1.0,16000,0.066933,0.387665,D:\STUPEN\Heartz\data-science\dataset\clean\O3\O3_0059.wav
O3_0060.wav,O3,1.0,16000,0.066933,0.371124,D:\STUPEN\Heartz\data-science\dataset\clean\O3\O3_0060.wav
O3_0061.wav,O3,1.0,16000,0.064498,0.360535,D:\STUPEN\Heartz\data-science\dataset\clean\O3\O3_0061.wav
O3_0062.wav,O3,1.0,16000,0.069282,0.40802,D:\STUPEN\Heartz\data-science\dataset\clean\O3\O3_0062.wav
O3_0063.wav,O3,1.0,16000,0.069282,0.389313,D:\STUPEN\Heartz\data-science\dataset\clean\O3\O3_0063.wav
O3_0064.wav,O3,1.0,16000,0.066933,0.405548,D:\STUPEN\Heartz\data-science\dataset\clean\O3\O3_0064.wav
O3_0065.wav,O3,1.0,16000,0.069282,0.427765,D:\STUPEN\Heartz\data-science\dataset\clean\O3\O3_0065.wav
O3_0066.wav,O3,1.0,16000,0.069282,0.520447,D:\STUPEN\Heartz\data-science\dataset\clean\O3\O3_0066.wav
O3_0067.wav,O3,1.0,16000,0.066933,0.417755,D:\STUPEN\Heartz\data-science\dataset\clean\O3\O3_0067.wav
O3_0068.wav,O3,1.0,16000,0.064498,0.380493,D:\STUPEN\Heartz\data-science\dataset\clean\O3\O3_0068.wav
O3_0069.wav,O3,1.0,16000,0.064498,0.360382,D:\STUPEN\Heartz\data-science\dataset\clean\O3\O3_0069.wav
O3_0070.wav,O3,1.0,16000,0.066933,0.391876,D:\STUPEN\Heartz\data-science\dataset\clean\O3\O3_0070.wav
O3_0071.wav,O3,1.0,16000,0.064498,0.387177,D:\STUPEN\Heartz\data-science\dataset\clean\O3\O3_0071.wav
O3_0072.wav,O3,1.0,16000,0.066933,0.373291,D:\STUPEN\Heartz\data-science\dataset\clean\O3\O3_0072.wav
O3_0073.wav,O3,1.0,16000,0.066933,0.429871,D:\STUPEN\Heartz\data-science\dataset\clean\O3\O3_0073.wav
O3_0074.wav,O3,1.0,16000,0.069282,0.513794,D:\STUPEN\Heartz\data-science\dataset\clean\O3\O3_0074.wav
O3_0075.wav,O3,1.0,16000,0.071554,0.469513,D:\STUPEN\Heartz\data-science\dataset\clean\O3\O3_0075.wav
O3_0076.wav,O3,1.0,16000,0.069282,0.359894,D:\STUPEN\Heartz\data-science\dataset\clean\O3\O3_0076.wav
O3_0077.wav,O3,1.0,16000,0.066933,0.459991,D:\STUPEN\Heartz\data-science\dataset\clean\O3\O3_0077.wav
O3_0078.wav,O3,1.0,16000,0.071554,0.423676,D:\STUPEN\Heartz\data-science\dataset\clean\O3\O3_0078.wav
O3_0079.wav,O3,1.0,16000,0.064498,0.359375,D:\STUPEN\Heartz\data-science\dataset\clean\O3\O3_0079.wav
O3_0080.wav,O3,1.0,16000,0.066933,0.354401,D:\STUPEN\Heartz\data-science\dataset\clean\O3\O3_0080.wav
O3_0081.wav,O3,1.0,16000,0.066933,0.40274,D:\STUPEN\Heartz\data-science\dataset\clean\O3\O3_0081.wav
O3_0082.wav,O3,1.0,16000,0.064498,0.39978,D:\STUPEN\Heartz\data-science\dataset\clean\O3\O3_0082.wav
O3_0083.wav,O3,1.0,16000,0.064498,0.344116,D:\STUPEN\Heartz\data-science\dataset\clean\O3\O3_0083.wav
O3_0084.wav,O3,1.0,16000,0.069282,0.427399,D:\STUPEN\Heartz\data-science\dataset\clean\O3\O3_0084.wav
O3_0085.wav,O3,1.0,16000,0.069282,0.405365,D:\STUPEN\Heartz\data-science\dataset\clean\O3\O3_0085.wav
O3_0086.wav,O3,1.0,16000,0.069282,0.406616,D:\STUPEN\Heartz\data-science\dataset\clean\O3\O3_0086.wav
O3_0087.wav,O3,1.0,16000,0.064498,0.314117,D:\STUPEN\Heartz\data-science\dataset\clean\O3\O3_0087.wav
O3_0088.wav,O3,1.0,16000,0.061968,0.328003,D:\STUPEN\Heartz\data-science\dataset\clean\O3\O3_0088.wav
O3_0089.wav,O3,1.0,16000,0.069282,0.374481,D:\STUPEN\Heartz\data-science\dataset\clean\O3\O3_0089.wav
O3_0090.wav,O3,1.0,16000,0.069282,0.409027,D:\STUPEN\Heartz\data-science\dataset\clean\O3\O3_0090.wav
O3_0091.wav,O3,1.0,16000,0.071554,0.429993,D:\STUPEN\Heartz\data-science\dataset\clean\O3\O3_0091.wav
O3_0092.wav,O3,1.0,16000,0.061968,0.359833,D:\STUPEN\Heartz\data-science\dataset\clean\O3\O3_0092.wav
O3_0093.wav,O3,1.0,16000,0.066933,0.392181,D:\STUPEN\Heartz\data-science\dataset\clean\O3\O3_0093.wav
O3_0094.wav,O3,1.0,16000,0.066933,0.380096,D:\STUPEN\Heartz\data-science\dataset\clean\O3\O3_0094.wav
O3_0095.wav,O3,1.0,16000,0.066933,0.474823,D:\STUPEN\Heartz\data-science\dataset\clean\O3\O3_0095.wav
O3_0096.wav,O3,1.0,16000,0.069282,0.419342,D:\STUPEN\Heartz\data-science\dataset\clean\O3\O3_0096.wav
O3_0097.wav,O3,1.0,16000,0.066933,0.383575,D:\STUPEN\Heartz\data-science\dataset\clean\O3\O3_0097.wav
O3_0098.wav,O3,1.0,16000,0.064498,0.44632,D:\STUPEN\Heartz\data-science\dataset\clean\O3\O3_0098.wav
O3_0099.wav,O3,1.0,16000,0.069282,0.368408,D:\STUPEN\Heartz\data-science\dataset\clean\O3\O3_0099.wav
O3_0100.wav,O3,1.0,16000,0.071554,0.444519,D:\STUPEN\Heartz\data-science\dataset\clean\O3\O3_0100.wav
O3_0101.wav,O3,1.0,16000,0.069282,0.366272,D:\STUPEN\Heartz\data-science\dataset\clean\O3\O3_0101.wav
O3_0102.wav,O3,1.0,16000,0.064498,0.377625,D:\STUPEN\Heartz\data-science\dataset\clean\O3\O3_0102.wav
O3_0103.wav,O3,1.0,16000,0.069282,0.38623,D:\STUPEN\Heartz\data-science\dataset\clean\O3\O3_0103.wav
O3_0104.wav,O3,1.0,16000,0.066933,0.398773,D:\STUPEN\Heartz\data-science\dataset\clean\O3\O3_0104.wav
O3_0105.wav,O3,1.0,16000,0.069282,0.476685,D:\STUPEN\Heartz\data-science\dataset\clean\O3\O3_0105.wav
O3_0106.wav,O3,1.0,16000,0.069282,0.433258,D:\STUPEN\Heartz\data-science\dataset\clean\O3\O3_0106.wav
O3_0107.wav,O3,1.0,16000,0.066933,0.387665,D:\STUPEN\Heartz\data-science\dataset\clean\O3\O3_0107.wav
O3_0108.wav,O3,1.0,16000,0.066933,0.371124,D:\STUPEN\Heartz\data-science\dataset\clean\O3\O3_0108.wav
O3_0109.wav,O3,1.0,16000,0.064498,0.360535,D:\STUPEN\Heartz\data-science\dataset\clean\O3\O3_0109.wav
O3_0110.wav,O3,1.0,16000,0.069282,0.40802,D:\STUPEN\Heartz\data-science\dataset\clean\O3\O3_0110.wav
O3_0111.wav,O3,1.0,16000,0.069282,0.389313,D:\STUPEN\Heartz\data-science\dataset\clean\O3\O3_0111.wav
O3_0112.wav,O3,1.0,16000,0.066933,0.405548,D:\STUPEN\Heartz\data-science\dataset\clean\O3\O3_0112.wav
O3_0113.wav,O3,1.0,16000,0.069282,0.427765,D:\STUPEN\Heartz\data-science\dataset\clean\O3\O3_0113.wav
O3_0114.wav,O3,1.0,16000,0.069282,0.520447,D:\STUPEN\Heartz\data-science\dataset\clean\O3\O3_0114.wav
O3_0115.wav,O3,1.0,16000,0.066933,0.417755,D:\STUPEN\Heartz\data-science\dataset\clean\O3\O3_0115.wav
O3_0116.wav,O3,1.0,16000,0.064498,0.380493,D:\STUPEN\Heartz\data-science\dataset\clean\O3\O3_0116.wav
O3_0117.wav,O3,1.0,16000,0.064498,0.360382,D:\STUPEN\Heartz\data-science\dataset\clean\O3\O3_0117.wav
O3_0118.wav,O3,1.0,16000,0.066933,0.391876,D:\STUPEN\Heartz\data-science\dataset\clean\O3\O3_0118.wav
O3_0119.wav,O3,1.0,16000,0.064498,0.387177,D:\STUPEN\Heartz\data-science\dataset\clean\O3\O3_0119.wav
O3_0120.wav,O3,1.0,16000,0.066933,0.373291,D:\STUPEN\Heartz\data-science\dataset\clean\O3\O3_0120.wav
O3_0121.wav,O3,1.0,16000,0.066933,0.429871,D:\STUPEN\Heartz\data-science\dataset\clean\O3\O3_0121.wav
O3_0122.wav,O3,1.0,16000,0.069282,0.513794,D:\STUPEN\Heartz\data-science\dataset\clean\O3\O3_0122.wav
O3_0123.wav,O3,1.0,16000,0.071554,0.469513,D:\STUPEN\Heartz\data-science\dataset\clean\O3\O3_0123.wav
O3_0124.wav,O3,1.0,16000,0.069282,0.359894,D:\STUPEN\Heartz\data-science\dataset\clean\O3\O3_0124.wav
O3_0125.wav,O3,1.0,16000,0.066933,0.459991,D:\STUPEN\Heartz\data-science\dataset\clean\O3\O3_0125.wav
O3_0126.wav,O3,1.0,16000,0.071554,0.423676,D:\STUPEN\Heartz\data-science\dataset\clean\O3\O3_0126.wav
O3_0127.wav,O3,1.0,16000,0.064498,0.359375,D:\STUPEN\Heartz\data-science\dataset\clean\O3\O3_0127.wav
O3_0128.wav,O3,1.0,16000,0.066933,0.354401,D:\STUPEN\Heartz\data-science\dataset\clean\O3\O3_0128.wav
O3_0129.wav,O3,1.0,16000,0.066933,0.40274,D:\STUPEN\Heartz\data-science\dataset\clean\O3\O3_0129.wav
O3_0130.wav,O3,1.0,16000,0.064498,0.39978,D:\STUPEN\Heartz\data-science\dataset\clean\O3\O3_0130.wav
O3_0131.wav,O3,1.0,16000,0.064498,0.344116,D:\STUPEN\Heartz\data-science\dataset\clean\O3\O3_0131.wav
O3_0132.wav,O3,1.0,16000,0.069282,0.427399,D:\STUPEN\Heartz\data-science\dataset\clean\O3\O3_0132.wav
O3_0133.wav,O3,1.0,16000,0.069282,0.405365,D:\STUPEN\Heartz\data-science\dataset\clean\O3\O3_0133.wav
O3_0134.wav,O3,1.0,16000,0.069282,0.406616,D:\STUPEN\Heartz\data-science\dataset\clean\O3\O3_0134.wav
O3_0135.wav,O3,1.0,16000,0.064498,0.314117,D:\STUPEN\Heartz\data-science\dataset\clean\O3\O3_0135.wav
O3_0136.wav,O3,1.0,16000,0.061968,0.328003,D:\STUPEN\Heartz\data-science\dataset\clean\O3\O3_0136.wav
O3_0137.wav,O3,1.0,16000,0.069282,0.374481,D:\STUPEN\Heartz\data-science\dataset\clean\O3\O3_0137.wav
O3_0138.wav,O3,1.0,16000,0.069282,0.409027,D:\STUPEN\Heartz\data-science\dataset\clean\O3\O3_0138.wav
O3_0139.wav,O3,1.0,16000,0.071554,0.429993,D:\STUPEN\Heartz\data-science\dataset\clean\O3\O3_0139.wav
O3_0140.wav,O3,1.0,16000,0.061968,0.359833,D:\STUPEN\Heartz\data-science\dataset\clean\O3\O3_0140.wav
O3_0141.wav,O3,1.0,16000,0.066933,0.392181,D:\STUPEN\Heartz\data-science\dataset\clean\O3\O3_0141.wav
O3_0142.wav,O3,1.0,16000,0.066933,0.380096,D:\STUPEN\Heartz\data-science\dataset\clean\O3\O3_0142.wav
O3_0143.wav,O3,1.0,16000,0.066933,0.474823,D:\STUPEN\Heartz\data-science\dataset\clean\O3\O3_0143.wav
O3_0144.wav,O3,1.0,16000,0.069282,0.419342,D:\STUPEN\Heartz\data-science\dataset\clean\O3\O3_0144.wav
O3_0145.wav,O3,1.0,16000,0.066933,0.383575,D:\STUPEN\Heartz\data-science\dataset\clean\O3\O3_0145.wav
O3_0146.wav,O3,1.0,16000,0.064498,0.44632,D:\STUPEN\Heartz\data-science\dataset\clean\O3\O3_0146.wav
O3_0147.wav,O3,1.0,16000,0.069282,0.368408,D:\STUPEN\Heartz\data-science\dataset\clean\O3\O3_0147.wav
O3_0148.wav,O3,1.0,16000,0.071554,0.444519,D:\STUPEN\Heartz\data-science\dataset\clean\O3\O3_0148.wav
O3_0149.wav,O3,1.0,16000,0.069282,0.366272,D:\STUPEN\Heartz\data-science\dataset\clean\O3\O3_0149.wav
O3_0150.wav,O3,1.0,16000,0.064498,0.377625,D:\STUPEN\Heartz\data-science\dataset\clean\O3\O3_0150.wav
O3_0151.wav,O3,1.0,16000,0.069282,0.38623,D:\STUPEN\Heartz\data-science\dataset\clean\O3\O3_0151.wav
O3_0152.wav,O3,1.0,16000,0.066933,0.398773,D:\STUPEN\Heartz\data-science\dataset\clean\O3\O3_0152.wav
O3_0153.wav,O3,1.0,16000,0.069282,0.476685,D:\STUPEN\Heartz\data-science\dataset\clean\O3\O3_0153.wav
O3_0154.wav,O3,1.0,16000,0.069282,0.433258,D:\STUPEN\Heartz\data-science\dataset\clean\O3\O3_0154.wav
O3_0155.wav,O3,1.0,16000,0.066933,0.387665,D:\STUPEN\Heartz\data-science\dataset\clean\O3\O3_0155.wav
O3_0156.wav,O3,1.0,16000,0.066933,0.371124,D:\STUPEN\Heartz\data-science\dataset\clean\O3\O3_0156.wav
O3_0157.wav,O3,1.0,16000,0.064498,0.360535,D:\STUPEN\Heartz\data-science\dataset\clean\O3\O3_0157.wav
O3_0158.wav,O3,1.0,16000,0.069282,0.40802,D:\STUPEN\Heartz\data-science\dataset\clean\O3\O3_0158.wav
O3_0159.wav,O3,1.0,16000,0.069282,0.389313,D:\STUPEN\Heartz\data-science\dataset\clean\O3\O3_0159.wav
O3_0160.wav,O3,1.0,16000,0.066933,0.405548,D:\STUPEN\Heartz\data-science\dataset\clean\O3\O3_0160.wav
O3_0161.wav,O3,1.0,16000,0.069282,0.427765,D:\STUPEN\Heartz\data-science\dataset\clean\O3\O3_0161.wav
O3_0162.wav,O3,1.0,16000,0.069282,0.520447,D:\STUPEN\Heartz\data-science\dataset\clean\O3\O3_0162.wav
O3_0163.wav,O3,1.0,16000,0.066933,0.417755,D:\STUPEN\Heartz\data-science\dataset\clean\O3\O3_0163.wav
O3_0164.wav,O3,1.0,16000,0.064498,0.380493,D:\STUPEN\Heartz\data-science\dataset\clean\O3\O3_0164.wav
O3_0165.wav,O3,1.0,16000,0.064498,0.360382,D:\STUPEN\Heartz\data-science\dataset\clean\O3\O3_0165.wav
O3_0166.wav,O3,1.0,16000,0.066933,0.391876,D:\STUPEN\Heartz\data-science\dataset\clean\O3\O3_0166.wav
O3_0167.wav,O3,1.0,16000,0.064498,0.387177,D:\STUPEN\Heartz\data-science\dataset\clean\O3\O3_0167.wav
O3_0168.wav,O3,1.0,16000,0.066933,0.373291,D:\STUPEN\Heartz\data-science\dataset\clean\O3\O3_0168.wav
O3_0169.wav,O3,1.0,16000,0.066933,0.429871,D:\STUPEN\Heartz\data-science\dataset\clean\O3\O3_0169.wav
O3_0170.wav,O3,1.0,16000,0.069282,0.513794,D:\STUPEN\Heartz\data-science\dataset\clean\O3\O3_0170.wav
O3_0171.wav,O3,1.0,16000,0.071554,0.469513,D:\STUPEN\Heartz\data-science\dataset\clean\O3\O3_0171.wav
O3_0172.wav,O3,1.0,16000,0.069282,0.359894,D:\STUPEN\Heartz\data-science\dataset\clean\O3\O3_0172.wav
O3_0173.wav,O3,1.0,16000,0.066933,0.459991,D:\STUPEN\Heartz\data-science\dataset\clean\O3\O3_0173.wav
O3_0174.wav,O3,1.0,16000,0.071554,0.423676,D:\STUPEN\Heartz\data-science\dataset\clean\O3\O3_0174.wav
O3_0175.wav,O3,1.0,16000,0.064498,0.359375,D:\STUPEN\Heartz\data-science\dataset\clean\O3\O3_0175.wav
O3_0176.wav,O3,1.0,16000,0.066933,0.354401,D:\STUPEN\Heartz\data-science\dataset\clean\O3\O3_0176.wav
O3_0177.wav,O3,1.0,16000,0.066933,0.40274,D:\STUPEN\Heartz\data-science\dataset\clean\O3\O3_0177.wav
O3_0178.wav,O3,1.0,16000,0.064498,0.39978,D:\STUPEN\Heartz\data-science\dataset\clean\O3\O3_0178.wav
O3_0179.wav,O3,1.0,16000,0.064498,0.344116,D:\STUPEN\Heartz\data-science\dataset\clean\O3\O3_0179.wav
O3_0180.wav,O3,1.0,16000,0.069282,0.427399,D:\STUPEN\Heartz\data-science\dataset\clean\O3\O3_0180.wav
O3_0181.wav,O3,1.0,16000,0.069282,0.405365,D:\STUPEN\Heartz\data-science\dataset\clean\O3\O3_0181.wav
O3_0182.wav,O3,1.0,16000,0.069282,0.406616,D:\STUPEN\Heartz\data-science\dataset\clean\O3\O3_0182.wav
O3_0183.wav,O3,1.0,16000,0.064498,0.314117,D:\STUPEN\Heartz\data-science\dataset\clean\O3\O3_0183.wav
O3_0184.wav,O3,1.0,16000,0.061968,0.328003,D:\STUPEN\Heartz\data-science\dataset\clean\O3\O3_0184.wav
O3_0185.wav,O3,1.0,16000,0.069282,0.374481,D:\STUPEN\Heartz\data-science\dataset\clean\O3\O3_0185.wav
O3_0186.wav,O3,1.0,16000,0.069282,0.409027,D:\STUPEN\Heartz\data-science\dataset\clean\O3\O3_0186.wav
O3_0187.wav,O3,1.0,16000,0.071554,0.429993,D:\STUPEN\Heartz\data-science\dataset\clean\O3\O3_0187.wav
O3_0188.wav,O3,1.0,16000,0.061968,0.359833,D:\STUPEN\Heartz\data-science\dataset\clean\O3\O3_0188.wav
O3_0189.wav,O3,1.0,16000,0.066933,0.392181,D:\STUPEN\Heartz\data-science\dataset\clean\O3\O3_0189.wav
O3_0190.wav,O3,1.0,16000,0.066933,0.380096,D:\STUPEN\Heartz\data-science\dataset\clean\O3\O3_0190.wav
O3_0191.wav,O3,1.0,16000,0.066933,0.474823,D:\STUPEN\Heartz\data-science\dataset\clean\O3\O3_0191.wav
O3_0192.wav,O3,1.0,16000,0.069282,0.419342,D:\STUPEN\Heartz\data-science\dataset\clean\O3\O3_0192.wav
Pa_0001.wav,Pa,1.0,16000,0.064498,0.40387,D:\STUPEN\Heartz\data-science\dataset\clean\Pa\Pa_0001.wav
Pa_0002.wav,Pa,1.0,16000,0.064498,0.401459,D:\STUPEN\Heartz\data-science\dataset\clean\Pa\Pa_0002.wav
Pa_0003.wav,Pa,1.0,16000,0.066933,0.427887,D:\STUPEN\Heartz\data-science\dataset\clean\Pa\Pa_0003.wav
Pa_0004.wav,Pa,1.0,16000,0.066933,0.464813,D:\STUPEN\Heartz\data-science\dataset\clean\Pa\Pa_0004.wav
Pa_0005.wav,Pa,1.0,16000,0.071554,0.418549,D:\STUPEN\Heartz\data-science\dataset\clean\Pa\Pa_0005.wav
Pa_0006.wav,Pa,1.0,16000,0.066933,0.439117,D:\STUPEN\Heartz\data-science\dataset\clean\Pa\Pa_0006.wav
Pa_0007.wav,Pa,1.0,16000,0.073756,0.459564,D:\STUPEN\Heartz\data-science\dataset\clean\Pa\Pa_0007.wav
Pa_0008.wav,Pa,1.0,16000,0.075895,0.459412,D:\STUPEN\Heartz\data-science\dataset\clean\Pa\Pa_0008.wav
Pa_0009.wav,Pa,1.0,16000,0.081976,0.574677,D:\STUPEN\Heartz\data-science\dataset\clean\Pa\Pa_0009.wav
Pa_0010.wav,Pa,1.0,16000,0.083905,0.508118,D:\STUPEN\Heartz\data-science\dataset\clean\Pa\Pa_0010.wav
Pa_0011.wav,Pa,1.0,16000,0.073756,0.360168,D:\STUPEN\Heartz\data-science\dataset\clean\Pa\Pa_0011.wav
Pa_0012.wav,Pa,1.0,16000,0.073756,0.395477,D:\STUPEN\Heartz\data-science\dataset\clean\Pa\Pa_0012.wav
Pa_0013.wav,Pa,1.0,16000,0.075895,0.320679,D:\STUPEN\Heartz\data-science\dataset\clean\Pa\Pa_0013.wav
Pa_0014.wav,Pa,1.0,16000,0.073756,0.475372,D:\STUPEN\Heartz\data-science\dataset\clean\Pa\Pa_0014.wav
Pa_0015.wav,Pa,1.0,16000,0.066933,0.462616,D:\STUPEN\Heartz\data-science\dataset\clean\Pa\Pa_0015.wav
Pa_0016.wav,Pa,1.0,16000,0.066933,0.459381,D:\STUPEN\Heartz\data-science\dataset\clean\Pa\Pa_0016.wav
Pa_0017.wav,Pa,1.0,16000,0.069282,0.428375,D:\STUPEN\Heartz\data-science\dataset\clean\Pa\Pa_0017.wav
Pa_0018.wav,Pa,1.0,16000,0.069282,0.420868,D:\STUPEN\Heartz\data-science\dataset\clean\Pa\Pa_0018.wav
Pa_0019.wav,Pa,1.0,16000,0.071554,0.402618,D:\STUPEN\Heartz\data-science\dataset\clean\Pa\Pa_0019.wav
Pa_0020.wav,Pa,1.0,16000,0.073756,0.416473,D:\STUPEN\Heartz\data-science\dataset\clean\Pa\Pa_0020.wav
Pa_0021.wav,Pa,1.0,16000,0.073756,0.337219,D:\STUPEN\Heartz\data-science\dataset\clean\Pa\Pa_0021.wav
Pa_0022.wav,Pa,1.0,16000,0.077974,0.341583,D:\STUPEN\Heartz\data-science\dataset\clean\Pa\Pa_0022.wav
Pa_0023.wav,Pa,1.0,16000,0.077974,0.358765,D:\STUPEN\Heartz\data-science\dataset\clean\Pa\Pa_0023.wav
Pa_0024.wav,Pa,1.0,16000,0.075895,0.35849,D:\STUPEN\Heartz\data-science\dataset\clean\Pa\Pa_0024.wav
Pa_0025.wav,Pa,1.0,16000,0.077974,0.395355,D:\STUPEN\Heartz\data-science\dataset\clean\Pa\Pa_0025.wav
Pa_0026.wav,Pa,1.0,16000,0.08,0.370544,D:\STUPEN\Heartz\data-science\dataset\clean\Pa\Pa_0026.wav
Pa_0027.wav,Pa,1.0,16000,0.08,0.36908,D:\STUPEN\Heartz\data-science\dataset\clean\Pa\Pa_0027.wav
Pa_0028.wav,Pa,1.0,16000,0.077974,0.389648,D:\STUPEN\Heartz\data-science\dataset\clean\Pa\Pa_0028.wav
Pa_0029.wav,Pa,1.0,16000,0.077974,0.414368,D:\STUPEN\Heartz\data-science\dataset\clean\Pa\Pa_0029.wav
Pa_0030.wav,Pa,1.0,16000,0.08,0.388123,D:\STUPEN\Heartz\data-science\dataset\clean\Pa\Pa_0030.wav
Pa_0031.wav,Pa,1.0,16000,0.073756,0.438934,D:\STUPEN\Heartz\data-science\dataset\clean\Pa\Pa_0031.wav
Pa_0032.wav,Pa,1.0,16000,0.073756,0.461884,D:\STUPEN\Heartz\data-science\dataset\clean\Pa\Pa_0032.wav
Pa_0033.wav,Pa,1.0,16000,0.075895,0.400909,D:\STUPEN\Heartz\data-science\dataset\clean\Pa\Pa_0033.wav
Pa_0034.wav,Pa,1.0,16000,0.077974,0.39801,D:\STUPEN\Heartz\data-science\dataset\clean\Pa\Pa_0034.wav
Pa_0035.wav,Pa,1.0,16000,0.075895,0.408569,D:\STUPEN\Heartz\data-science\dataset\clean\Pa\Pa_0035.wav
Pa_0036.wav,Pa,1.0,16000,0.077974,0.411438,D:\STUPEN\Heartz\data-science\dataset\clean\Pa\Pa_0036.wav
Pa_0037.wav,Pa,1.0,16000,0.077974,0.411957,D:\STUPEN\Heartz\data-science\dataset\clean\Pa\Pa_0037.wav
Pa_0038.wav,Pa,1.0,16000,0.077974,0.424744,D:\STUPEN\Heartz\data-science\dataset\clean\Pa\Pa_0038.wav
Pa_0039.wav,Pa,1.0,16000,0.073756,0.366364,D:\STUPEN\Heartz\data-science\dataset\clean\Pa\Pa_0039.wav
Pa_0040.wav,Pa,1.0,16000,0.075895,0.324677,D:\STUPEN\Heartz\data-science\dataset\clean\Pa\Pa_0040.wav
Pa_0041.wav,Pa,1.0,16000,0.075895,0.37323,D:\STUPEN\Heartz\data-science\dataset\clean\Pa\Pa_0041.wav
Pa_0042.wav,Pa,1.0,16000,0.071554,0.485168,D:\STUPEN\Heartz\data-science\dataset\clean\Pa\Pa_0042.wav
Pa_0043.wav,Pa,1.0,16000,0.069282,0.437683,D:\STUPEN\Heartz\data-science\dataset\clean\Pa\Pa_0043.wav
Pa_0044.wav,Pa,1.0,16000,0.069282,0.443481,D:\STUPEN\Heartz\data-science\dataset\clean\Pa\Pa_0044.wav
Pa_0045.wav,Pa,1.0,16000,0.073756,0.424774,D:\STUPEN\Heartz\data-science\dataset\clean\Pa\Pa_0045.wav
Pa_0046.wav,Pa,1.0,16000,0.071554,0.418152,D:\STUPEN\Heartz\data-science\dataset\clean\Pa\Pa_0046.wav
Pa_0047.wav,Pa,1.0,16000,0.075895,0.378571,D:\STUPEN\Heartz\data-science\dataset\clean\Pa\Pa_0047.wav
Pa_0048.wav,Pa,1.0,16000,0.073756,0.386322,D:\STUPEN\Heartz\data-science\dataset\clean\Pa\Pa_0048.wav
Pa_0049.wav,Pa,1.0,16000,0.077974,0.39389,D:\STUPEN\Heartz\data-science\dataset\clean\Pa\Pa_0049.wav
Pa_0050.wav,Pa,1.0,16000,0.073756,0.407867,D:\STUPEN\Heartz\data-science\dataset\clean\Pa\Pa_0050.wav
Pa_0051.wav,Pa,1.0,16000,0.073756,0.383026,D:\STUPEN\Heartz\data-science\dataset\clean\Pa\Pa_0051.wav
Pa_0052.wav,Pa,1.0,16000,0.071554,0.438721,D:\STUPEN\Heartz\data-science\dataset\clean\Pa\Pa_0052.wav
Pa_0053.wav,Pa,1.0,16000,0.073756,0.378143,D:\STUPEN\Heartz\data-science\dataset\clean\Pa\Pa_0053.wav
Pa_0054.wav,Pa,1.0,16000,0.069282,0.333038,D:\STUPEN\Heartz\data-science\dataset\clean\Pa\Pa_0054.wav
Pa_0055.wav,Pa,1.0,16000,0.073756,0.32663,D:\STUPEN\Heartz\data-science\dataset\clean\Pa\Pa_0055.wav
Pa_0056.wav,Pa,1.0,16000,0.075895,0.329254,D:\STUPEN\Heartz\data-science\dataset\clean\Pa\Pa_0056.wav
Pa_0057.wav,Pa,1.0,16000,0.073756,0.379425,D:\STUPEN\Heartz\data-science\dataset\clean\Pa\Pa_0057.wav
Pa_0058.wav,Pa,1.0,16000,0.073756,0.392212,D:\STUPEN\Heartz\data-science\dataset\clean\Pa\Pa_0058.wav
Pa_0059.wav,Pa,1.0,16000,0.075895,0.37735,D:\STUPEN\Heartz\data-science\dataset\clean\Pa\Pa_0059.wav
Pa_0060.wav,Pa,1.0,16000,0.071554,0.362244,D:\STUPEN\Heartz\data-science\dataset\clean\Pa\Pa_0060.wav
Pa_0061.wav,Pa,1.0,16000,0.073756,0.437347,D:\STUPEN\Heartz\data-science\dataset\clean\Pa\Pa_0061.wav
Pa_0062.wav,Pa,1.0,16000,0.075895,0.433075,D:\STUPEN\Heartz\data-science\dataset\clean\Pa\Pa_0062.wav
Pa_0063.wav,Pa,1.0,16000,0.073756,0.340668,D:\STUPEN\Heartz\data-science\dataset\clean\Pa\Pa_0063.wav
Pa_0064.wav,Pa,1.0,16000,0.075895,0.319122,D:\STUPEN\Heartz\data-science\dataset\clean\Pa\Pa_0064.wav
Pa_0065.wav,Pa,1.0,16000,0.073756,0.425812,D:\STUPEN\Heartz\data-science\dataset\clean\Pa\Pa_0065.wav
Pa_0066.wav,Pa,1.0,16000,0.077974,0.3638,D:\STUPEN\Heartz\data-science\dataset\clean\Pa\Pa_0066.wav
Pa_0067.wav,Pa,1.0,16000,0.077974,0.35141,D:\STUPEN\Heartz\data-science\dataset\clean\Pa\Pa_0067.wav
Pa_0068.wav,Pa,1.0,16000,0.077974,0.328369,D:\STUPEN\Heartz\data-science\dataset\clean\Pa\Pa_0068.wav
Pa_0069.wav,Pa,1.0,16000,0.08,0.288513,D:\STUPEN\Heartz\data-science\dataset\clean\Pa\Pa_0069.wav
Pa_0070.wav,Pa,1.0,16000,0.075895,0.365875,D:\STUPEN\Heartz\data-science\dataset\clean\Pa\Pa_0070.wav
Pa_0071.wav,Pa,1.0,16000,0.073756,0.412354,D:\STUPEN\Heartz\data-science\dataset\clean\Pa\Pa_0071.wav
Pa_0072.wav,Pa,1.0,16000,0.075895,0.380188,D:\STUPEN\Heartz\data-science\dataset\clean\Pa\Pa_0072.wav
Pa_0073.wav,Pa,1.0,16000,0.075895,0.426147,D:\STUPEN\Heartz\data-science\dataset\clean\Pa\Pa_0073.wav
Pa_0074.wav,Pa,1.0,16000,0.077974,0.391418,D:\STUPEN\Heartz\data-science\dataset\clean\Pa\Pa_0074.wav
Pa_0075.wav,Pa,1.0,16000,0.075895,0.41272,D:\STUPEN\Heartz\data-science\dataset\clean\Pa\Pa_0075.wav
Pa_0076.wav,Pa,1.0,16000,0.075895,0.470306,D:\STUPEN\Heartz\data-science\dataset\clean\Pa\Pa_0076.wav
Pa_0077.wav,Pa,1.0,16000,0.075895,0.394928,D:\STUPEN\Heartz\data-science\dataset\clean\Pa\Pa_0077.wav
Pa_0078.wav,Pa,1.0,16000,0.073756,0.37796,D:\STUPEN\Heartz\data-science\dataset\clean\Pa\Pa_0078.wav
Pa_0079.wav,Pa,1.0,16000,0.075895,0.369781,D:\STUPEN\Heartz\data-science\dataset\clean\Pa\Pa_0079.wav
Pa_0080.wav,Pa,1.0,16000,0.077974,0.422943,D:\STUPEN\Heartz\data-science\dataset\clean\Pa\Pa_0080.wav
Pa_0081.wav,Pa,1.0,16000,0.077974,0.406311,D:\STUPEN\Heartz\data-science\dataset\clean\Pa\Pa_0081.wav
Pa_0082.wav,Pa,1.0,16000,0.077974,0.352631,D:\STUPEN\Heartz\data-science\dataset\clean\Pa\Pa_0082.wav
Pa_0083.wav,Pa,1.0,16000,0.075895,0.371155,D:\STUPEN\Heartz\data-science\dataset\clean\Pa\Pa_0083.wav
Pa_0084.wav,Pa,1.0,16000,0.075895,0.418488,D:\STUPEN\Heartz\data-science\dataset\clean\Pa\Pa_0084.wav
Pa_0085.wav,Pa,1.0,16000,0.075895,0.375092,D:\STUPEN\Heartz\data-science\dataset\clean\Pa\Pa_0085.wav
Pa_0086.wav,Pa,1.0,16000,0.075895,0.386078,D:\STUPEN\Heartz\data-science\dataset\clean\Pa\Pa_0086.wav
Pa_0087.wav,Pa,1.0,16000,0.073756,0.380585,D:\STUPEN\Heartz\data-science\dataset\clean\Pa\Pa_0087.wav
Pa_0088.wav,Pa,1.0,16000,0.071554,0.437592,D:\STUPEN\Heartz\data-science\dataset\clean\Pa\Pa_0088.wav
Pa_0089.wav,Pa,1.0,16000,0.069282,0.36084,D:\STUPEN\Heartz\data-science\dataset\clean\Pa\Pa_0089.wav
Pa_0090.wav,Pa,1.0,16000,0.071554,0.354218,D:\STUPEN\Heartz\data-science\dataset\clean\Pa\Pa_0090.wav
Pa_0091.wav,Pa,1.0,16000,0.075895,0.381073,D:\STUPEN\Heartz\data-science\dataset\clean\Pa\Pa_0091.wav
Pa_0092.wav,Pa,1.0,16000,0.073756,0.369141,D:\STUPEN\Heartz\data-science\dataset\clean\Pa\Pa_0092.wav
Pa_0093.wav,Pa,1.0,16000,0.073756,0.385345,D:\STUPEN\Heartz\data-science\dataset\clean\Pa\Pa_0093.wav
Pa_0094.wav,Pa,1.0,16000,0.073756,0.393677,D:\STUPEN\Heartz\data-science\dataset\clean\Pa\Pa_0094.wav
Pa_0095.wav,Pa,1.0,16000,0.073756,0.361237,D:\STUPEN\Heartz\data-science\dataset\clean\Pa\Pa_0095.wav
Pa_0096.wav,Pa,1.0,16000,0.077974,0.383514,D:\STUPEN\Heartz\data-science\dataset\clean\Pa\Pa_0096.wav
Pa_0097.wav,Pa,1.0,16000,0.077974,0.401764,D:\STUPEN\Heartz\data-science\dataset\clean\Pa\Pa_0097.wav
Pa_0098.wav,Pa,1.0,16000,0.075895,0.372681,D:\STUPEN\Heartz\data-science\dataset\clean\Pa\Pa_0098.wav
Pa_0099.wav,Pa,1.0,16000,0.077974,0.393036,D:\STUPEN\Heartz\data-science\dataset\clean\Pa\Pa_0099.wav
Pa_0100.wav,Pa,1.0,16000,0.075895,0.399384,D:\STUPEN\Heartz\data-science\dataset\clean\Pa\Pa_0100.wav
Pa_0101.wav,Pa,1.0,16000,0.077974,0.359344,D:\STUPEN\Heartz\data-science\dataset\clean\Pa\Pa_0101.wav
Pa_0102.wav,Pa,1.0,16000,0.08,0.332916,D:\STUPEN\Heartz\data-science\dataset\clean\Pa\Pa_0102.wav
Pa_0103.wav,Pa,1.0,16000,0.081975,0.319672,D:\STUPEN\Heartz\data-science\dataset\clean\Pa\Pa_0103.wav
Pa_0104.wav,Pa,1.0,16000,0.077974,0.419128,D:\STUPEN\Heartz\data-science\dataset\clean\Pa\Pa_0104.wav
Pa_0105.wav,Pa,1.0,16000,0.077974,0.409485,D:\STUPEN\Heartz\data-science\dataset\clean\Pa\Pa_0105.wav
Pa_0106.wav,Pa,1.0,16000,0.077974,0.36731,D:\STUPEN\Heartz\data-science\dataset\clean\Pa\Pa_0106.wav
Pa_0107.wav,Pa,1.0,16000,0.077974,0.406952,D:\STUPEN\Heartz\data-science\dataset\clean\Pa\Pa_0107.wav
Pa_0108.wav,Pa,1.0,16000,0.071554,0.381287,D:\STUPEN\Heartz\data-science\dataset\clean\Pa\Pa_0108.wav
Pa_0109.wav,Pa,1.0,16000,0.073756,0.37146,D:\STUPEN\Heartz\data-science\dataset\clean\Pa\Pa_0109.wav
Pa_0110.wav,Pa,1.0,16000,0.077974,0.378357,D:\STUPEN\Heartz\data-science\dataset\clean\Pa\Pa_0110.wav
Pa_0111.wav,Pa,1.0,16000,0.077974,0.368317,D:\STUPEN\Heartz\data-science\dataset\clean\Pa\Pa_0111.wav
Pa_0112.wav,Pa,1.0,16000,0.077974,0.411896,D:\STUPEN\Heartz\data-science\dataset\clean\Pa\Pa_0112.wav
Pa_0113.wav,Pa,1.0,16000,0.077974,0.392761,D:\STUPEN\Heartz\data-science\dataset\clean\Pa\Pa_0113.wav
Pa_0114.wav,Pa,1.0,16000,0.075895,0.373627,D:\STUPEN\Heartz\data-science\dataset\clean\Pa\Pa_0114.wav
Pa_0115.wav,Pa,1.0,16000,0.077974,0.367279,D:\STUPEN\Heartz\data-science\dataset\clean\Pa\Pa_0115.wav
Pa_0116.wav,Pa,1.0,16000,0.077974,0.358124,D:\STUPEN\Heartz\data-science\dataset\clean\Pa\Pa_0116.wav
Pa_0117.wav,Pa,1.0,16000,0.077974,0.352661,D:\STUPEN\Heartz\data-science\dataset\clean\Pa\Pa_0117.wav
Pa_0118.wav,Pa,1.0,16000,0.077974,0.462677,D:\STUPEN\Heartz\data-science\dataset\clean\Pa\Pa_0118.wav
Pa_0119.wav,Pa,1.0,16000,0.077974,0.413757,D:\STUPEN\Heartz\data-science\dataset\clean\Pa\Pa_0119.wav
Pa_0120.wav,Pa,1.0,16000,0.075895,0.398743,D:\STUPEN\Heartz\data-science\dataset\clean\Pa\Pa_0120.wav
Pa_0121.wav,Pa,1.0,16000,0.073756,0.379517,D:\STUPEN\Heartz\data-science\dataset\clean\Pa\Pa_0121.wav
Pa_0122.wav,Pa,1.0,16000,0.073756,0.400299,D:\STUPEN\Heartz\data-science\dataset\clean\Pa\Pa_0122.wav
Pa_0123.wav,Pa,1.0,16000,0.071554,0.420013,D:\STUPEN\Heartz\data-science\dataset\clean\Pa\Pa_0123.wav
Pa_0124.wav,Pa,1.0,16000,0.075895,0.429749,D:\STUPEN\Heartz\data-science\dataset\clean\Pa\Pa_0124.wav
Pa_0125.wav,Pa,1.0,16000,0.073756,0.418182,D:\STUPEN\Heartz\data-science\dataset\clean\Pa\Pa_0125.wav
Pa_0126.wav,Pa,1.0,16000,0.071554,0.388519,D:\STUPEN\Heartz\data-science\dataset\clean\Pa\Pa_0126.wav
Pa_0127.wav,Pa,1.0,16000,0.075895,0.411713,D:\STUPEN\Heartz\data-science\dataset\clean\Pa\Pa_0127.wav
Pa_0128.wav,Pa,1.0,16000,0.075895,0.439087,D:\STUPEN\Heartz\data-science\dataset\clean\Pa\Pa_0128.wav
Pa_0129.wav,Pa,1.0,16000,0.071554,0.405151,D:\STUPEN\Heartz\data-science\dataset\clean\Pa\Pa_0129.wav
Pa_0130.wav,Pa,1.0,16000,0.075895,0.377441,D:\STUPEN\Heartz\data-science\dataset\clean\Pa\Pa_0130.wav
Pa_0131.wav,Pa,1.0,16000,0.075895,0.390808,D:\STUPEN\Heartz\data-science\dataset\clean\Pa\Pa_0131.wav
Pa_0132.wav,Pa,1.0,16000,0.077974,0.399139,D:\STUPEN\Heartz\data-science\dataset\clean\Pa\Pa_0132.wav
Pa_0133.wav,Pa,1.0,16000,0.077974,0.390198,D:\STUPEN\Heartz\data-science\dataset\clean\Pa\Pa_0133.wav
Pa_0134.wav,Pa,1.0,16000,0.077974,0.394562,D:\STUPEN\Heartz\data-science\dataset\clean\Pa\Pa_0134.wav
Pa_0135.wav,Pa,1.0,16000,0.077974,0.408478,D:\STUPEN\Heartz\data-science\dataset\clean\Pa\Pa_0135.wav
Pa_0136.wav,Pa,1.0,16000,0.075895,0.411163,D:\STUPEN\Heartz\data-science\dataset\clean\Pa\Pa_0136.wav
Pa_0137.wav,Pa,1.0,16000,0.075895,0.433502,D:\STUPEN\Heartz\data-science\dataset\clean\Pa\Pa_0137.wav
Pa_0138.wav,Pa,1.0,16000,0.075895,0.403442,D:\STUPEN\Heartz\data-science\dataset\clean\Pa\Pa_0138.wav
Pa_0139.wav,Pa,1.0,16000,0.08,0.394958,D:\STUPEN\Heartz\data-science\dataset\clean\Pa\Pa_0139.wav
Pa_0140.wav,Pa,1.0,16000,0.075895,0.40567,D:\STUPEN\Heartz\data-science\dataset\clean\Pa\Pa_0140.wav
Pa_0141.wav,Pa,1.0,16000,0.075895,0.397614,D:\STUPEN\Heartz\data-science\dataset\clean\Pa\Pa_0141.wav
Pa_0142.wav,Pa,1.0,16000,0.077974,0.430878,D:\STUPEN\Heartz\data-science\dataset\clean\Pa\Pa_0142.wav
Pa_0143.wav,Pa,1.0,16000,0.077974,0.408936,D:\STUPEN\Heartz\data-science\dataset\clean\Pa\Pa_0143.wav
Pa_0144.wav,Pa,1.0,16000,0.077974,0.409729,D:\STUPEN\Heartz\data-science\dataset\clean\Pa\Pa_0144.wav
Pa_0145.wav,Pa,1.0,16000,0.075895,0.401733,D:\STUPEN\Heartz\data-science\dataset\clean\Pa\Pa_0145.wav
Pa_0146.wav,Pa,1.0,16000,0.069282,0.391907,D:\STUPEN\Heartz\data-science\dataset\clean\Pa\Pa_0146.wav
Pa_0147.wav,Pa,1.0,16000,0.073756,0.389069,D:\STUPEN\Heartz\data-science\dataset\clean\Pa\Pa_0147.wav
Pa_0148.wav,Pa,1.0,16000,0.075895,0.39035,D:\STUPEN\Heartz\data-science\dataset\clean\Pa\Pa_0148.wav
Pa_0149.wav,Pa,1.0,16000,0.075895,0.403412,D:\STUPEN\Heartz\data-science\dataset\clean\Pa\Pa_0149.wav
Pa_0150.wav,Pa,1.0,16000,0.073756,0.376617,D:\STUPEN\Heartz\data-science\dataset\clean\Pa\Pa_0150.wav
Pa_0151.wav,Pa,1.0,16000,0.073756,0.356842,D:\STUPEN\Heartz\data-science\dataset\clean\Pa\Pa_0151.wav
Pa_0152.wav,Pa,1.0,16000,0.075895,0.348846,D:\STUPEN\Heartz\data-science\dataset\clean\Pa\Pa_0152.wav
Pa_0153.wav,Pa,1.0,16000,0.075895,0.399689,D:\STUPEN\Heartz\data-science\dataset\clean\Pa\Pa_0153.wav
Pa_0154.wav,Pa,1.0,16000,0.073756,0.407654,D:\STUPEN\Heartz\data-science\dataset\clean\Pa\Pa_0154.wav
Pa_0155.wav,Pa,1.0,16000,0.073756,0.407318,D:\STUPEN\Heartz\data-science\dataset\clean\Pa\Pa_0155.wav
Pa_0156.wav,Pa,1.0,16000,0.075895,0.396484,D:\STUPEN\Heartz\data-science\dataset\clean\Pa\Pa_0156.wav
Pa_0157.wav,Pa,1.0,16000,0.073756,0.403778,D:\STUPEN\Heartz\data-science\dataset\clean\Pa\Pa_0157.wav
Pa_0158.wav,Pa,1.0,16000,0.073756,0.410767,D:\STUPEN\Heartz\data-science\dataset\clean\Pa\Pa_0158.wav
Pa_0159.wav,Pa,1.0,16000,0.075895,0.394592,D:\STUPEN\Heartz\data-science\dataset\clean\Pa\Pa_0159.wav
Pa_0160.wav,Pa,1.0,16000,0.073756,0.420929,D:\STUPEN\Heartz\data-science\dataset\clean\Pa\Pa_0160.wav
Pa_0161.wav,Pa,1.0,16000,0.075895,0.427307,D:\STUPEN\Heartz\data-science\dataset\clean\Pa\Pa_0161.wav
Pa_0162.wav,Pa,1.0,16000,0.071554,0.421143,D:\STUPEN\Heartz\data-science\dataset\clean\Pa\Pa_0162.wav
Pa_0163.wav,Pa,1.0,16000,0.075895,0.411377,D:\STUPEN\Heartz\data-science\dataset\clean\Pa\Pa_0163.wav
Pa_0164.wav,Pa,1.0,16000,0.066933,0.427246,D:\STUPEN\Heartz\data-science\dataset\clean\Pa\Pa_0164.wav
Pa_0165.wav,Pa,1.0,16000,0.064498,0.40387,D:\STUPEN\Heartz\data-science\dataset\clean\Pa\Pa_0165.wav
Pa_0166.wav,Pa,1.0,16000,0.064498,0.401459,D:\STUPEN\Heartz\data-science\dataset\clean\Pa\Pa_0166.wav
Pa_0167.wav,Pa,1.0,16000,0.066933,0.427887,D:\STUPEN\Heartz\data-science\dataset\clean\Pa\Pa_0167.wav
Pa_0168.wav,Pa,1.0,16000,0.066933,0.464813,D:\STUPEN\Heartz\data-science\dataset\clean\Pa\Pa_0168.wav
Pa_0169.wav,Pa,1.0,16000,0.071554,0.418549,D:\STUPEN\Heartz\data-science\dataset\clean\Pa\Pa_0169.wav
Pa_0170.wav,Pa,1.0,16000,0.066933,0.439117,D:\STUPEN\Heartz\data-science\dataset\clean\Pa\Pa_0170.wav
Pa_0171.wav,Pa,1.0,16000,0.073756,0.459564,D:\STUPEN\Heartz\data-science\dataset\clean\Pa\Pa_0171.wav
Pa_0172.wav,Pa,1.0,16000,0.075895,0.459412,D:\STUPEN\Heartz\data-science\dataset\clean\Pa\Pa_0172.wav
Pa_0173.wav,Pa,1.0,16000,0.081976,0.574677,D:\STUPEN\Heartz\data-science\dataset\clean\Pa\Pa_0173.wav
Pa_0174.wav,Pa,1.0,16000,0.083905,0.508118,D:\STUPEN\Heartz\data-science\dataset\clean\Pa\Pa_0174.wav
Pa_0175.wav,Pa,1.0,16000,0.073756,0.360168,D:\STUPEN\Heartz\data-science\dataset\clean\Pa\Pa_0175.wav
Pa_0176.wav,Pa,1.0,16000,0.073756,0.395477,D:\STUPEN\Heartz\data-science\dataset\clean\Pa\Pa_0176.wav
Pa_0177.wav,Pa,1.0,16000,0.075895,0.320679,D:\STUPEN\Heartz\data-science\dataset\clean\Pa\Pa_0177.wav
Pa_0178.wav,Pa,1.0,16000,0.073756,0.475372,D:\STUPEN\Heartz\data-science\dataset\clean\Pa\Pa_0178.wav
Pa_0179.wav,Pa,1.0,16000,0.066933,0.462616,D:\STUPEN\Heartz\data-science\dataset\clean\Pa\Pa_0179.wav
Pa_0180.wav,Pa,1.0,16000,0.066933,0.459381,D:\STUPEN\Heartz\data-science\dataset\clean\Pa\Pa_0180.wav
Pa_0181.wav,Pa,1.0,16000,0.069282,0.428375,D:\STUPEN\Heartz\data-science\dataset\clean\Pa\Pa_0181.wav
Pa_0182.wav,Pa,1.0,16000,0.069282,0.420868,D:\STUPEN\Heartz\data-science\dataset\clean\Pa\Pa_0182.wav
Pa_0183.wav,Pa,1.0,16000,0.071554,0.402618,D:\STUPEN\Heartz\data-science\dataset\clean\Pa\Pa_0183.wav
Pa_0184.wav,Pa,1.0,16000,0.073756,0.416473,D:\STUPEN\Heartz\data-science\dataset\clean\Pa\Pa_0184.wav
Pa_0185.wav,Pa,1.0,16000,0.073756,0.337219,D:\STUPEN\Heartz\data-science\dataset\clean\Pa\Pa_0185.wav
Pa_0186.wav,Pa,1.0,16000,0.077974,0.341583,D:\STUPEN\Heartz\data-science\dataset\clean\Pa\Pa_0186.wav
Pa_0187.wav,Pa,1.0,16000,0.077974,0.358765,D:\STUPEN\Heartz\data-science\dataset\clean\Pa\Pa_0187.wav
Pa_0188.wav,Pa,1.0,16000,0.075895,0.35849,D:\STUPEN\Heartz\data-science\dataset\clean\Pa\Pa_0188.wav
Pa_0189.wav,Pa,1.0,16000,0.077974,0.395355,D:\STUPEN\Heartz\data-science\dataset\clean\Pa\Pa_0189.wav
Pa_0190.wav,Pa,1.0,16000,0.08,0.370544,D:\STUPEN\Heartz\data-science\dataset\clean\Pa\Pa_0190.wav
Pa_0191.wav,Pa,1.0,16000,0.08,0.36908,D:\STUPEN\Heartz\data-science\dataset\clean\Pa\Pa_0191.wav
Pa_0192.wav,Pa,1.0,16000,0.077974,0.389648,D:\STUPEN\Heartz\data-science\dataset\clean\Pa\Pa_0192.wav
Pa_0193.wav,Pa,1.0,16000,0.077974,0.414368,D:\STUPEN\Heartz\data-science\dataset\clean\Pa\Pa_0193.wav
Pa_0194.wav,Pa,1.0,16000,0.08,0.388123,D:\STUPEN\Heartz\data-science\dataset\clean\Pa\Pa_0194.wav
Pa_0195.wav,Pa,1.0,16000,0.073756,0.438934,D:\STUPEN\Heartz\data-science\dataset\clean\Pa\Pa_0195.wav
Pa_0196.wav,Pa,1.0,16000,0.073756,0.461884,D:\STUPEN\Heartz\data-science\dataset\clean\Pa\Pa_0196.wav
Pa_0197.wav,Pa,1.0,16000,0.075895,0.400909,D:\STUPEN\Heartz\data-science\dataset\clean\Pa\Pa_0197.wav
Pa_0198.wav,Pa,1.0,16000,0.077974,0.39801,D:\STUPEN\Heartz\data-science\dataset\clean\Pa\Pa_0198.wav
Pa_0199.wav,Pa,1.0,16000,0.075895,0.408569,D:\STUPEN\Heartz\data-science\dataset\clean\Pa\Pa_0199.wav
Pa_0200.wav,Pa,1.0,16000,0.077974,0.411438,D:\STUPEN\Heartz\data-science\dataset\clean\Pa\Pa_0200.wav
Pa_0201.wav,Pa,1.0,16000,0.077974,0.411957,D:\STUPEN\Heartz\data-science\dataset\clean\Pa\Pa_0201.wav
Pa_0202.wav,Pa,1.0,16000,0.077974,0.424744,D:\STUPEN\Heartz\data-science\dataset\clean\Pa\Pa_0202.wav
Pa_0203.wav,Pa,1.0,16000,0.073756,0.366364,D:\STUPEN\Heartz\data-science\dataset\clean\Pa\Pa_0203.wav
Pa_0204.wav,Pa,1.0,16000,0.075895,0.324677,D:\STUPEN\Heartz\data-science\dataset\clean\Pa\Pa_0204.wav
Pa_0205.wav,Pa,1.0,16000,0.075895,0.37323,D:\STUPEN\Heartz\data-science\dataset\clean\Pa\Pa_0205.wav
Pa_0206.wav,Pa,1.0,16000,0.071554,0.485168,D:\STUPEN\Heartz\data-science\dataset\clean\Pa\Pa_0206.wav
Pa_0207.wav,Pa,1.0,16000,0.069282,0.437683,D:\STUPEN\Heartz\data-science\dataset\clean\Pa\Pa_0207.wav
Pa_0208.wav,Pa,1.0,16000,0.069282,0.443481,D:\STUPEN\Heartz\data-science\dataset\clean\Pa\Pa_0208.wav
Pa_0209.wav,Pa,1.0,16000,0.073756,0.424774,D:\STUPEN\Heartz\data-science\dataset\clean\Pa\Pa_0209.wav
Pa_0210.wav,Pa,1.0,16000,0.071554,0.418152,D:\STUPEN\Heartz\data-science\dataset\clean\Pa\Pa_0210.wav
Pa_0211.wav,Pa,1.0,16000,0.075895,0.378571,D:\STUPEN\Heartz\data-science\dataset\clean\Pa\Pa_0211.wav
Pa_0212.wav,Pa,1.0,16000,0.073756,0.386322,D:\STUPEN\Heartz\data-science\dataset\clean\Pa\Pa_0212.wav
Pa_0213.wav,Pa,1.0,16000,0.077974,0.39389,D:\STUPEN\Heartz\data-science\dataset\clean\Pa\Pa_0213.wav
Pa_0214.wav,Pa,1.0,16000,0.073756,0.407867,D:\STUPEN\Heartz\data-science\dataset\clean\Pa\Pa_0214.wav
Pa_0215.wav,Pa,1.0,16000,0.073756,0.383026,D:\STUPEN\Heartz\data-science\dataset\clean\Pa\Pa_0215.wav
Pa_0216.wav,Pa,1.0,16000,0.071554,0.438721,D:\STUPEN\Heartz\data-science\dataset\clean\Pa\Pa_0216.wav
Pa_0217.wav,Pa,1.0,16000,0.073756,0.378143,D:\STUPEN\Heartz\data-science\dataset\clean\Pa\Pa_0217.wav
Pa_0218.wav,Pa,1.0,16000,0.069282,0.333038,D:\STUPEN\Heartz\data-science\dataset\clean\Pa\Pa_0218.wav
Pa_0219.wav,Pa,1.0,16000,0.073756,0.32663,D:\STUPEN\Heartz\data-science\dataset\clean\Pa\Pa_0219.wav
Pa_0220.wav,Pa,1.0,16000,0.075895,0.329254,D:\STUPEN\Heartz\data-science\dataset\clean\Pa\Pa_0220.wav
Pa_0221.wav,Pa,1.0,16000,0.073756,0.379425,D:\STUPEN\Heartz\data-science\dataset\clean\Pa\Pa_0221.wav
Pa_0222.wav,Pa,1.0,16000,0.073756,0.392212,D:\STUPEN\Heartz\data-science\dataset\clean\Pa\Pa_0222.wav
Pa_0223.wav,Pa,1.0,16000,0.075895,0.37735,D:\STUPEN\Heartz\data-science\dataset\clean\Pa\Pa_0223.wav
Pa_0224.wav,Pa,1.0,16000,0.071554,0.362244,D:\STUPEN\Heartz\data-science\dataset\clean\Pa\Pa_0224.wav
Pa_0225.wav,Pa,1.0,16000,0.073756,0.437347,D:\STUPEN\Heartz\data-science\dataset\clean\Pa\Pa_0225.wav
Pa_0226.wav,Pa,1.0,16000,0.075895,0.433075,D:\STUPEN\Heartz\data-science\dataset\clean\Pa\Pa_0226.wav
Pa_0227.wav,Pa,1.0,16000,0.073756,0.340668,D:\STUPEN\Heartz\data-science\dataset\clean\Pa\Pa_0227.wav
Pa_0228.wav,Pa,1.0,16000,0.075895,0.319122,D:\STUPEN\Heartz\data-science\dataset\clean\Pa\Pa_0228.wav
Pa_0229.wav,Pa,1.0,16000,0.073756,0.425812,D:\STUPEN\Heartz\data-science\dataset\clean\Pa\Pa_0229.wav
Pa_0230.wav,Pa,1.0,16000,0.077974,0.3638,D:\STUPEN\Heartz\data-science\dataset\clean\Pa\Pa_0230.wav
Pa_0231.wav,Pa,1.0,16000,0.077974,0.35141,D:\STUPEN\Heartz\data-science\dataset\clean\Pa\Pa_0231.wav
Pa_0232.wav,Pa,1.0,16000,0.077974,0.328369,D:\STUPEN\Heartz\data-science\dataset\clean\Pa\Pa_0232.wav
Pa_0233.wav,Pa,1.0,16000,0.08,0.288513,D:\STUPEN\Heartz\data-science\dataset\clean\Pa\Pa_0233.wav
Pa_0234.wav,Pa,1.0,16000,0.075895,0.365875,D:\STUPEN\Heartz\data-science\dataset\clean\Pa\Pa_0234.wav
Pa_0235.wav,Pa,1.0,16000,0.073756,0.412354,D:\STUPEN\Heartz\data-science\dataset\clean\Pa\Pa_0235.wav
Pa_0236.wav,Pa,1.0,16000,0.075895,0.380188,D:\STUPEN\Heartz\data-science\dataset\clean\Pa\Pa_0236.wav
Pa_0237.wav,Pa,1.0,16000,0.075895,0.426147,D:\STUPEN\Heartz\data-science\dataset\clean\Pa\Pa_0237.wav
Pa_0238.wav,Pa,1.0,16000,0.077974,0.391418,D:\STUPEN\Heartz\data-science\dataset\clean\Pa\Pa_0238.wav
Pa_0239.wav,Pa,1.0,16000,0.075895,0.41272,D:\STUPEN\Heartz\data-science\dataset\clean\Pa\Pa_0239.wav
Pa_0240.wav,Pa,1.0,16000,0.075895,0.470306,D:\STUPEN\Heartz\data-science\dataset\clean\Pa\Pa_0240.wav
Pa_0241.wav,Pa,1.0,16000,0.075895,0.394928,D:\STUPEN\Heartz\data-science\dataset\clean\Pa\Pa_0241.wav
Pa_0242.wav,Pa,1.0,16000,0.073756,0.37796,D:\STUPEN\Heartz\data-science\dataset\clean\Pa\Pa_0242.wav
Pa_0243.wav,Pa,1.0,16000,0.075895,0.369781,D:\STUPEN\Heartz\data-science\dataset\clean\Pa\Pa_0243.wav
Pa_0244.wav,Pa,1.0,16000,0.077974,0.422943,D:\STUPEN\Heartz\data-science\dataset\clean\Pa\Pa_0244.wav
Pa_0245.wav,Pa,1.0,16000,0.077974,0.406311,D:\STUPEN\Heartz\data-science\dataset\clean\Pa\Pa_0245.wav
Pa_0246.wav,Pa,1.0,16000,0.077974,0.352631,D:\STUPEN\Heartz\data-science\dataset\clean\Pa\Pa_0246.wav
Pa_0247.wav,Pa,1.0,16000,0.075895,0.371155,D:\STUPEN\Heartz\data-science\dataset\clean\Pa\Pa_0247.wav
Pa_0248.wav,Pa,1.0,16000,0.075895,0.418488,D:\STUPEN\Heartz\data-science\dataset\clean\Pa\Pa_0248.wav
Pa_0249.wav,Pa,1.0,16000,0.075895,0.375092,D:\STUPEN\Heartz\data-science\dataset\clean\Pa\Pa_0249.wav
Pa_0250.wav,Pa,1.0,16000,0.075895,0.386078,D:\STUPEN\Heartz\data-science\dataset\clean\Pa\Pa_0250.wav
Pa_0251.wav,Pa,1.0,16000,0.073756,0.380585,D:\STUPEN\Heartz\data-science\dataset\clean\Pa\Pa_0251.wav
Pa_0252.wav,Pa,1.0,16000,0.071554,0.437592,D:\STUPEN\Heartz\data-science\dataset\clean\Pa\Pa_0252.wav
Pa_0253.wav,Pa,1.0,16000,0.069282,0.36084,D:\STUPEN\Heartz\data-science\dataset\clean\Pa\Pa_0253.wav
Pa_0254.wav,Pa,1.0,16000,0.071554,0.354218,D:\STUPEN\Heartz\data-science\dataset\clean\Pa\Pa_0254.wav
Pa_0255.wav,Pa,1.0,16000,0.075895,0.381073,D:\STUPEN\Heartz\data-science\dataset\clean\Pa\Pa_0255.wav
Pa_0256.wav,Pa,1.0,16000,0.073756,0.369141,D:\STUPEN\Heartz\data-science\dataset\clean\Pa\Pa_0256.wav
Pa_0257.wav,Pa,1.0,16000,0.073756,0.385345,D:\STUPEN\Heartz\data-science\dataset\clean\Pa\Pa_0257.wav
Pa_0258.wav,Pa,1.0,16000,0.073756,0.393677,D:\STUPEN\Heartz\data-science\dataset\clean\Pa\Pa_0258.wav
Pa_0259.wav,Pa,1.0,16000,0.073756,0.361237,D:\STUPEN\Heartz\data-science\dataset\clean\Pa\Pa_0259.wav
Pa_0260.wav,Pa,1.0,16000,0.077974,0.383514,D:\STUPEN\Heartz\data-science\dataset\clean\Pa\Pa_0260.wav
Pa_0261.wav,Pa,1.0,16000,0.077974,0.401764,D:\STUPEN\Heartz\data-science\dataset\clean\Pa\Pa_0261.wav
Pa_0262.wav,Pa,1.0,16000,0.075895,0.372681,D:\STUPEN\Heartz\data-science\dataset\clean\Pa\Pa_0262.wav
Pa_0263.wav,Pa,1.0,16000,0.077974,0.393036,D:\STUPEN\Heartz\data-science\dataset\clean\Pa\Pa_0263.wav
Pa_0264.wav,Pa,1.0,16000,0.075895,0.399384,D:\STUPEN\Heartz\data-science\dataset\clean\Pa\Pa_0264.wav
Pa_0265.wav,Pa,1.0,16000,0.077974,0.359344,D:\STUPEN\Heartz\data-science\dataset\clean\Pa\Pa_0265.wav
Pa_0266.wav,Pa,1.0,16000,0.08,0.332916,D:\STUPEN\Heartz\data-science\dataset\clean\Pa\Pa_0266.wav
Pa_0267.wav,Pa,1.0,16000,0.081975,0.319672,D:\STUPEN\Heartz\data-science\dataset\clean\Pa\Pa_0267.wav
Pa_0268.wav,Pa,1.0,16000,0.077974,0.419128,D:\STUPEN\Heartz\data-science\dataset\clean\Pa\Pa_0268.wav
Pa_0269.wav,Pa,1.0,16000,0.077974,0.409485,D:\STUPEN\Heartz\data-science\dataset\clean\Pa\Pa_0269.wav
Pa_0270.wav,Pa,1.0,16000,0.077974,0.36731,D:\STUPEN\Heartz\data-science\dataset\clean\Pa\Pa_0270.wav
Pa_0271.wav,Pa,1.0,16000,0.077974,0.406952,D:\STUPEN\Heartz\data-science\dataset\clean\Pa\Pa_0271.wav
Pa_0272.wav,Pa,1.0,16000,0.071554,0.381287,D:\STUPEN\Heartz\data-science\dataset\clean\Pa\Pa_0272.wav
Pa_0273.wav,Pa,1.0,16000,0.073756,0.37146,D:\STUPEN\Heartz\data-science\dataset\clean\Pa\Pa_0273.wav
Pa_0274.wav,Pa,1.0,16000,0.077974,0.378357,D:\STUPEN\Heartz\data-science\dataset\clean\Pa\Pa_0274.wav
Pa_0275.wav,Pa,1.0,16000,0.077974,0.368317,D:\STUPEN\Heartz\data-science\dataset\clean\Pa\Pa_0275.wav
Pa_0276.wav,Pa,1.0,16000,0.077974,0.411896,D:\STUPEN\Heartz\data-science\dataset\clean\Pa\Pa_0276.wav
Pa_0277.wav,Pa,1.0,16000,0.077974,0.392761,D:\STUPEN\Heartz\data-science\dataset\clean\Pa\Pa_0277.wav
Pa_0278.wav,Pa,1.0,16000,0.075895,0.373627,D:\STUPEN\Heartz\data-science\dataset\clean\Pa\Pa_0278.wav
Pa_0279.wav,Pa,1.0,16000,0.077974,0.367279,D:\STUPEN\Heartz\data-science\dataset\clean\Pa\Pa_0279.wav
Pa_0280.wav,Pa,1.0,16000,0.077974,0.358124,D:\STUPEN\Heartz\data-science\dataset\clean\Pa\Pa_0280.wav
Pa_0281.wav,Pa,1.0,16000,0.077974,0.352661,D:\STUPEN\Heartz\data-science\dataset\clean\Pa\Pa_0281.wav
Pa_0282.wav,Pa,1.0,16000,0.077974,0.462677,D:\STUPEN\Heartz\data-science\dataset\clean\Pa\Pa_0282.wav
Pa_0283.wav,Pa,1.0,16000,0.077974,0.413757,D:\STUPEN\Heartz\data-science\dataset\clean\Pa\Pa_0283.wav
Pa_0284.wav,Pa,1.0,16000,0.075895,0.398743,D:\STUPEN\Heartz\data-science\dataset\clean\Pa\Pa_0284.wav
Pa_0285.wav,Pa,1.0,16000,0.073756,0.379517,D:\STUPEN\Heartz\data-science\dataset\clean\Pa\Pa_0285.wav
Pa_0286.wav,Pa,1.0,16000,0.073756,0.400299,D:\STUPEN\Heartz\data-science\dataset\clean\Pa\Pa_0286.wav
Pa_0287.wav,Pa,1.0,16000,0.071554,0.420013,D:\STUPEN\Heartz\data-science\dataset\clean\Pa\Pa_0287.wav
Pa_0288.wav,Pa,1.0,16000,0.075895,0.429749,D:\STUPEN\Heartz\data-science\dataset\clean\Pa\Pa_0288.wav
Pa_0289.wav,Pa,1.0,16000,0.073756,0.418182,D:\STUPEN\Heartz\data-science\dataset\clean\Pa\Pa_0289.wav
Pa_0290.wav,Pa,1.0,16000,0.071554,0.388519,D:\STUPEN\Heartz\data-science\dataset\clean\Pa\Pa_0290.wav
Pa_0291.wav,Pa,1.0,16000,0.075895,0.411713,D:\STUPEN\Heartz\data-science\dataset\clean\Pa\Pa_0291.wav
Pa_0292.wav,Pa,1.0,16000,0.075895,0.439087,D:\STUPEN\Heartz\data-science\dataset\clean\Pa\Pa_0292.wav
Pa_0293.wav,Pa,1.0,16000,0.071554,0.405151,D:\STUPEN\Heartz\data-science\dataset\clean\Pa\Pa_0293.wav
Pa_0294.wav,Pa,1.0,16000,0.075895,0.377441,D:\STUPEN\Heartz\data-science\dataset\clean\Pa\Pa_0294.wav
Pa_0295.wav,Pa,1.0,16000,0.075895,0.390808,D:\STUPEN\Heartz\data-science\dataset\clean\Pa\Pa_0295.wav
Pa_0296.wav,Pa,1.0,16000,0.077974,0.399139,D:\STUPEN\Heartz\data-science\dataset\clean\Pa\Pa_0296.wav
Pa_0297.wav,Pa,1.0,16000,0.077974,0.390198,D:\STUPEN\Heartz\data-science\dataset\clean\Pa\Pa_0297.wav
Pa_0298.wav,Pa,1.0,16000,0.077974,0.394562,D:\STUPEN\Heartz\data-science\dataset\clean\Pa\Pa_0298.wav
Pa_0299.wav,Pa,1.0,16000,0.077974,0.408478,D:\STUPEN\Heartz\data-science\dataset\clean\Pa\Pa_0299.wav
Pa_0300.wav,Pa,1.0,16000,0.075895,0.411163,D:\STUPEN\Heartz\data-science\dataset\clean\Pa\Pa_0300.wav
Pa_0301.wav,Pa,1.0,16000,0.075895,0.433502,D:\STUPEN\Heartz\data-science\dataset\clean\Pa\Pa_0301.wav
Pa_0302.wav,Pa,1.0,16000,0.075895,0.403442,D:\STUPEN\Heartz\data-science\dataset\clean\Pa\Pa_0302.wav
Pa_0303.wav,Pa,1.0,16000,0.08,0.394958,D:\STUPEN\Heartz\data-science\dataset\clean\Pa\Pa_0303.wav
Pa_0304.wav,Pa,1.0,16000,0.075895,0.40567,D:\STUPEN\Heartz\data-science\dataset\clean\Pa\Pa_0304.wav
Pa_0305.wav,Pa,1.0,16000,0.075895,0.397614,D:\STUPEN\Heartz\data-science\dataset\clean\Pa\Pa_0305.wav
Pa_0306.wav,Pa,1.0,16000,0.077974,0.430878,D:\STUPEN\Heartz\data-science\dataset\clean\Pa\Pa_0306.wav
Pa_0307.wav,Pa,1.0,16000,0.077974,0.408936,D:\STUPEN\Heartz\data-science\dataset\clean\Pa\Pa_0307.wav
Pa_0308.wav,Pa,1.0,16000,0.077974,0.409729,D:\STUPEN\Heartz\data-science\dataset\clean\Pa\Pa_0308.wav
Pa_0309.wav,Pa,1.0,16000,0.075895,0.401733,D:\STUPEN\Heartz\data-science\dataset\clean\Pa\Pa_0309.wav
Pa_0310.wav,Pa,1.0,16000,0.069282,0.391907,D:\STUPEN\Heartz\data-science\dataset\clean\Pa\Pa_0310.wav
Pa_0311.wav,Pa,1.0,16000,0.073756,0.389069,D:\STUPEN\Heartz\data-science\dataset\clean\Pa\Pa_0311.wav
Pa_0312.wav,Pa,1.0,16000,0.075895,0.39035,D:\STUPEN\Heartz\data-science\dataset\clean\Pa\Pa_0312.wav
Pa_0313.wav,Pa,1.0,16000,0.075895,0.403412,D:\STUPEN\Heartz\data-science\dataset\clean\Pa\Pa_0313.wav
Pa_0314.wav,Pa,1.0,16000,0.073756,0.376617,D:\STUPEN\Heartz\data-science\dataset\clean\Pa\Pa_0314.wav
Pa_0315.wav,Pa,1.0,16000,0.073756,0.356842,D:\STUPEN\Heartz\data-science\dataset\clean\Pa\Pa_0315.wav
Pa_0316.wav,Pa,1.0,16000,0.075895,0.348846,D:\STUPEN\Heartz\data-science\dataset\clean\Pa\Pa_0316.wav
Pa_0317.wav,Pa,1.0,16000,0.075895,0.399689,D:\STUPEN\Heartz\data-science\dataset\clean\Pa\Pa_0317.wav
Pa_0318.wav,Pa,1.0,16000,0.073756,0.407654,D:\STUPEN\Heartz\data-science\dataset\clean\Pa\Pa_0318.wav
Pa_0319.wav,Pa,1.0,16000,0.073756,0.407318,D:\STUPEN\Heartz\data-science\dataset\clean\Pa\Pa_0319.wav
Pa_0320.wav,Pa,1.0,16000,0.075895,0.396484,D:\STUPEN\Heartz\data-science\dataset\clean\Pa\Pa_0320.wav
Pa_0321.wav,Pa,1.0,16000,0.073756,0.403778,D:\STUPEN\Heartz\data-science\dataset\clean\Pa\Pa_0321.wav
Pa_0322.wav,Pa,1.0,16000,0.073756,0.410767,D:\STUPEN\Heartz\data-science\dataset\clean\Pa\Pa_0322.wav
Pa_0323.wav,Pa,1.0,16000,0.075895,0.394592,D:\STUPEN\Heartz\data-science\dataset\clean\Pa\Pa_0323.wav
Pa_0324.wav,Pa,1.0,16000,0.073756,0.420929,D:\STUPEN\Heartz\data-science\dataset\clean\Pa\Pa_0324.wav
Pa_0325.wav,Pa,1.0,16000,0.075895,0.427307,D:\STUPEN\Heartz\data-science\dataset\clean\Pa\Pa_0325.wav
Pa_0326.wav,Pa,1.0,16000,0.071554,0.421143,D:\STUPEN\Heartz\data-science\dataset\clean\Pa\Pa_0326.wav
Pa_0327.wav,Pa,1.0,16000,0.075895,0.411377,D:\STUPEN\Heartz\data-science\dataset\clean\Pa\Pa_0327.wav
Pa_0328.wav,Pa,1.0,16000,0.066933,0.427246,D:\STUPEN\Heartz\data-science\dataset\clean\Pa\Pa_0328.wav
Pa_0329.wav,Pa,1.0,16000,0.064498,0.40387,D:\STUPEN\Heartz\data-science\dataset\clean\Pa\Pa_0329.wav
Pa_0330.wav,Pa,1.0,16000,0.064498,0.401459,D:\STUPEN\Heartz\data-science\dataset\clean\Pa\Pa_0330.wav
Pa_0331.wav,Pa,1.0,16000,0.066933,0.427887,D:\STUPEN\Heartz\data-science\dataset\clean\Pa\Pa_0331.wav
Pa_0332.wav,Pa,1.0,16000,0.066933,0.464813,D:\STUPEN\Heartz\data-science\dataset\clean\Pa\Pa_0332.wav
Pa_0333.wav,Pa,1.0,16000,0.071554,0.418549,D:\STUPEN\Heartz\data-science\dataset\clean\Pa\Pa_0333.wav
Pa_0334.wav,Pa,1.0,16000,0.066933,0.439117,D:\STUPEN\Heartz\data-science\dataset\clean\Pa\Pa_0334.wav
Pa_0335.wav,Pa,1.0,16000,0.073756,0.459564,D:\STUPEN\Heartz\data-science\dataset\clean\Pa\Pa_0335.wav
Pa_0336.wav,Pa,1.0,16000,0.075895,0.459412,D:\STUPEN\Heartz\data-science\dataset\clean\Pa\Pa_0336.wav
Pa_0337.wav,Pa,1.0,16000,0.081976,0.574677,D:\STUPEN\Heartz\data-science\dataset\clean\Pa\Pa_0337.wav
Pa_0338.wav,Pa,1.0,16000,0.083905,0.508118,D:\STUPEN\Heartz\data-science\dataset\clean\Pa\Pa_0338.wav
Pa_0339.wav,Pa,1.0,16000,0.073756,0.360168,D:\STUPEN\Heartz\data-science\dataset\clean\Pa\Pa_0339.wav
Pa_0340.wav,Pa,1.0,16000,0.073756,0.395477,D:\STUPEN\Heartz\data-science\dataset\clean\Pa\Pa_0340.wav
Pa_0341.wav,Pa,1.0,16000,0.075895,0.320679,D:\STUPEN\Heartz\data-science\dataset\clean\Pa\Pa_0341.wav
Pa_0342.wav,Pa,1.0,16000,0.073756,0.475372,D:\STUPEN\Heartz\data-science\dataset\clean\Pa\Pa_0342.wav
Pa_0343.wav,Pa,1.0,16000,0.066933,0.462616,D:\STUPEN\Heartz\data-science\dataset\clean\Pa\Pa_0343.wav
Pa_0344.wav,Pa,1.0,16000,0.066933,0.459381,D:\STUPEN\Heartz\data-science\dataset\clean\Pa\Pa_0344.wav
Pa_0345.wav,Pa,1.0,16000,0.069282,0.428375,D:\STUPEN\Heartz\data-science\dataset\clean\Pa\Pa_0345.wav
Pa_0346.wav,Pa,1.0,16000,0.069282,0.420868,D:\STUPEN\Heartz\data-science\dataset\clean\Pa\Pa_0346.wav
Pa_0347.wav,Pa,1.0,16000,0.071554,0.402618,D:\STUPEN\Heartz\data-science\dataset\clean\Pa\Pa_0347.wav
Pa_0348.wav,Pa,1.0,16000,0.073756,0.416473,D:\STUPEN\Heartz\data-science\dataset\clean\Pa\Pa_0348.wav
Pa_0349.wav,Pa,1.0,16000,0.073756,0.337219,D:\STUPEN\Heartz\data-science\dataset\clean\Pa\Pa_0349.wav
Pa_0350.wav,Pa,1.0,16000,0.077974,0.341583,D:\STUPEN\Heartz\data-science\dataset\clean\Pa\Pa_0350.wav
Pa_0351.wav,Pa,1.0,16000,0.077974,0.358765,D:\STUPEN\Heartz\data-science\dataset\clean\Pa\Pa_0351.wav
Pa_0352.wav,Pa,1.0,16000,0.075895,0.35849,D:\STUPEN\Heartz\data-science\dataset\clean\Pa\Pa_0352.wav
Pa_0353.wav,Pa,1.0,16000,0.077974,0.395355,D:\STUPEN\Heartz\data-science\dataset\clean\Pa\Pa_0353.wav
Pa_0354.wav,Pa,1.0,16000,0.08,0.370544,D:\STUPEN\Heartz\data-science\dataset\clean\Pa\Pa_0354.wav
Pa_0355.wav,Pa,1.0,16000,0.08,0.36908,D:\STUPEN\Heartz\data-science\dataset\clean\Pa\Pa_0355.wav
Pa_0356.wav,Pa,1.0,16000,0.077974,0.389648,D:\STUPEN\Heartz\data-science\dataset\clean\Pa\Pa_0356.wav
Pa_0357.wav,Pa,1.0,16000,0.077974,0.414368,D:\STUPEN\Heartz\data-science\dataset\clean\Pa\Pa_0357.wav
Pa_0358.wav,Pa,1.0,16000,0.08,0.388123,D:\STUPEN\Heartz\data-science\dataset\clean\Pa\Pa_0358.wav
Pa_0359.wav,Pa,1.0,16000,0.073756,0.438934,D:\STUPEN\Heartz\data-science\dataset\clean\Pa\Pa_0359.wav
Pa_0360.wav,Pa,1.0,16000,0.073756,0.461884,D:\STUPEN\Heartz\data-science\dataset\clean\Pa\Pa_0360.wav
Pa_0361.wav,Pa,1.0,16000,0.075895,0.400909,D:\STUPEN\Heartz\data-science\dataset\clean\Pa\Pa_0361.wav
Pa_0362.wav,Pa,1.0,16000,0.077974,0.39801,D:\STUPEN\Heartz\data-science\dataset\clean\Pa\Pa_0362.wav
Pa_0363.wav,Pa,1.0,16000,0.075895,0.408569,D:\STUPEN\Heartz\data-science\dataset\clean\Pa\Pa_0363.wav
Pa_0364.wav,Pa,1.0,16000,0.077974,0.411438,D:\STUPEN\Heartz\data-science\dataset\clean\Pa\Pa_0364.wav
Pa_0365.wav,Pa,1.0,16000,0.077974,0.411957,D:\STUPEN\Heartz\data-science\dataset\clean\Pa\Pa_0365.wav
Pa_0366.wav,Pa,1.0,16000,0.077974,0.424744,D:\STUPEN\Heartz\data-science\dataset\clean\Pa\Pa_0366.wav
Pa_0367.wav,Pa,1.0,16000,0.073756,0.366364,D:\STUPEN\Heartz\data-science\dataset\clean\Pa\Pa_0367.wav
Pa_0368.wav,Pa,1.0,16000,0.075895,0.324677,D:\STUPEN\Heartz\data-science\dataset\clean\Pa\Pa_0368.wav
Pa_0369.wav,Pa,1.0,16000,0.075895,0.37323,D:\STUPEN\Heartz\data-science\dataset\clean\Pa\Pa_0369.wav
Pa_0370.wav,Pa,1.0,16000,0.071554,0.485168,D:\STUPEN\Heartz\data-science\dataset\clean\Pa\Pa_0370.wav
Pa_0371.wav,Pa,1.0,16000,0.069282,0.437683,D:\STUPEN\Heartz\data-science\dataset\clean\Pa\Pa_0371.wav
Pa_0372.wav,Pa,1.0,16000,0.069282,0.443481,D:\STUPEN\Heartz\data-science\dataset\clean\Pa\Pa_0372.wav
Pa_0373.wav,Pa,1.0,16000,0.073756,0.424774,D:\STUPEN\Heartz\data-science\dataset\clean\Pa\Pa_0373.wav
Pa_0374.wav,Pa,1.0,16000,0.071554,0.418152,D:\STUPEN\Heartz\data-science\dataset\clean\Pa\Pa_0374.wav
Pa_0375.wav,Pa,1.0,16000,0.075895,0.378571,D:\STUPEN\Heartz\data-science\dataset\clean\Pa\Pa_0375.wav
Pa_0376.wav,Pa,1.0,16000,0.073756,0.386322,D:\STUPEN\Heartz\data-science\dataset\clean\Pa\Pa_0376.wav
Pa_0377.wav,Pa,1.0,16000,0.077974,0.39389,D:\STUPEN\Heartz\data-science\dataset\clean\Pa\Pa_0377.wav
Pa_0378.wav,Pa,1.0,16000,0.073756,0.407867,D:\STUPEN\Heartz\data-science\dataset\clean\Pa\Pa_0378.wav
Pa_0379.wav,Pa,1.0,16000,0.073756,0.383026,D:\STUPEN\Heartz\data-science\dataset\clean\Pa\Pa_0379.wav
Pa_0380.wav,Pa,1.0,16000,0.071554,0.438721,D:\STUPEN\Heartz\data-science\dataset\clean\Pa\Pa_0380.wav
Pa_0381.wav,Pa,1.0,16000,0.073756,0.378143,D:\STUPEN\Heartz\data-science\dataset\clean\Pa\Pa_0381.wav
Pa_0382.wav,Pa,1.0,16000,0.069282,0.333038,D:\STUPEN\Heartz\data-science\dataset\clean\Pa\Pa_0382.wav
Pa_0383.wav,Pa,1.0,16000,0.073756,0.32663,D:\STUPEN\Heartz\data-science\dataset\clean\Pa\Pa_0383.wav
Pa_0384.wav,Pa,1.0,16000,0.075895,0.329254,D:\STUPEN\Heartz\data-science\dataset\clean\Pa\Pa_0384.wav
Pa_0385.wav,Pa,1.0,16000,0.073756,0.379425,D:\STUPEN\Heartz\data-science\dataset\clean\Pa\Pa_0385.wav
Pa_0386.wav,Pa,1.0,16000,0.073756,0.392212,D:\STUPEN\Heartz\data-science\dataset\clean\Pa\Pa_0386.wav
Pa_0387.wav,Pa,1.0,16000,0.075895,0.37735,D:\STUPEN\Heartz\data-science\dataset\clean\Pa\Pa_0387.wav
Pa_0388.wav,Pa,1.0,16000,0.071554,0.362244,D:\STUPEN\Heartz\data-science\dataset\clean\Pa\Pa_0388.wav
Pa_0389.wav,Pa,1.0,16000,0.073756,0.437347,D:\STUPEN\Heartz\data-science\dataset\clean\Pa\Pa_0389.wav
Pa_0390.wav,Pa,1.0,16000,0.075895,0.433075,D:\STUPEN\Heartz\data-science\dataset\clean\Pa\Pa_0390.wav
Pa_0391.wav,Pa,1.0,16000,0.073756,0.340668,D:\STUPEN\Heartz\data-science\dataset\clean\Pa\Pa_0391.wav
Pa_0392.wav,Pa,1.0,16000,0.075895,0.319122,D:\STUPEN\Heartz\data-science\dataset\clean\Pa\Pa_0392.wav
Pa_0393.wav,Pa,1.0,16000,0.073756,0.425812,D:\STUPEN\Heartz\data-science\dataset\clean\Pa\Pa_0393.wav
Pa_0394.wav,Pa,1.0,16000,0.077974,0.3638,D:\STUPEN\Heartz\data-science\dataset\clean\Pa\Pa_0394.wav
Pa_0395.wav,Pa,1.0,16000,0.077974,0.35141,D:\STUPEN\Heartz\data-science\dataset\clean\Pa\Pa_0395.wav
Pa_0396.wav,Pa,1.0,16000,0.077974,0.328369,D:\STUPEN\Heartz\data-science\dataset\clean\Pa\Pa_0396.wav
Pa_0397.wav,Pa,1.0,16000,0.08,0.288513,D:\STUPEN\Heartz\data-science\dataset\clean\Pa\Pa_0397.wav
Pa_0398.wav,Pa,1.0,16000,0.075895,0.365875,D:\STUPEN\Heartz\data-science\dataset\clean\Pa\Pa_0398.wav
Pa_0399.wav,Pa,1.0,16000,0.073756,0.412354,D:\STUPEN\Heartz\data-science\dataset\clean\Pa\Pa_0399.wav
Pa_0400.wav,Pa,1.0,16000,0.075895,0.380188,D:\STUPEN\Heartz\data-science\dataset\clean\Pa\Pa_0400.wav
Pa_0401.wav,Pa,1.0,16000,0.075895,0.426147,D:\STUPEN\Heartz\data-science\dataset\clean\Pa\Pa_0401.wav
Pa_0402.wav,Pa,1.0,16000,0.077974,0.391418,D:\STUPEN\Heartz\data-science\dataset\clean\Pa\Pa_0402.wav
Pa_0403.wav,Pa,1.0,16000,0.075895,0.41272,D:\STUPEN\Heartz\data-science\dataset\clean\Pa\Pa_0403.wav
Pa_0404.wav,Pa,1.0,16000,0.075895,0.470306,D:\STUPEN\Heartz\data-science\dataset\clean\Pa\Pa_0404.wav
Pa_0405.wav,Pa,1.0,16000,0.075895,0.394928,D:\STUPEN\Heartz\data-science\dataset\clean\Pa\Pa_0405.wav
Pa_0406.wav,Pa,1.0,16000,0.073756,0.37796,D:\STUPEN\Heartz\data-science\dataset\clean\Pa\Pa_0406.wav
Pa_0407.wav,Pa,1.0,16000,0.075895,0.369781,D:\STUPEN\Heartz\data-science\dataset\clean\Pa\Pa_0407.wav
Pa_0408.wav,Pa,1.0,16000,0.077974,0.422943,D:\STUPEN\Heartz\data-science\dataset\clean\Pa\Pa_0408.wav
Pa_0409.wav,Pa,1.0,16000,0.077974,0.406311,D:\STUPEN\Heartz\data-science\dataset\clean\Pa\Pa_0409.wav
Pa_0410.wav,Pa,1.0,16000,0.077974,0.352631,D:\STUPEN\Heartz\data-science\dataset\clean\Pa\Pa_0410.wav
Pa_0411.wav,Pa,1.0,16000,0.075895,0.371155,D:\STUPEN\Heartz\data-science\dataset\clean\Pa\Pa_0411.wav
Pa_0412.wav,Pa,1.0,16000,0.075895,0.418488,D:\STUPEN\Heartz\data-science\dataset\clean\Pa\Pa_0412.wav
Pa_0413.wav,Pa,1.0,16000,0.075895,0.375092,D:\STUPEN\Heartz\data-science\dataset\clean\Pa\Pa_0413.wav
Pa_0414.wav,Pa,1.0,16000,0.075895,0.386078,D:\STUPEN\Heartz\data-science\dataset\clean\Pa\Pa_0414.wav
Pa_0415.wav,Pa,1.0,16000,0.073756,0.380585,D:\STUPEN\Heartz\data-science\dataset\clean\Pa\Pa_0415.wav
Pa_0416.wav,Pa,1.0,16000,0.071554,0.437592,D:\STUPEN\Heartz\data-science\dataset\clean\Pa\Pa_0416.wav
Pa_0417.wav,Pa,1.0,16000,0.069282,0.36084,D:\STUPEN\Heartz\data-science\dataset\clean\Pa\Pa_0417.wav
Pa_0418.wav,Pa,1.0,16000,0.071554,0.354218,D:\STUPEN\Heartz\data-science\dataset\clean\Pa\Pa_0418.wav
Pa_0419.wav,Pa,1.0,16000,0.075895,0.381073,D:\STUPEN\Heartz\data-science\dataset\clean\Pa\Pa_0419.wav
Pa_0420.wav,Pa,1.0,16000,0.073756,0.369141,D:\STUPEN\Heartz\data-science\dataset\clean\Pa\Pa_0420.wav
Pa_0421.wav,Pa,1.0,16000,0.073756,0.385345,D:\STUPEN\Heartz\data-science\dataset\clean\Pa\Pa_0421.wav
Pa_0422.wav,Pa,1.0,16000,0.073756,0.393677,D:\STUPEN\Heartz\data-science\dataset\clean\Pa\Pa_0422.wav
Pa_0423.wav,Pa,1.0,16000,0.073756,0.361237,D:\STUPEN\Heartz\data-science\dataset\clean\Pa\Pa_0423.wav
Pa_0424.wav,Pa,1.0,16000,0.077974,0.383514,D:\STUPEN\Heartz\data-science\dataset\clean\Pa\Pa_0424.wav
Pa_0425.wav,Pa,1.0,16000,0.077974,0.401764,D:\STUPEN\Heartz\data-science\dataset\clean\Pa\Pa_0425.wav
Pa_0426.wav,Pa,1.0,16000,0.075895,0.372681,D:\STUPEN\Heartz\data-science\dataset\clean\Pa\Pa_0426.wav
Pa_0427.wav,Pa,1.0,16000,0.077974,0.393036,D:\STUPEN\Heartz\data-science\dataset\clean\Pa\Pa_0427.wav
Pa_0428.wav,Pa,1.0,16000,0.075895,0.399384,D:\STUPEN\Heartz\data-science\dataset\clean\Pa\Pa_0428.wav
Pa_0429.wav,Pa,1.0,16000,0.077974,0.359344,D:\STUPEN\Heartz\data-science\dataset\clean\Pa\Pa_0429.wav
Pa_0430.wav,Pa,1.0,16000,0.08,0.332916,D:\STUPEN\Heartz\data-science\dataset\clean\Pa\Pa_0430.wav
Pa_0431.wav,Pa,1.0,16000,0.081975,0.319672,D:\STUPEN\Heartz\data-science\dataset\clean\Pa\Pa_0431.wav
Pa_0432.wav,Pa,1.0,16000,0.077974,0.419128,D:\STUPEN\Heartz\data-science\dataset\clean\Pa\Pa_0432.wav
Pa_0433.wav,Pa,1.0,16000,0.077974,0.409485,D:\STUPEN\Heartz\data-science\dataset\clean\Pa\Pa_0433.wav
Pa_0434.wav,Pa,1.0,16000,0.077974,0.36731,D:\STUPEN\Heartz\data-science\dataset\clean\Pa\Pa_0434.wav
Pa_0435.wav,Pa,1.0,16000,0.077974,0.406952,D:\STUPEN\Heartz\data-science\dataset\clean\Pa\Pa_0435.wav
Pa_0436.wav,Pa,1.0,16000,0.071554,0.381287,D:\STUPEN\Heartz\data-science\dataset\clean\Pa\Pa_0436.wav
Pa_0437.wav,Pa,1.0,16000,0.073756,0.37146,D:\STUPEN\Heartz\data-science\dataset\clean\Pa\Pa_0437.wav
Pa_0438.wav,Pa,1.0,16000,0.077974,0.378357,D:\STUPEN\Heartz\data-science\dataset\clean\Pa\Pa_0438.wav
Pa_0439.wav,Pa,1.0,16000,0.077974,0.368317,D:\STUPEN\Heartz\data-science\dataset\clean\Pa\Pa_0439.wav
Pa_0440.wav,Pa,1.0,16000,0.077974,0.411896,D:\STUPEN\Heartz\data-science\dataset\clean\Pa\Pa_0440.wav
Pa_0441.wav,Pa,1.0,16000,0.077974,0.392761,D:\STUPEN\Heartz\data-science\dataset\clean\Pa\Pa_0441.wav
Pa_0442.wav,Pa,1.0,16000,0.075895,0.373627,D:\STUPEN\Heartz\data-science\dataset\clean\Pa\Pa_0442.wav
Pa_0443.wav,Pa,1.0,16000,0.077974,0.367279,D:\STUPEN\Heartz\data-science\dataset\clean\Pa\Pa_0443.wav
Pa_0444.wav,Pa,1.0,16000,0.077974,0.358124,D:\STUPEN\Heartz\data-science\dataset\clean\Pa\Pa_0444.wav
Pa_0445.wav,Pa,1.0,16000,0.077974,0.352661,D:\STUPEN\Heartz\data-science\dataset\clean\Pa\Pa_0445.wav
Pa_0446.wav,Pa,1.0,16000,0.077974,0.462677,D:\STUPEN\Heartz\data-science\dataset\clean\Pa\Pa_0446.wav
Pa_0447.wav,Pa,1.0,16000,0.077974,0.413757,D:\STUPEN\Heartz\data-science\dataset\clean\Pa\Pa_0447.wav
Pa_0448.wav,Pa,1.0,16000,0.075895,0.398743,D:\STUPEN\Heartz\data-science\dataset\clean\Pa\Pa_0448.wav
Pa_0449.wav,Pa,1.0,16000,0.073756,0.379517,D:\STUPEN\Heartz\data-science\dataset\clean\Pa\Pa_0449.wav
Pa_0450.wav,Pa,1.0,16000,0.073756,0.400299,D:\STUPEN\Heartz\data-science\dataset\clean\Pa\Pa_0450.wav
Pa_0451.wav,Pa,1.0,16000,0.071554,0.420013,D:\STUPEN\Heartz\data-science\dataset\clean\Pa\Pa_0451.wav
Pa_0452.wav,Pa,1.0,16000,0.075895,0.429749,D:\STUPEN\Heartz\data-science\dataset\clean\Pa\Pa_0452.wav
Pa_0453.wav,Pa,1.0,16000,0.073756,0.418182,D:\STUPEN\Heartz\data-science\dataset\clean\Pa\Pa_0453.wav
Pa_0454.wav,Pa,1.0,16000,0.071554,0.388519,D:\STUPEN\Heartz\data-science\dataset\clean\Pa\Pa_0454.wav
Pa_0455.wav,Pa,1.0,16000,0.075895,0.411713,D:\STUPEN\Heartz\data-science\dataset\clean\Pa\Pa_0455.wav
Pa_0456.wav,Pa,1.0,16000,0.075895,0.439087,D:\STUPEN\Heartz\data-science\dataset\clean\Pa\Pa_0456.wav
Pa_0457.wav,Pa,1.0,16000,0.071554,0.405151,D:\STUPEN\Heartz\data-science\dataset\clean\Pa\Pa_0457.wav
Pa_0458.wav,Pa,1.0,16000,0.075895,0.377441,D:\STUPEN\Heartz\data-science\dataset\clean\Pa\Pa_0458.wav
Pa_0459.wav,Pa,1.0,16000,0.075895,0.390808,D:\STUPEN\Heartz\data-science\dataset\clean\Pa\Pa_0459.wav
Pa_0460.wav,Pa,1.0,16000,0.077974,0.399139,D:\STUPEN\Heartz\data-science\dataset\clean\Pa\Pa_0460.wav
Pa_0461.wav,Pa,1.0,16000,0.077974,0.390198,D:\STUPEN\Heartz\data-science\dataset\clean\Pa\Pa_0461.wav
Pa_0462.wav,Pa,1.0,16000,0.077974,0.394562,D:\STUPEN\Heartz\data-science\dataset\clean\Pa\Pa_0462.wav
Pa_0463.wav,Pa,1.0,16000,0.077974,0.408478,D:\STUPEN\Heartz\data-science\dataset\clean\Pa\Pa_0463.wav
Pa_0464.wav,Pa,1.0,16000,0.075895,0.411163,D:\STUPEN\Heartz\data-science\dataset\clean\Pa\Pa_0464.wav
Pa_0465.wav,Pa,1.0,16000,0.075895,0.433502,D:\STUPEN\Heartz\data-science\dataset\clean\Pa\Pa_0465.wav
Pa_0466.wav,Pa,1.0,16000,0.075895,0.403442,D:\STUPEN\Heartz\data-science\dataset\clean\Pa\Pa_0466.wav
Pa_0467.wav,Pa,1.0,16000,0.08,0.394958,D:\STUPEN\Heartz\data-science\dataset\clean\Pa\Pa_0467.wav
Pa_0468.wav,Pa,1.0,16000,0.075895,0.40567,D:\STUPEN\Heartz\data-science\dataset\clean\Pa\Pa_0468.wav
Pa_0469.wav,Pa,1.0,16000,0.075895,0.397614,D:\STUPEN\Heartz\data-science\dataset\clean\Pa\Pa_0469.wav
Pa_0470.wav,Pa,1.0,16000,0.077974,0.430878,D:\STUPEN\Heartz\data-science\dataset\clean\Pa\Pa_0470.wav
Pa_0471.wav,Pa,1.0,16000,0.077974,0.408936,D:\STUPEN\Heartz\data-science\dataset\clean\Pa\Pa_0471.wav
Pa_0472.wav,Pa,1.0,16000,0.077974,0.409729,D:\STUPEN\Heartz\data-science\dataset\clean\Pa\Pa_0472.wav
Pa_0473.wav,Pa,1.0,16000,0.075895,0.401733,D:\STUPEN\Heartz\data-science\dataset\clean\Pa\Pa_0473.wav
Pa_0474.wav,Pa,1.0,16000,0.069282,0.391907,D:\STUPEN\Heartz\data-science\dataset\clean\Pa\Pa_0474.wav
Pa_0475.wav,Pa,1.0,16000,0.073756,0.389069,D:\STUPEN\Heartz\data-science\dataset\clean\Pa\Pa_0475.wav
Pa_0476.wav,Pa,1.0,16000,0.075895,0.39035,D:\STUPEN\Heartz\data-science\dataset\clean\Pa\Pa_0476.wav
Pa_0477.wav,Pa,1.0,16000,0.075895,0.403412,D:\STUPEN\Heartz\data-science\dataset\clean\Pa\Pa_0477.wav
Pa_0478.wav,Pa,1.0,16000,0.073756,0.376617,D:\STUPEN\Heartz\data-science\dataset\clean\Pa\Pa_0478.wav
Pa_0479.wav,Pa,1.0,16000,0.073756,0.356842,D:\STUPEN\Heartz\data-science\dataset\clean\Pa\Pa_0479.wav
Pa_0480.wav,Pa,1.0,16000,0.075895,0.348846,D:\STUPEN\Heartz\data-science\dataset\clean\Pa\Pa_0480.wav
Pa_0481.wav,Pa,1.0,16000,0.075895,0.399689,D:\STUPEN\Heartz\data-science\dataset\clean\Pa\Pa_0481.wav
Pa_0482.wav,Pa,1.0,16000,0.073756,0.407654,D:\STUPEN\Heartz\data-science\dataset\clean\Pa\Pa_0482.wav
Pa_0483.wav,Pa,1.0,16000,0.073756,0.407318,D:\STUPEN\Heartz\data-science\dataset\clean\Pa\Pa_0483.wav
Pa_0484.wav,Pa,1.0,16000,0.075895,0.396484,D:\STUPEN\Heartz\data-science\dataset\clean\Pa\Pa_0484.wav
Pa_0485.wav,Pa,1.0,16000,0.073756,0.403778,D:\STUPEN\Heartz\data-science\dataset\clean\Pa\Pa_0485.wav
Pa_0486.wav,Pa,1.0,16000,0.073756,0.410767,D:\STUPEN\Heartz\data-science\dataset\clean\Pa\Pa_0486.wav
Pa_0487.wav,Pa,1.0,16000,0.075895,0.394592,D:\STUPEN\Heartz\data-science\dataset\clean\Pa\Pa_0487.wav
Pa_0488.wav,Pa,1.0,16000,0.073756,0.420929,D:\STUPEN\Heartz\data-science\dataset\clean\Pa\Pa_0488.wav
Pa_0489.wav,Pa,1.0,16000,0.075895,0.427307,D:\STUPEN\Heartz\data-science\dataset\clean\Pa\Pa_0489.wav
Pa_0490.wav,Pa,1.0,16000,0.071554,0.421143,D:\STUPEN\Heartz\data-science\dataset\clean\Pa\Pa_0490.wav
Pa_0491.wav,Pa,1.0,16000,0.075895,0.411377,D:\STUPEN\Heartz\data-science\dataset\clean\Pa\Pa_0491.wav
Pa_0492.wav,Pa,1.0,16000,0.066933,0.427246,D:\STUPEN\Heartz\data-science\dataset\clean\Pa\Pa_0492.wav
Pa_0493.wav,Pa,1.0,16000,0.064498,0.40387,D:\STUPEN\Heartz\data-science\dataset\clean\Pa\Pa_0493.wav
Pa_0494.wav,Pa,1.0,16000,0.064498,0.401459,D:\STUPEN\Heartz\data-science\dataset\clean\Pa\Pa_0494.wav
Pa_0495.wav,Pa,1.0,16000,0.066933,0.427887,D:\STUPEN\Heartz\data-science\dataset\clean\Pa\Pa_0495.wav
Pa_0496.wav,Pa,1.0,16000,0.066933,0.464813,D:\STUPEN\Heartz\data-science\dataset\clean\Pa\Pa_0496.wav
Pa_0497.wav,Pa,1.0,16000,0.071554,0.418549,D:\STUPEN\Heartz\data-science\dataset\clean\Pa\Pa_0497.wav
Pa_0498.wav,Pa,1.0,16000,0.066933,0.439117,D:\STUPEN\Heartz\data-science\dataset\clean\Pa\Pa_0498.wav
Pa_0499.wav,Pa,1.0,16000,0.073756,0.459564,D:\STUPEN\Heartz\data-science\dataset\clean\Pa\Pa_0499.wav
Pa_0500.wav,Pa,1.0,16000,0.075895,0.459412,D:\STUPEN\Heartz\data-science\dataset\clean\Pa\Pa_0500.wav
Pa_0501.wav,Pa,1.0,16000,0.081976,0.574677,D:\STUPEN\Heartz\data-science\dataset\clean\Pa\Pa_0501.wav
Pa_0502.wav,Pa,1.0,16000,0.083905,0.508118,D:\STUPEN\Heartz\data-science\dataset\clean\Pa\Pa_0502.wav
Pa_0503.wav,Pa,1.0,16000,0.073756,0.360168,D:\STUPEN\Heartz\data-science\dataset\clean\Pa\Pa_0503.wav
Pa_0504.wav,Pa,1.0,16000,0.073756,0.395477,D:\STUPEN\Heartz\data-science\dataset\clean\Pa\Pa_0504.wav
Pa_0505.wav,Pa,1.0,16000,0.075895,0.320679,D:\STUPEN\Heartz\data-science\dataset\clean\Pa\Pa_0505.wav
Pa_0506.wav,Pa,1.0,16000,0.073756,0.475372,D:\STUPEN\Heartz\data-science\dataset\clean\Pa\Pa_0506.wav
Pa_0507.wav,Pa,1.0,16000,0.066933,0.462616,D:\STUPEN\Heartz\data-science\dataset\clean\Pa\Pa_0507.wav
Pa_0508.wav,Pa,1.0,16000,0.066933,0.459381,D:\STUPEN\Heartz\data-science\dataset\clean\Pa\Pa_0508.wav
Pa_0509.wav,Pa,1.0,16000,0.069282,0.428375,D:\STUPEN\Heartz\data-science\dataset\clean\Pa\Pa_0509.wav
Pa_0510.wav,Pa,1.0,16000,0.069282,0.420868,D:\STUPEN\Heartz\data-science\dataset\clean\Pa\Pa_0510.wav
Pa_0511.wav,Pa,1.0,16000,0.071554,0.402618,D:\STUPEN\Heartz\data-science\dataset\clean\Pa\Pa_0511.wav
Pa_0512.wav,Pa,1.0,16000,0.073756,0.416473,D:\STUPEN\Heartz\data-science\dataset\clean\Pa\Pa_0512.wav
Pa_0513.wav,Pa,1.0,16000,0.073756,0.337219,D:\STUPEN\Heartz\data-science\dataset\clean\Pa\Pa_0513.wav
Pa_0514.wav,Pa,1.0,16000,0.077974,0.341583,D:\STUPEN\Heartz\data-science\dataset\clean\Pa\Pa_0514.wav
Pa_0515.wav,Pa,1.0,16000,0.077974,0.358765,D:\STUPEN\Heartz\data-science\dataset\clean\Pa\Pa_0515.wav
Pa_0516.wav,Pa,1.0,16000,0.075895,0.35849,D:\STUPEN\Heartz\data-science\dataset\clean\Pa\Pa_0516.wav
Pa_0517.wav,Pa,1.0,16000,0.077974,0.395355,D:\STUPEN\Heartz\data-science\dataset\clean\Pa\Pa_0517.wav
Pa_0518.wav,Pa,1.0,16000,0.08,0.370544,D:\STUPEN\Heartz\data-science\dataset\clean\Pa\Pa_0518.wav
Pa_0519.wav,Pa,1.0,16000,0.08,0.36908,D:\STUPEN\Heartz\data-science\dataset\clean\Pa\Pa_0519.wav
Pa_0520.wav,Pa,1.0,16000,0.077974,0.389648,D:\STUPEN\Heartz\data-science\dataset\clean\Pa\Pa_0520.wav
Pa_0521.wav,Pa,1.0,16000,0.077974,0.414368,D:\STUPEN\Heartz\data-science\dataset\clean\Pa\Pa_0521.wav
Pa_0522.wav,Pa,1.0,16000,0.08,0.388123,D:\STUPEN\Heartz\data-science\dataset\clean\Pa\Pa_0522.wav
Pa_0523.wav,Pa,1.0,16000,0.073756,0.438934,D:\STUPEN\Heartz\data-science\dataset\clean\Pa\Pa_0523.wav
Pa_0524.wav,Pa,1.0,16000,0.073756,0.461884,D:\STUPEN\Heartz\data-science\dataset\clean\Pa\Pa_0524.wav
Pa_0525.wav,Pa,1.0,16000,0.075895,0.400909,D:\STUPEN\Heartz\data-science\dataset\clean\Pa\Pa_0525.wav
Pa_0526.wav,Pa,1.0,16000,0.077974,0.39801,D:\STUPEN\Heartz\data-science\dataset\clean\Pa\Pa_0526.wav
Pa_0527.wav,Pa,1.0,16000,0.075895,0.408569,D:\STUPEN\Heartz\data-science\dataset\clean\Pa\Pa_0527.wav
Pa_0528.wav,Pa,1.0,16000,0.077974,0.411438,D:\STUPEN\Heartz\data-science\dataset\clean\Pa\Pa_0528.wav
Pa_0529.wav,Pa,1.0,16000,0.077974,0.411957,D:\STUPEN\Heartz\data-science\dataset\clean\Pa\Pa_0529.wav
Pa_0530.wav,Pa,1.0,16000,0.077974,0.424744,D:\STUPEN\Heartz\data-science\dataset\clean\Pa\Pa_0530.wav
Pa_0531.wav,Pa,1.0,16000,0.073756,0.366364,D:\STUPEN\Heartz\data-science\dataset\clean\Pa\Pa_0531.wav
Pa_0532.wav,Pa,1.0,16000,0.075895,0.324677,D:\STUPEN\Heartz\data-science\dataset\clean\Pa\Pa_0532.wav
Pa_0533.wav,Pa,1.0,16000,0.075895,0.37323,D:\STUPEN\Heartz\data-science\dataset\clean\Pa\Pa_0533.wav
Pa_0534.wav,Pa,1.0,16000,0.071554,0.485168,D:\STUPEN\Heartz\data-science\dataset\clean\Pa\Pa_0534.wav
Pa_0535.wav,Pa,1.0,16000,0.069282,0.437683,D:\STUPEN\Heartz\data-science\dataset\clean\Pa\Pa_0535.wav
Pa_0536.wav,Pa,1.0,16000,0.069282,0.443481,D:\STUPEN\Heartz\data-science\dataset\clean\Pa\Pa_0536.wav
Pa_0537.wav,Pa,1.0,16000,0.073756,0.424774,D:\STUPEN\Heartz\data-science\dataset\clean\Pa\Pa_0537.wav
Pa_0538.wav,Pa,1.0,16000,0.071554,0.418152,D:\STUPEN\Heartz\data-science\dataset\clean\Pa\Pa_0538.wav
Pa_0539.wav,Pa,1.0,16000,0.075895,0.378571,D:\STUPEN\Heartz\data-science\dataset\clean\Pa\Pa_0539.wav
Pa_0540.wav,Pa,1.0,16000,0.073756,0.386322,D:\STUPEN\Heartz\data-science\dataset\clean\Pa\Pa_0540.wav
Pa_0541.wav,Pa,1.0,16000,0.077974,0.39389,D:\STUPEN\Heartz\data-science\dataset\clean\Pa\Pa_0541.wav
Pa_0542.wav,Pa,1.0,16000,0.073756,0.407867,D:\STUPEN\Heartz\data-science\dataset\clean\Pa\Pa_0542.wav
Pa_0543.wav,Pa,1.0,16000,0.073756,0.383026,D:\STUPEN\Heartz\data-science\dataset\clean\Pa\Pa_0543.wav
Pa_0544.wav,Pa,1.0,16000,0.071554,0.438721,D:\STUPEN\Heartz\data-science\dataset\clean\Pa\Pa_0544.wav
Pa_0545.wav,Pa,1.0,16000,0.073756,0.378143,D:\STUPEN\Heartz\data-science\dataset\clean\Pa\Pa_0545.wav
Pa_0546.wav,Pa,1.0,16000,0.069282,0.333038,D:\STUPEN\Heartz\data-science\dataset\clean\Pa\Pa_0546.wav
Pa_0547.wav,Pa,1.0,16000,0.073756,0.32663,D:\STUPEN\Heartz\data-science\dataset\clean\Pa\Pa_0547.wav
Pa_0548.wav,Pa,1.0,16000,0.075895,0.329254,D:\STUPEN\Heartz\data-science\dataset\clean\Pa\Pa_0548.wav
Pa_0549.wav,Pa,1.0,16000,0.073756,0.379425,D:\STUPEN\Heartz\data-science\dataset\clean\Pa\Pa_0549.wav
Pa_0550.wav,Pa,1.0,16000,0.073756,0.392212,D:\STUPEN\Heartz\data-science\dataset\clean\Pa\Pa_0550.wav
Pa_0551.wav,Pa,1.0,16000,0.075895,0.37735,D:\STUPEN\Heartz\data-science\dataset\clean\Pa\Pa_0551.wav
Pa_0552.wav,Pa,1.0,16000,0.071554,0.362244,D:\STUPEN\Heartz\data-science\dataset\clean\Pa\Pa_0552.wav
Pa_0553.wav,Pa,1.0,16000,0.073756,0.437347,D:\STUPEN\Heartz\data-science\dataset\clean\Pa\Pa_0553.wav
Pa_0554.wav,Pa,1.0,16000,0.075895,0.433075,D:\STUPEN\Heartz\data-science\dataset\clean\Pa\Pa_0554.wav
Pa_0555.wav,Pa,1.0,16000,0.073756,0.340668,D:\STUPEN\Heartz\data-science\dataset\clean\Pa\Pa_0555.wav
Pa_0556.wav,Pa,1.0,16000,0.075895,0.319122,D:\STUPEN\Heartz\data-science\dataset\clean\Pa\Pa_0556.wav
Pa_0557.wav,Pa,1.0,16000,0.073756,0.425812,D:\STUPEN\Heartz\data-science\dataset\clean\Pa\Pa_0557.wav
Pa_0558.wav,Pa,1.0,16000,0.077974,0.3638,D:\STUPEN\Heartz\data-science\dataset\clean\Pa\Pa_0558.wav
Pa_0559.wav,Pa,1.0,16000,0.077974,0.35141,D:\STUPEN\Heartz\data-science\dataset\clean\Pa\Pa_0559.wav
Pa_0560.wav,Pa,1.0,16000,0.077974,0.328369,D:\STUPEN\Heartz\data-science\dataset\clean\Pa\Pa_0560.wav
Pa_0561.wav,Pa,1.0,16000,0.08,0.288513,D:\STUPEN\Heartz\data-science\dataset\clean\Pa\Pa_0561.wav
Pa_0562.wav,Pa,1.0,16000,0.075895,0.365875,D:\STUPEN\Heartz\data-science\dataset\clean\Pa\Pa_0562.wav
Pa_0563.wav,Pa,1.0,16000,0.073756,0.412354,D:\STUPEN\Heartz\data-science\dataset\clean\Pa\Pa_0563.wav
Pa_0564.wav,Pa,1.0,16000,0.075895,0.380188,D:\STUPEN\Heartz\data-science\dataset\clean\Pa\Pa_0564.wav
Pa_0565.wav,Pa,1.0,16000,0.075895,0.426147,D:\STUPEN\Heartz\data-science\dataset\clean\Pa\Pa_0565.wav
Pa_0566.wav,Pa,1.0,16000,0.077974,0.391418,D:\STUPEN\Heartz\data-science\dataset\clean\Pa\Pa_0566.wav
Pa_0567.wav,Pa,1.0,16000,0.075895,0.41272,D:\STUPEN\Heartz\data-science\dataset\clean\Pa\Pa_0567.wav
Pa_0568.wav,Pa,1.0,16000,0.075895,0.470306,D:\STUPEN\Heartz\data-science\dataset\clean\Pa\Pa_0568.wav
Pa_0569.wav,Pa,1.0,16000,0.075895,0.394928,D:\STUPEN\Heartz\data-science\dataset\clean\Pa\Pa_0569.wav
Pa_0570.wav,Pa,1.0,16000,0.073756,0.37796,D:\STUPEN\Heartz\data-science\dataset\clean\Pa\Pa_0570.wav
Pa_0571.wav,Pa,1.0,16000,0.075895,0.369781,D:\STUPEN\Heartz\data-science\dataset\clean\Pa\Pa_0571.wav
Pa_0572.wav,Pa,1.0,16000,0.077974,0.422943,D:\STUPEN\Heartz\data-science\dataset\clean\Pa\Pa_0572.wav
Pa_0573.wav,Pa,1.0,16000,0.077974,0.406311,D:\STUPEN\Heartz\data-science\dataset\clean\Pa\Pa_0573.wav
Pa_0574.wav,Pa,1.0,16000,0.077974,0.352631,D:\STUPEN\Heartz\data-science\dataset\clean\Pa\Pa_0574.wav
Pa_0575.wav,Pa,1.0,16000,0.075895,0.371155,D:\STUPEN\Heartz\data-science\dataset\clean\Pa\Pa_0575.wav
Pa_0576.wav,Pa,1.0,16000,0.075895,0.418488,D:\STUPEN\Heartz\data-science\dataset\clean\Pa\Pa_0576.wav
Pa_0577.wav,Pa,1.0,16000,0.075895,0.375092,D:\STUPEN\Heartz\data-science\dataset\clean\Pa\Pa_0577.wav
Pa_0578.wav,Pa,1.0,16000,0.075895,0.386078,D:\STUPEN\Heartz\data-science\dataset\clean\Pa\Pa_0578.wav
Pa_0579.wav,Pa,1.0,16000,0.073756,0.380585,D:\STUPEN\Heartz\data-science\dataset\clean\Pa\Pa_0579.wav
Pa_0580.wav,Pa,1.0,16000,0.071554,0.437592,D:\STUPEN\Heartz\data-science\dataset\clean\Pa\Pa_0580.wav
Pa_0581.wav,Pa,1.0,16000,0.069282,0.36084,D:\STUPEN\Heartz\data-science\dataset\clean\Pa\Pa_0581.wav
Pa_0582.wav,Pa,1.0,16000,0.071554,0.354218,D:\STUPEN\Heartz\data-science\dataset\clean\Pa\Pa_0582.wav
Pa_0583.wav,Pa,1.0,16000,0.075895,0.381073,D:\STUPEN\Heartz\data-science\dataset\clean\Pa\Pa_0583.wav
Pa_0584.wav,Pa,1.0,16000,0.073756,0.369141,D:\STUPEN\Heartz\data-science\dataset\clean\Pa\Pa_0584.wav
Pa_0585.wav,Pa,1.0,16000,0.073756,0.385345,D:\STUPEN\Heartz\data-science\dataset\clean\Pa\Pa_0585.wav
Pa_0586.wav,Pa,1.0,16000,0.073756,0.393677,D:\STUPEN\Heartz\data-science\dataset\clean\Pa\Pa_0586.wav
Pa_0587.wav,Pa,1.0,16000,0.073756,0.361237,D:\STUPEN\Heartz\data-science\dataset\clean\Pa\Pa_0587.wav
Pa_0588.wav,Pa,1.0,16000,0.077974,0.383514,D:\STUPEN\Heartz\data-science\dataset\clean\Pa\Pa_0588.wav
Pa_0589.wav,Pa,1.0,16000,0.077974,0.401764,D:\STUPEN\Heartz\data-science\dataset\clean\Pa\Pa_0589.wav
Pa_0590.wav,Pa,1.0,16000,0.075895,0.372681,D:\STUPEN\Heartz\data-science\dataset\clean\Pa\Pa_0590.wav
Pa_0591.wav,Pa,1.0,16000,0.077974,0.393036,D:\STUPEN\Heartz\data-science\dataset\clean\Pa\Pa_0591.wav
Pa_0592.wav,Pa,1.0,16000,0.075895,0.399384,D:\STUPEN\Heartz\data-science\dataset\clean\Pa\Pa_0592.wav
Pa_0593.wav,Pa,1.0,16000,0.077974,0.359344,D:\STUPEN\Heartz\data-science\dataset\clean\Pa\Pa_0593.wav
Pa_0594.wav,Pa,1.0,16000,0.08,0.332916,D:\STUPEN\Heartz\data-science\dataset\clean\Pa\Pa_0594.wav
Pa_0595.wav,Pa,1.0,16000,0.081975,0.319672,D:\STUPEN\Heartz\data-science\dataset\clean\Pa\Pa_0595.wav
Pa_0596.wav,Pa,1.0,16000,0.077974,0.419128,D:\STUPEN\Heartz\data-science\dataset\clean\Pa\Pa_0596.wav
Pa_0597.wav,Pa,1.0,16000,0.077974,0.409485,D:\STUPEN\Heartz\data-science\dataset\clean\Pa\Pa_0597.wav
Pa_0598.wav,Pa,1.0,16000,0.077974,0.36731,D:\STUPEN\Heartz\data-science\dataset\clean\Pa\Pa_0598.wav
Pa_0599.wav,Pa,1.0,16000,0.077974,0.406952,D:\STUPEN\Heartz\data-science\dataset\clean\Pa\Pa_0599.wav
Pa_0600.wav,Pa,1.0,16000,0.071554,0.381287,D:\STUPEN\Heartz\data-science\dataset\clean\Pa\Pa_0600.wav
Pa_0601.wav,Pa,1.0,16000,0.073756,0.37146,D:\STUPEN\Heartz\data-science\dataset\clean\Pa\Pa_0601.wav
Pa_0602.wav,Pa,1.0,16000,0.077974,0.378357,D:\STUPEN\Heartz\data-science\dataset\clean\Pa\Pa_0602.wav
Pa_0603.wav,Pa,1.0,16000,0.077974,0.368317,D:\STUPEN\Heartz\data-science\dataset\clean\Pa\Pa_0603.wav
Pa_0604.wav,Pa,1.0,16000,0.077974,0.411896,D:\STUPEN\Heartz\data-science\dataset\clean\Pa\Pa_0604.wav
Pa_0605.wav,Pa,1.0,16000,0.077974,0.392761,D:\STUPEN\Heartz\data-science\dataset\clean\Pa\Pa_0605.wav
Pa_0606.wav,Pa,1.0,16000,0.075895,0.373627,D:\STUPEN\Heartz\data-science\dataset\clean\Pa\Pa_0606.wav
Pa_0607.wav,Pa,1.0,16000,0.077974,0.367279,D:\STUPEN\Heartz\data-science\dataset\clean\Pa\Pa_0607.wav
Pa_0608.wav,Pa,1.0,16000,0.077974,0.358124,D:\STUPEN\Heartz\data-science\dataset\clean\Pa\Pa_0608.wav
Pa_0609.wav,Pa,1.0,16000,0.077974,0.352661,D:\STUPEN\Heartz\data-science\dataset\clean\Pa\Pa_0609.wav
Pa_0610.wav,Pa,1.0,16000,0.077974,0.462677,D:\STUPEN\Heartz\data-science\dataset\clean\Pa\Pa_0610.wav
Pa_0611.wav,Pa,1.0,16000,0.077974,0.413757,D:\STUPEN\Heartz\data-science\dataset\clean\Pa\Pa_0611.wav
Pa_0612.wav,Pa,1.0,16000,0.075895,0.398743,D:\STUPEN\Heartz\data-science\dataset\clean\Pa\Pa_0612.wav
Pa_0613.wav,Pa,1.0,16000,0.073756,0.379517,D:\STUPEN\Heartz\data-science\dataset\clean\Pa\Pa_0613.wav
Pa_0614.wav,Pa,1.0,16000,0.073756,0.400299,D:\STUPEN\Heartz\data-science\dataset\clean\Pa\Pa_0614.wav
Pa_0615.wav,Pa,1.0,16000,0.071554,0.420013,D:\STUPEN\Heartz\data-science\dataset\clean\Pa\Pa_0615.wav
Pa_0616.wav,Pa,1.0,16000,0.075895,0.429749,D:\STUPEN\Heartz\data-science\dataset\clean\Pa\Pa_0616.wav
Pa_0617.wav,Pa,1.0,16000,0.073756,0.418182,D:\STUPEN\Heartz\data-science\dataset\clean\Pa\Pa_0617.wav
Pa_0618.wav,Pa,1.0,16000,0.071554,0.388519,D:\STUPEN\Heartz\data-science\dataset\clean\Pa\Pa_0618.wav
Pa_0619.wav,Pa,1.0,16000,0.075895,0.411713,D:\STUPEN\Heartz\data-science\dataset\clean\Pa\Pa_0619.wav
Pa_0620.wav,Pa,1.0,16000,0.075895,0.439087,D:\STUPEN\Heartz\data-science\dataset\clean\Pa\Pa_0620.wav
Pa_0621.wav,Pa,1.0,16000,0.071554,0.405151,D:\STUPEN\Heartz\data-science\dataset\clean\Pa\Pa_0621.wav
Pa_0622.wav,Pa,1.0,16000,0.075895,0.377441,D:\STUPEN\Heartz\data-science\dataset\clean\Pa\Pa_0622.wav
Pa_0623.wav,Pa,1.0,16000,0.075895,0.390808,D:\STUPEN\Heartz\data-science\dataset\clean\Pa\Pa_0623.wav
Pa_0624.wav,Pa,1.0,16000,0.077974,0.399139,D:\STUPEN\Heartz\data-science\dataset\clean\Pa\Pa_0624.wav
Pa_0625.wav,Pa,1.0,16000,0.077974,0.390198,D:\STUPEN\Heartz\data-science\dataset\clean\Pa\Pa_0625.wav
Pa_0626.wav,Pa,1.0,16000,0.077974,0.394562,D:\STUPEN\Heartz\data-science\dataset\clean\Pa\Pa_0626.wav
Pa_0627.wav,Pa,1.0,16000,0.077974,0.408478,D:\STUPEN\Heartz\data-science\dataset\clean\Pa\Pa_0627.wav
Pa_0628.wav,Pa,1.0,16000,0.075895,0.411163,D:\STUPEN\Heartz\data-science\dataset\clean\Pa\Pa_0628.wav
Pa_0629.wav,Pa,1.0,16000,0.075895,0.433502,D:\STUPEN\Heartz\data-science\dataset\clean\Pa\Pa_0629.wav
Pa_0630.wav,Pa,1.0,16000,0.075895,0.403442,D:\STUPEN\Heartz\data-science\dataset\clean\Pa\Pa_0630.wav
Pa_0631.wav,Pa,1.0,16000,0.08,0.394958,D:\STUPEN\Heartz\data-science\dataset\clean\Pa\Pa_0631.wav
Pa_0632.wav,Pa,1.0,16000,0.075895,0.40567,D:\STUPEN\Heartz\data-science\dataset\clean\Pa\Pa_0632.wav
Pa_0633.wav,Pa,1.0,16000,0.075895,0.397614,D:\STUPEN\Heartz\data-science\dataset\clean\Pa\Pa_0633.wav
Pa_0634.wav,Pa,1.0,16000,0.077974,0.430878,D:\STUPEN\Heartz\data-science\dataset\clean\Pa\Pa_0634.wav
Pa_0635.wav,Pa,1.0,16000,0.077974,0.408936,D:\STUPEN\Heartz\data-science\dataset\clean\Pa\Pa_0635.wav
Pa_0636.wav,Pa,1.0,16000,0.077974,0.409729,D:\STUPEN\Heartz\data-science\dataset\clean\Pa\Pa_0636.wav
Pa_0637.wav,Pa,1.0,16000,0.075895,0.401733,D:\STUPEN\Heartz\data-science\dataset\clean\Pa\Pa_0637.wav
Pa_0638.wav,Pa,1.0,16000,0.069282,0.391907,D:\STUPEN\Heartz\data-science\dataset\clean\Pa\Pa_0638.wav
Pa_0639.wav,Pa,1.0,16000,0.073756,0.389069,D:\STUPEN\Heartz\data-science\dataset\clean\Pa\Pa_0639.wav
Pa_0640.wav,Pa,1.0,16000,0.075895,0.39035,D:\STUPEN\Heartz\data-science\dataset\clean\Pa\Pa_0640.wav
Pa_0641.wav,Pa,1.0,16000,0.075895,0.403412,D:\STUPEN\Heartz\data-science\dataset\clean\Pa\Pa_0641.wav
Pa_0642.wav,Pa,1.0,16000,0.073756,0.376617,D:\STUPEN\Heartz\data-science\dataset\clean\Pa\Pa_0642.wav
Pa_0643.wav,Pa,1.0,16000,0.073756,0.356842,D:\STUPEN\Heartz\data-science\dataset\clean\Pa\Pa_0643.wav
Pa_0644.wav,Pa,1.0,16000,0.075895,0.348846,D:\STUPEN\Heartz\data-science\dataset\clean\Pa\Pa_0644.wav
Pa_0645.wav,Pa,1.0,16000,0.075895,0.399689,D:\STUPEN\Heartz\data-science\dataset\clean\Pa\Pa_0645.wav
Pa_0646.wav,Pa,1.0,16000,0.073756,0.407654,D:\STUPEN\Heartz\data-science\dataset\clean\Pa\Pa_0646.wav
Pa_0647.wav,Pa,1.0,16000,0.073756,0.407318,D:\STUPEN\Heartz\data-science\dataset\clean\Pa\Pa_0647.wav
Pa_0648.wav,Pa,1.0,16000,0.075895,0.396484,D:\STUPEN\Heartz\data-science\dataset\clean\Pa\Pa_0648.wav
Pa_0649.wav,Pa,1.0,16000,0.073756,0.403778,D:\STUPEN\Heartz\data-science\dataset\clean\Pa\Pa_0649.wav
Pa_0650.wav,Pa,1.0,16000,0.073756,0.410767,D:\STUPEN\Heartz\data-science\dataset\clean\Pa\Pa_0650.wav
Pa_0651.wav,Pa,1.0,16000,0.075895,0.394592,D:\STUPEN\Heartz\data-science\dataset\clean\Pa\Pa_0651.wav
Pa_0652.wav,Pa,1.0,16000,0.073756,0.420929,D:\STUPEN\Heartz\data-science\dataset\clean\Pa\Pa_0652.wav
Pa_0653.wav,Pa,1.0,16000,0.075895,0.427307,D:\STUPEN\Heartz\data-science\dataset\clean\Pa\Pa_0653.wav
Pa_0654.wav,Pa,1.0,16000,0.071554,0.421143,D:\STUPEN\Heartz\data-science\dataset\clean\Pa\Pa_0654.wav
Pa_0655.wav,Pa,1.0,16000,0.075895,0.411377,D:\STUPEN\Heartz\data-science\dataset\clean\Pa\Pa_0655.wav
Pa_0656.wav,Pa,1.0,16000,0.066933,0.427246,D:\STUPEN\Heartz\data-science\dataset\clean\Pa\Pa_0656.wav
Pe_0001.wav,Pe,1.0,16000,0.073756,0.558533,D:\STUPEN\Heartz\data-science\dataset\clean\Pe\Pe_0001.wav
Pe_0002.wav,Pe,1.0,16000,0.066933,0.597382,D:\STUPEN\Heartz\data-science\dataset\clean\Pe\Pe_0002.wav
Pe_0003.wav,Pe,1.0,16000,0.066933,0.789276,D:\STUPEN\Heartz\data-science\dataset\clean\Pe\Pe_0003.wav
Pe_0004.wav,Pe,1.0,16000,0.071554,0.58313,D:\STUPEN\Heartz\data-science\dataset\clean\Pe\Pe_0004.wav
Pe_0005.wav,Pe,1.0,16000,0.071554,0.663025,D:\STUPEN\Heartz\data-science\dataset\clean\Pe\Pe_0005.wav
Pe_0006.wav,Pe,1.0,16000,0.069282,0.744385,D:\STUPEN\Heartz\data-science\dataset\clean\Pe\Pe_0006.wav
Pe_0007.wav,Pe,1.0,16000,0.071554,0.78653,D:\STUPEN\Heartz\data-science\dataset\clean\Pe\Pe_0007.wav
Pe_0008.wav,Pe,1.0,16000,0.073756,0.762146,D:\STUPEN\Heartz\data-science\dataset\clean\Pe\Pe_0008.wav
Pe_0009.wav,Pe,1.0,16000,0.066933,0.941437,D:\STUPEN\Heartz\data-science\dataset\clean\Pe\Pe_0009.wav
Pe_0010.wav,Pe,1.0,16000,0.073756,0.743958,D:\STUPEN\Heartz\data-science\dataset\clean\Pe\Pe_0010.wav
Pe_0011.wav,Pe,1.0,16000,0.066933,0.887604,D:\STUPEN\Heartz\data-science\dataset\clean\Pe\Pe_0011.wav
Pe_0012.wav,Pe,1.0,16000,0.073756,0.908569,D:\STUPEN\Heartz\data-science\dataset\clean\Pe\Pe_0012.wav
Pe_0013.wav,Pe,1.0,16000,0.073756,0.746063,D:\STUPEN\Heartz\data-science\dataset\clean\Pe\Pe_0013.wav
Pe_0014.wav,Pe,1.0,16000,0.071554,0.576965,D:\STUPEN\Heartz\data-science\dataset\clean\Pe\Pe_0014.wav
Pe_0015.wav,Pe,1.0,16000,0.075895,0.635406,D:\STUPEN\Heartz\data-science\dataset\clean\Pe\Pe_0015.wav
Pe_0016.wav,Pe,1.0,16000,0.061968,0.852325,D:\STUPEN\Heartz\data-science\dataset\clean\Pe\Pe_0016.wav
Pe_0017.wav,Pe,1.0,16000,0.069282,0.807281,D:\STUPEN\Heartz\data-science\dataset\clean\Pe\Pe_0017.wav
Pe_0018.wav,Pe,1.0,16000,0.073756,0.950012,D:\STUPEN\Heartz\data-science\dataset\clean\Pe\Pe_0018.wav
Pe_0019.wav,Pe,1.0,16000,0.069282,0.589447,D:\STUPEN\Heartz\data-science\dataset\clean\Pe\Pe_0019.wav
Pe_0020.wav,Pe,1.0,16000,0.066933,0.702972,D:\STUPEN\Heartz\data-science\dataset\clean\Pe\Pe_0020.wav
Pe_0021.wav,Pe,1.0,16000,0.066933,0.505524,D:\STUPEN\Heartz\data-science\dataset\clean\Pe\Pe_0021.wav
Pe_0022.wav,Pe,1.0,16000,0.073756,0.836609,D:\STUPEN\Heartz\data-science\dataset\clean\Pe\Pe_0022.wav
Pe_0023.wav,Pe,1.0,16000,0.066933,0.836884,D:\STUPEN\Heartz\data-science\dataset\clean\Pe\Pe_0023.wav
Pe_0024.wav,Pe,1.0,16000,0.069282,0.84726,D:\STUPEN\Heartz\data-science\dataset\clean\Pe\Pe_0024.wav
Pe_0025.wav,Pe,1.0,16000,0.066933,0.749451,D:\STUPEN\Heartz\data-science\dataset\clean\Pe\Pe_0025.wav
Pe_0026.wav,Pe,1.0,16000,0.071554,0.941895,D:\STUPEN\Heartz\data-science\dataset\clean\Pe\Pe_0026.wav
Pe_0027.wav,Pe,1.0,16000,0.069282,0.896484,D:\STUPEN\Heartz\data-science\dataset\clean\Pe\Pe_0027.wav
Pe_0028.wav,Pe,1.0,16000,0.065219,0.98999,D:\STUPEN\Heartz\data-science\dataset\clean\Pe\Pe_0028.wav
Pe_0029.wav,Pe,1.0,16000,0.061505,0.98999,D:\STUPEN\Heartz\data-science\dataset\clean\Pe\Pe_0029.wav
Pe_0030.wav,Pe,1.0,16000,0.066933,0.857361,D:\STUPEN\Heartz\data-science\dataset\clean\Pe\Pe_0030.wav
Pe_0031.wav,Pe,1.0,16000,0.069282,0.741669,D:\STUPEN\Heartz\data-science\dataset\clean\Pe\Pe_0031.wav
Pe_0032.wav,Pe,1.0,16000,0.066933,0.817841,D:\STUPEN\Heartz\data-science\dataset\clean\Pe\Pe_0032.wav
Pe_0033.wav,Pe,1.0,16000,0.073756,0.691101,D:\STUPEN\Heartz\data-science\dataset\clean\Pe\Pe_0033.wav
Pe_0034.wav,Pe,1.0,16000,0.069282,0.861572,D:\STUPEN\Heartz\data-science\dataset\clean\Pe\Pe_0034.wav
Pe_0035.wav,Pe,1.0,16000,0.071554,0.710266,D:\STUPEN\Heartz\data-science\dataset\clean\Pe\Pe_0035.wav
Pe_0036.wav,Pe,1.0,16000,0.066933,0.832642,D:\STUPEN\Heartz\data-science\dataset\clean\Pe\Pe_0036.wav
Pe_0037.wav,Pe,1.0,16000,0.066933,0.797546,D:\STUPEN\Heartz\data-science\dataset\clean\Pe\Pe_0037.wav
Pe_0038.wav,Pe,1.0,16000,0.069282,0.940796,D:\STUPEN\Heartz\data-science\dataset\clean\Pe\Pe_0038.wav
Pe_0039.wav,Pe,1.0,16000,0.073756,0.731171,D:\STUPEN\Heartz\data-science\dataset\clean\Pe\Pe_0039.wav
Pe_0040.wav,Pe,1.0,16000,0.068444,0.98999,D:\STUPEN\Heartz\data-science\dataset\clean\Pe\Pe_0040.wav
Pe_0041.wav,Pe,1.0,16000,0.069282,0.828918,D:\STUPEN\Heartz\data-science\dataset\clean\Pe\Pe_0041.wav
Pe_0042.wav,Pe,1.0,16000,0.073272,0.98999,D:\STUPEN\Heartz\data-science\dataset\clean\Pe\Pe_0042.wav
Pe_0043.wav,Pe,1.0,16000,0.066933,0.912994,D:\STUPEN\Heartz\data-science\dataset\clean\Pe\Pe_0043.wav
Pe_0044.wav,Pe,1.0,16000,0.077974,0.718903,D:\STUPEN\Heartz\data-science\dataset\clean\Pe\Pe_0044.wav
Pe_0045.wav,Pe,1.0,16000,0.066933,0.655914,D:\STUPEN\Heartz\data-science\dataset\clean\Pe\Pe_0045.wav
Pe_0046.wav,Pe,1.0,16000,0.071554,0.727875,D:\STUPEN\Heartz\data-science\dataset\clean\Pe\Pe_0046.wav
Pe_0047.wav,Pe,1.0,16000,0.066933,0.733459,D:\STUPEN\Heartz\data-science\dataset\clean\Pe\Pe_0047.wav
Pe_0048.wav,Pe,1.0,16000,0.064498,0.76062,D:\STUPEN\Heartz\data-science\dataset\clean\Pe\Pe_0048.wav
Pe_0049.wav,Pe,1.0,16000,0.071554,0.74234,D:\STUPEN\Heartz\data-science\dataset\clean\Pe\Pe_0049.wav
Pe_0050.wav,Pe,1.0,16000,0.069282,0.61676,D:\STUPEN\Heartz\data-science\dataset\clean\Pe\Pe_0050.wav
Pe_0051.wav,Pe,1.0,16000,0.069282,0.578461,D:\STUPEN\Heartz\data-science\dataset\clean\Pe\Pe_0051.wav
Pe_0052.wav,Pe,1.0,16000,0.064498,0.881104,D:\STUPEN\Heartz\data-science\dataset\clean\Pe\Pe_0052.wav
Pe_0053.wav,Pe,1.0,16000,0.053844,0.990021,D:\STUPEN\Heartz\data-science\dataset\clean\Pe\Pe_0053.wav
Pe_0054.wav,Pe,1.0,16000,0.066933,0.598633,D:\STUPEN\Heartz\data-science\dataset\clean\Pe\Pe_0054.wav
Pe_0055.wav,Pe,1.0,16000,0.056565,0.990021,D:\STUPEN\Heartz\data-science\dataset\clean\Pe\Pe_0055.wav
Pe_0056.wav,Pe,1.0,16000,0.066933,0.681061,D:\STUPEN\Heartz\data-science\dataset\clean\Pe\Pe_0056.wav
Pe_0057.wav,Pe,1.0,16000,0.066493,0.990021,D:\STUPEN\Heartz\data-science\dataset\clean\Pe\Pe_0057.wav
Pe_0058.wav,Pe,1.0,16000,0.069282,0.828644,D:\STUPEN\Heartz\data-science\dataset\clean\Pe\Pe_0058.wav
Pe_0059.wav,Pe,1.0,16000,0.066933,0.884003,D:\STUPEN\Heartz\data-science\dataset\clean\Pe\Pe_0059.wav
Pe_0060.wav,Pe,1.0,16000,0.066933,0.87854,D:\STUPEN\Heartz\data-science\dataset\clean\Pe\Pe_0060.wav
Pe_0061.wav,Pe,1.0,16000,0.050655,0.98999,D:\STUPEN\Heartz\data-science\dataset\clean\Pe\Pe_0061.wav
Pe_0062.wav,Pe,1.0,16000,0.073756,0.858093,D:\STUPEN\Heartz\data-science\dataset\clean\Pe\Pe_0062.wav
Pe_0063.wav,Pe,1.0,16000,0.066518,0.990021,D:\STUPEN\Heartz\data-science\dataset\clean\Pe\Pe_0063.wav
Pe_0064.wav,Pe,1.0,16000,0.069282,0.786804,D:\STUPEN\Heartz\data-science\dataset\clean\Pe\Pe_0064.wav
Pe_0065.wav,Pe,1.0,16000,0.0613,0.990021,D:\STUPEN\Heartz\data-science\dataset\clean\Pe\Pe_0065.wav
Pe_0066.wav,Pe,1.0,16000,0.073756,0.731781,D:\STUPEN\Heartz\data-science\dataset\clean\Pe\Pe_0066.wav
Pe_0067.wav,Pe,1.0,16000,0.069282,0.583954,D:\STUPEN\Heartz\data-science\dataset\clean\Pe\Pe_0067.wav
Pe_0068.wav,Pe,1.0,16000,0.045802,0.990021,D:\STUPEN\Heartz\data-science\dataset\clean\Pe\Pe_0068.wav
Pe_0069.wav,Pe,1.0,16000,0.061968,0.862335,D:\STUPEN\Heartz\data-science\dataset\clean\Pe\Pe_0069.wav
Pe_0070.wav,Pe,1.0,16000,0.077974,0.810486,D:\STUPEN\Heartz\data-science\dataset\clean\Pe\Pe_0070.wav
Pe_0071.wav,Pe,1.0,16000,0.08,0.518402,D:\STUPEN\Heartz\data-science\dataset\clean\Pe\Pe_0071.wav
Pe_0072.wav,Pe,1.0,16000,0.077974,0.459991,D:\STUPEN\Heartz\data-science\dataset\clean\Pe\Pe_0072.wav
Pe_0073.wav,Pe,1.0,16000,0.073756,0.536011,D:\STUPEN\Heartz\data-science\dataset\clean\Pe\Pe_0073.wav
Pe_0074.wav,Pe,1.0,16000,0.071554,0.712585,D:\STUPEN\Heartz\data-science\dataset\clean\Pe\Pe_0074.wav
Pe_0075.wav,Pe,1.0,16000,0.066957,0.990021,D:\STUPEN\Heartz\data-science\dataset\clean\Pe\Pe_0075.wav
Pe_0076.wav,Pe,1.0,16000,0.059308,0.990021,D:\STUPEN\Heartz\data-science\dataset\clean\Pe\Pe_0076.wav
Pe_0077.wav,Pe,1.0,16000,0.059026,0.98999,D:\STUPEN\Heartz\data-science\dataset\clean\Pe\Pe_0077.wav
Pe_0078.wav,Pe,1.0,16000,0.075895,0.744446,D:\STUPEN\Heartz\data-science\dataset\clean\Pe\Pe_0078.wav
Pe_0079.wav,Pe,1.0,16000,0.064322,0.990021,D:\STUPEN\Heartz\data-science\dataset\clean\Pe\Pe_0079.wav
Pe_0080.wav,Pe,1.0,16000,0.061968,0.816925,D:\STUPEN\Heartz\data-science\dataset\clean\Pe\Pe_0080.wav
Pe_0081.wav,Pe,1.0,16000,0.066933,0.664215,D:\STUPEN\Heartz\data-science\dataset\clean\Pe\Pe_0081.wav
Pe_0082.wav,Pe,1.0,16000,0.065703,0.990021,D:\STUPEN\Heartz\data-science\dataset\clean\Pe\Pe_0082.wav
Pe_0083.wav,Pe,1.0,16000,0.064498,0.666992,D:\STUPEN\Heartz\data-science\dataset\clean\Pe\Pe_0083.wav
Pe_0084.wav,Pe,1.0,16000,0.052505,0.990021,D:\STUPEN\Heartz\data-science\dataset\clean\Pe\Pe_0084.wav
Pe_0085.wav,Pe,1.0,16000,0.077974,0.690704,D:\STUPEN\Heartz\data-science\dataset\clean\Pe\Pe_0085.wav
Pe_0086.wav,Pe,1.0,16000,0.066933,0.835052,D:\STUPEN\Heartz\data-science\dataset\clean\Pe\Pe_0086.wav
Pe_0087.wav,Pe,1.0,16000,0.063967,0.98999,D:\STUPEN\Heartz\data-science\dataset\clean\Pe\Pe_0087.wav
Pe_0088.wav,Pe,1.0,16000,0.054436,0.98999,D:\STUPEN\Heartz\data-science\dataset\clean\Pe\Pe_0088.wav
Pe_0089.wav,Pe,1.0,16000,0.047053,0.990021,D:\STUPEN\Heartz\data-science\dataset\clean\Pe\Pe_0089.wav
Pe_0090.wav,Pe,1.0,16000,0.071554,0.507355,D:\STUPEN\Heartz\data-science\dataset\clean\Pe\Pe_0090.wav
Pe_0091.wav,Pe,1.0,16000,0.069282,0.495544,D:\STUPEN\Heartz\data-science\dataset\clean\Pe\Pe_0091.wav
Pe_0092.wav,Pe,1.0,16000,0.071554,0.533295,D:\STUPEN\Heartz\data-science\dataset\clean\Pe\Pe_0092.wav
Pe_0093.wav,Pe,1.0,16000,0.071554,0.529175,D:\STUPEN\Heartz\data-science\dataset\clean\Pe\Pe_0093.wav
Pe_0094.wav,Pe,1.0,16000,0.075895,0.721893,D:\STUPEN\Heartz\data-science\dataset\clean\Pe\Pe_0094.wav
Pe_0095.wav,Pe,1.0,16000,0.075895,0.569397,D:\STUPEN\Heartz\data-science\dataset\clean\Pe\Pe_0095.wav
Pe_0096.wav,Pe,1.0,16000,0.071554,0.74115,D:\STUPEN\Heartz\data-science\dataset\clean\Pe\Pe_0096.wav
Pe_0097.wav,Pe,1.0,16000,0.066933,0.43866,D:\STUPEN\Heartz\data-science\dataset\clean\Pe\Pe_0097.wav
Pe_0098.wav,Pe,1.0,16000,0.073068,0.98999,D:\STUPEN\Heartz\data-science\dataset\clean\Pe\Pe_0098.wav
Pe_0099.wav,Pe,1.0,16000,0.069282,0.525574,D:\STUPEN\Heartz\data-science\dataset\clean\Pe\Pe_0099.wav
Pe_0100.wav,Pe,1.0,16000,0.061852,0.990021,D:\STUPEN\Heartz\data-science\dataset\clean\Pe\Pe_0100.wav
Pe_0101.wav,Pe,1.0,16000,0.071554,0.903687,D:\STUPEN\Heartz\data-science\dataset\clean\Pe\Pe_0101.wav
Pe_0102.wav,Pe,1.0,16000,0.064759,0.990021,D:\STUPEN\Heartz\data-science\dataset\clean\Pe\Pe_0102.wav
Pe_0103.wav,Pe,1.0,16000,0.05908,0.990021,D:\STUPEN\Heartz\data-science\dataset\clean\Pe\Pe_0103.wav
Pe_0104.wav,Pe,1.0,16000,0.071554,0.528961,D:\STUPEN\Heartz\data-science\dataset\clean\Pe\Pe_0104.wav
Pe_0105.wav,Pe,1.0,16000,0.059174,0.98999,D:\STUPEN\Heartz\data-science\dataset\clean\Pe\Pe_0105.wav
Pe_0106.wav,Pe,1.0,16000,0.069282,0.509918,D:\STUPEN\Heartz\data-science\dataset\clean\Pe\Pe_0106.wav
Pe_0107.wav,Pe,1.0,16000,0.069282,0.92511,D:\STUPEN\Heartz\data-science\dataset\clean\Pe\Pe_0107.wav
Pe_0108.wav,Pe,1.0,16000,0.065689,0.990021,D:\STUPEN\Heartz\data-science\dataset\clean\Pe\Pe_0108.wav
Pe_0109.wav,Pe,1.0,16000,0.047611,0.990021,D:\STUPEN\Heartz\data-science\dataset\clean\Pe\Pe_0109.wav
Pe_0110.wav,Pe,1.0,16000,0.071554,0.623352,D:\STUPEN\Heartz\data-science\dataset\clean\Pe\Pe_0110.wav
Pe_0111.wav,Pe,1.0,16000,0.075895,0.588257,D:\STUPEN\Heartz\data-science\dataset\clean\Pe\Pe_0111.wav
Pe_0112.wav,Pe,1.0,16000,0.073756,0.547974,D:\STUPEN\Heartz\data-science\dataset\clean\Pe\Pe_0112.wav
Pe_0113.wav,Pe,1.0,16000,0.064498,0.514648,D:\STUPEN\Heartz\data-science\dataset\clean\Pe\Pe_0113.wav
Pe_0114.wav,Pe,1.0,16000,0.075895,0.464325,D:\STUPEN\Heartz\data-science\dataset\clean\Pe\Pe_0114.wav
Pe_0115.wav,Pe,1.0,16000,0.071554,0.676392,D:\STUPEN\Heartz\data-science\dataset\clean\Pe\Pe_0115.wav
Pe_0116.wav,Pe,1.0,16000,0.069282,0.553253,D:\STUPEN\Heartz\data-science\dataset\clean\Pe\Pe_0116.wav
Pe_0117.wav,Pe,1.0,16000,0.073756,0.766174,D:\STUPEN\Heartz\data-science\dataset\clean\Pe\Pe_0117.wav
Pe_0118.wav,Pe,1.0,16000,0.071554,0.687317,D:\STUPEN\Heartz\data-science\dataset\clean\Pe\Pe_0118.wav
Pe_0119.wav,Pe,1.0,16000,0.071554,0.47049,D:\STUPEN\Heartz\data-science\dataset\clean\Pe\Pe_0119.wav
Pe_0120.wav,Pe,1.0,16000,0.069282,0.507324,D:\STUPEN\Heartz\data-science\dataset\clean\Pe\Pe_0120.wav
Pe_0121.wav,Pe,1.0,16000,0.073756,0.558533,D:\STUPEN\Heartz\data-science\dataset\clean\Pe\Pe_0121.wav
Pe_0122.wav,Pe,1.0,16000,0.066933,0.597382,D:\STUPEN\Heartz\data-science\dataset\clean\Pe\Pe_0122.wav
Pe_0123.wav,Pe,1.0,16000,0.066933,0.789276,D:\STUPEN\Heartz\data-science\dataset\clean\Pe\Pe_0123.wav
Pe_0124.wav,Pe,1.0,16000,0.071554,0.58313,D:\STUPEN\Heartz\data-science\dataset\clean\Pe\Pe_0124.wav
Pe_0125.wav,Pe,1.0,16000,0.071554,0.663025,D:\STUPEN\Heartz\data-science\dataset\clean\Pe\Pe_0125.wav
Pe_0126.wav,Pe,1.0,16000,0.069282,0.744385,D:\STUPEN\Heartz\data-science\dataset\clean\Pe\Pe_0126.wav
Pe_0127.wav,Pe,1.0,16000,0.071554,0.78653,D:\STUPEN\Heartz\data-science\dataset\clean\Pe\Pe_0127.wav
Pe_0128.wav,Pe,1.0,16000,0.073756,0.762146,D:\STUPEN\Heartz\data-science\dataset\clean\Pe\Pe_0128.wav
Pe_0129.wav,Pe,1.0,16000,0.066933,0.941437,D:\STUPEN\Heartz\data-science\dataset\clean\Pe\Pe_0129.wav
Pe_0130.wav,Pe,1.0,16000,0.073756,0.743958,D:\STUPEN\Heartz\data-science\dataset\clean\Pe\Pe_0130.wav
Pe_0131.wav,Pe,1.0,16000,0.066933,0.887604,D:\STUPEN\Heartz\data-science\dataset\clean\Pe\Pe_0131.wav
Pe_0132.wav,Pe,1.0,16000,0.073756,0.908569,D:\STUPEN\Heartz\data-science\dataset\clean\Pe\Pe_0132.wav
Pe_0133.wav,Pe,1.0,16000,0.073756,0.746063,D:\STUPEN\Heartz\data-science\dataset\clean\Pe\Pe_0133.wav
Pe_0134.wav,Pe,1.0,16000,0.071554,0.576965,D:\STUPEN\Heartz\data-science\dataset\clean\Pe\Pe_0134.wav
Pe_0135.wav,Pe,1.0,16000,0.075895,0.635406,D:\STUPEN\Heartz\data-science\dataset\clean\Pe\Pe_0135.wav
Pe_0136.wav,Pe,1.0,16000,0.061968,0.852325,D:\STUPEN\Heartz\data-science\dataset\clean\Pe\Pe_0136.wav
Pe_0137.wav,Pe,1.0,16000,0.069282,0.807281,D:\STUPEN\Heartz\data-science\dataset\clean\Pe\Pe_0137.wav
Pe_0138.wav,Pe,1.0,16000,0.073756,0.950012,D:\STUPEN\Heartz\data-science\dataset\clean\Pe\Pe_0138.wav
Pe_0139.wav,Pe,1.0,16000,0.069282,0.589447,D:\STUPEN\Heartz\data-science\dataset\clean\Pe\Pe_0139.wav
Pe_0140.wav,Pe,1.0,16000,0.066933,0.702972,D:\STUPEN\Heartz\data-science\dataset\clean\Pe\Pe_0140.wav
Pe_0141.wav,Pe,1.0,16000,0.066933,0.505524,D:\STUPEN\Heartz\data-science\dataset\clean\Pe\Pe_0141.wav
Pe_0142.wav,Pe,1.0,16000,0.073756,0.836609,D:\STUPEN\Heartz\data-science\dataset\clean\Pe\Pe_0142.wav
Pe_0143.wav,Pe,1.0,16000,0.066933,0.836884,D:\STUPEN\Heartz\data-science\dataset\clean\Pe\Pe_0143.wav
Pe_0144.wav,Pe,1.0,16000,0.069282,0.84726,D:\STUPEN\Heartz\data-science\dataset\clean\Pe\Pe_0144.wav
Pe_0145.wav,Pe,1.0,16000,0.066933,0.749451,D:\STUPEN\Heartz\data-science\dataset\clean\Pe\Pe_0145.wav
Pe_0146.wav,Pe,1.0,16000,0.071554,0.941895,D:\STUPEN\Heartz\data-science\dataset\clean\Pe\Pe_0146.wav
Pe_0147.wav,Pe,1.0,16000,0.069282,0.896484,D:\STUPEN\Heartz\data-science\dataset\clean\Pe\Pe_0147.wav
Pe_0148.wav,Pe,1.0,16000,0.065219,0.98999,D:\STUPEN\Heartz\data-science\dataset\clean\Pe\Pe_0148.wav
Pe_0149.wav,Pe,1.0,16000,0.061505,0.98999,D:\STUPEN\Heartz\data-science\dataset\clean\Pe\Pe_0149.wav
Pe_0150.wav,Pe,1.0,16000,0.066933,0.857361,D:\STUPEN\Heartz\data-science\dataset\clean\Pe\Pe_0150.wav
Pe_0151.wav,Pe,1.0,16000,0.069282,0.741669,D:\STUPEN\Heartz\data-science\dataset\clean\Pe\Pe_0151.wav
Pe_0152.wav,Pe,1.0,16000,0.066933,0.817841,D:\STUPEN\Heartz\data-science\dataset\clean\Pe\Pe_0152.wav
Pe_0153.wav,Pe,1.0,16000,0.073756,0.691101,D:\STUPEN\Heartz\data-science\dataset\clean\Pe\Pe_0153.wav
Pe_0154.wav,Pe,1.0,16000,0.069282,0.861572,D:\STUPEN\Heartz\data-science\dataset\clean\Pe\Pe_0154.wav
Pe_0155.wav,Pe,1.0,16000,0.071554,0.710266,D:\STUPEN\Heartz\data-science\dataset\clean\Pe\Pe_0155.wav
Pe_0156.wav,Pe,1.0,16000,0.066933,0.832642,D:\STUPEN\Heartz\data-science\dataset\clean\Pe\Pe_0156.wav
Pe_0157.wav,Pe,1.0,16000,0.066933,0.797546,D:\STUPEN\Heartz\data-science\dataset\clean\Pe\Pe_0157.wav
Pe_0158.wav,Pe,1.0,16000,0.069282,0.940796,D:\STUPEN\Heartz\data-science\dataset\clean\Pe\Pe_0158.wav
Pe_0159.wav,Pe,1.0,16000,0.073756,0.731171,D:\STUPEN\Heartz\data-science\dataset\clean\Pe\Pe_0159.wav
Pe_0160.wav,Pe,1.0,16000,0.068444,0.98999,D:\STUPEN\Heartz\data-science\dataset\clean\Pe\Pe_0160.wav
Pe_0161.wav,Pe,1.0,16000,0.069282,0.828918,D:\STUPEN\Heartz\data-science\dataset\clean\Pe\Pe_0161.wav
Pe_0162.wav,Pe,1.0,16000,0.073272,0.98999,D:\STUPEN\Heartz\data-science\dataset\clean\Pe\Pe_0162.wav
Pe_0163.wav,Pe,1.0,16000,0.066933,0.912994,D:\STUPEN\Heartz\data-science\dataset\clean\Pe\Pe_0163.wav
Pe_0164.wav,Pe,1.0,16000,0.077974,0.718903,D:\STUPEN\Heartz\data-science\dataset\clean\Pe\Pe_0164.wav
Pe_0165.wav,Pe,1.0,16000,0.066933,0.655914,D:\STUPEN\Heartz\data-science\dataset\clean\Pe\Pe_0165.wav
Pe_0166.wav,Pe,1.0,16000,0.071554,0.727875,D:\STUPEN\Heartz\data-science\dataset\clean\Pe\Pe_0166.wav
Pe_0167.wav,Pe,1.0,16000,0.066933,0.733459,D:\STUPEN\Heartz\data-science\dataset\clean\Pe\Pe_0167.wav
Pe_0168.wav,Pe,1.0,16000,0.064498,0.76062,D:\STUPEN\Heartz\data-science\dataset\clean\Pe\Pe_0168.wav
Pe_0169.wav,Pe,1.0,16000,0.071554,0.74234,D:\STUPEN\Heartz\data-science\dataset\clean\Pe\Pe_0169.wav
Pe_0170.wav,Pe,1.0,16000,0.069282,0.61676,D:\STUPEN\Heartz\data-science\dataset\clean\Pe\Pe_0170.wav
Pe_0171.wav,Pe,1.0,16000,0.069282,0.578461,D:\STUPEN\Heartz\data-science\dataset\clean\Pe\Pe_0171.wav
Pe_0172.wav,Pe,1.0,16000,0.064498,0.881104,D:\STUPEN\Heartz\data-science\dataset\clean\Pe\Pe_0172.wav
Pe_0173.wav,Pe,1.0,16000,0.053844,0.990021,D:\STUPEN\Heartz\data-science\dataset\clean\Pe\Pe_0173.wav
Pe_0174.wav,Pe,1.0,16000,0.066933,0.598633,D:\STUPEN\Heartz\data-science\dataset\clean\Pe\Pe_0174.wav
Pe_0175.wav,Pe,1.0,16000,0.056565,0.990021,D:\STUPEN\Heartz\data-science\dataset\clean\Pe\Pe_0175.wav
Pe_0176.wav,Pe,1.0,16000,0.066933,0.681061,D:\STUPEN\Heartz\data-science\dataset\clean\Pe\Pe_0176.wav
Pe_0177.wav,Pe,1.0,16000,0.066493,0.990021,D:\STUPEN\Heartz\data-science\dataset\clean\Pe\Pe_0177.wav
Pe_0178.wav,Pe,1.0,16000,0.069282,0.828644,D:\STUPEN\Heartz\data-science\dataset\clean\Pe\Pe_0178.wav
Pe_0179.wav,Pe,1.0,16000,0.066933,0.884003,D:\STUPEN\Heartz\data-science\dataset\clean\Pe\Pe_0179.wav
Pe_0180.wav,Pe,1.0,16000,0.066933,0.87854,D:\STUPEN\Heartz\data-science\dataset\clean\Pe\Pe_0180.wav
Pe_0181.wav,Pe,1.0,16000,0.050655,0.98999,D:\STUPEN\Heartz\data-science\dataset\clean\Pe\Pe_0181.wav
Pe_0182.wav,Pe,1.0,16000,0.073756,0.858093,D:\STUPEN\Heartz\data-science\dataset\clean\Pe\Pe_0182.wav
Pe_0183.wav,Pe,1.0,16000,0.066518,0.990021,D:\STUPEN\Heartz\data-science\dataset\clean\Pe\Pe_0183.wav
Pe_0184.wav,Pe,1.0,16000,0.069282,0.786804,D:\STUPEN\Heartz\data-science\dataset\clean\Pe\Pe_0184.wav
Pe_0185.wav,Pe,1.0,16000,0.0613,0.990021,D:\STUPEN\Heartz\data-science\dataset\clean\Pe\Pe_0185.wav
Pe_0186.wav,Pe,1.0,16000,0.073756,0.731781,D:\STUPEN\Heartz\data-science\dataset\clean\Pe\Pe_0186.wav
Pe_0187.wav,Pe,1.0,16000,0.069282,0.583954,D:\STUPEN\Heartz\data-science\dataset\clean\Pe\Pe_0187.wav
Pe_0188.wav,Pe,1.0,16000,0.045802,0.990021,D:\STUPEN\Heartz\data-science\dataset\clean\Pe\Pe_0188.wav
Pe_0189.wav,Pe,1.0,16000,0.061968,0.862335,D:\STUPEN\Heartz\data-science\dataset\clean\Pe\Pe_0189.wav
Pe_0190.wav,Pe,1.0,16000,0.077974,0.810486,D:\STUPEN\Heartz\data-science\dataset\clean\Pe\Pe_0190.wav
Pe_0191.wav,Pe,1.0,16000,0.08,0.518402,D:\STUPEN\Heartz\data-science\dataset\clean\Pe\Pe_0191.wav
Pe_0192.wav,Pe,1.0,16000,0.077974,0.459991,D:\STUPEN\Heartz\data-science\dataset\clean\Pe\Pe_0192.wav
Pe_0193.wav,Pe,1.0,16000,0.073756,0.536011,D:\STUPEN\Heartz\data-science\dataset\clean\Pe\Pe_0193.wav
Pe_0194.wav,Pe,1.0,16000,0.071554,0.712585,D:\STUPEN\Heartz\data-science\dataset\clean\Pe\Pe_0194.wav
Pe_0195.wav,Pe,1.0,16000,0.066957,0.990021,D:\STUPEN\Heartz\data-science\dataset\clean\Pe\Pe_0195.wav
Pe_0196.wav,Pe,1.0,16000,0.059308,0.990021,D:\STUPEN\Heartz\data-science\dataset\clean\Pe\Pe_0196.wav
Pe_0197.wav,Pe,1.0,16000,0.059026,0.98999,D:\STUPEN\Heartz\data-science\dataset\clean\Pe\Pe_0197.wav
Pe_0198.wav,Pe,1.0,16000,0.075895,0.744446,D:\STUPEN\Heartz\data-science\dataset\clean\Pe\Pe_0198.wav
Pe_0199.wav,Pe,1.0,16000,0.064322,0.990021,D:\STUPEN\Heartz\data-science\dataset\clean\Pe\Pe_0199.wav
Pe_0200.wav,Pe,1.0,16000,0.061968,0.816925,D:\STUPEN\Heartz\data-science\dataset\clean\Pe\Pe_0200.wav
Pe_0201.wav,Pe,1.0,16000,0.066933,0.664215,D:\STUPEN\Heartz\data-science\dataset\clean\Pe\Pe_0201.wav
Pe_0202.wav,Pe,1.0,16000,0.065703,0.990021,D:\STUPEN\Heartz\data-science\dataset\clean\Pe\Pe_0202.wav
Pe_0203.wav,Pe,1.0,16000,0.064498,0.666992,D:\STUPEN\Heartz\data-science\dataset\clean\Pe\Pe_0203.wav
Pe_0204.wav,Pe,1.0,16000,0.052505,0.990021,D:\STUPEN\Heartz\data-science\dataset\clean\Pe\Pe_0204.wav
Pe_0205.wav,Pe,1.0,16000,0.077974,0.690704,D:\STUPEN\Heartz\data-science\dataset\clean\Pe\Pe_0205.wav
Pe_0206.wav,Pe,1.0,16000,0.066933,0.835052,D:\STUPEN\Heartz\data-science\dataset\clean\Pe\Pe_0206.wav
Pe_0207.wav,Pe,1.0,16000,0.063967,0.98999,D:\STUPEN\Heartz\data-science\dataset\clean\Pe\Pe_0207.wav
Pe_0208.wav,Pe,1.0,16000,0.054436,0.98999,D:\STUPEN\Heartz\data-science\dataset\clean\Pe\Pe_0208.wav
Pe_0209.wav,Pe,1.0,16000,0.047053,0.990021,D:\STUPEN\Heartz\data-science\dataset\clean\Pe\Pe_0209.wav
Pe_0210.wav,Pe,1.0,16000,0.071554,0.507355,D:\STUPEN\Heartz\data-science\dataset\clean\Pe\Pe_0210.wav
Pe_0211.wav,Pe,1.0,16000,0.069282,0.495544,D:\STUPEN\Heartz\data-science\dataset\clean\Pe\Pe_0211.wav
Pe_0212.wav,Pe,1.0,16000,0.071554,0.533295,D:\STUPEN\Heartz\data-science\dataset\clean\Pe\Pe_0212.wav
Pe_0213.wav,Pe,1.0,16000,0.071554,0.529175,D:\STUPEN\Heartz\data-science\dataset\clean\Pe\Pe_0213.wav
Pe_0214.wav,Pe,1.0,16000,0.075895,0.721893,D:\STUPEN\Heartz\data-science\dataset\clean\Pe\Pe_0214.wav
Pe_0215.wav,Pe,1.0,16000,0.075895,0.569397,D:\STUPEN\Heartz\data-science\dataset\clean\Pe\Pe_0215.wav
Pe_0216.wav,Pe,1.0,16000,0.071554,0.74115,D:\STUPEN\Heartz\data-science\dataset\clean\Pe\Pe_0216.wav
Pe_0217.wav,Pe,1.0,16000,0.066933,0.43866,D:\STUPEN\Heartz\data-science\dataset\clean\Pe\Pe_0217.wav
Pe_0218.wav,Pe,1.0,16000,0.073068,0.98999,D:\STUPEN\Heartz\data-science\dataset\clean\Pe\Pe_0218.wav
Pe_0219.wav,Pe,1.0,16000,0.069282,0.525574,D:\STUPEN\Heartz\data-science\dataset\clean\Pe\Pe_0219.wav
Pe_0220.wav,Pe,1.0,16000,0.061852,0.990021,D:\STUPEN\Heartz\data-science\dataset\clean\Pe\Pe_0220.wav
Pe_0221.wav,Pe,1.0,16000,0.071554,0.903687,D:\STUPEN\Heartz\data-science\dataset\clean\Pe\Pe_0221.wav
Pe_0222.wav,Pe,1.0,16000,0.064759,0.990021,D:\STUPEN\Heartz\data-science\dataset\clean\Pe\Pe_0222.wav
Pe_0223.wav,Pe,1.0,16000,0.05908,0.990021,D:\STUPEN\Heartz\data-science\dataset\clean\Pe\Pe_0223.wav
Pe_0224.wav,Pe,1.0,16000,0.071554,0.528961,D:\STUPEN\Heartz\data-science\dataset\clean\Pe\Pe_0224.wav
Pe_0225.wav,Pe,1.0,16000,0.059174,0.98999,D:\STUPEN\Heartz\data-science\dataset\clean\Pe\Pe_0225.wav
Pe_0226.wav,Pe,1.0,16000,0.069282,0.509918,D:\STUPEN\Heartz\data-science\dataset\clean\Pe\Pe_0226.wav
Pe_0227.wav,Pe,1.0,16000,0.069282,0.92511,D:\STUPEN\Heartz\data-science\dataset\clean\Pe\Pe_0227.wav
Pe_0228.wav,Pe,1.0,16000,0.065689,0.990021,D:\STUPEN\Heartz\data-science\dataset\clean\Pe\Pe_0228.wav
Pe_0229.wav,Pe,1.0,16000,0.047611,0.990021,D:\STUPEN\Heartz\data-science\dataset\clean\Pe\Pe_0229.wav
Pe_0230.wav,Pe,1.0,16000,0.071554,0.623352,D:\STUPEN\Heartz\data-science\dataset\clean\Pe\Pe_0230.wav
Pe_0231.wav,Pe,1.0,16000,0.075895,0.588257,D:\STUPEN\Heartz\data-science\dataset\clean\Pe\Pe_0231.wav
Pe_0232.wav,Pe,1.0,16000,0.073756,0.547974,D:\STUPEN\Heartz\data-science\dataset\clean\Pe\Pe_0232.wav
Pe_0233.wav,Pe,1.0,16000,0.064498,0.514648,D:\STUPEN\Heartz\data-science\dataset\clean\Pe\Pe_0233.wav
Pe_0234.wav,Pe,1.0,16000,0.075895,0.464325,D:\STUPEN\Heartz\data-science\dataset\clean\Pe\Pe_0234.wav
Pe_0235.wav,Pe,1.0,16000,0.071554,0.676392,D:\STUPEN\Heartz\data-science\dataset\clean\Pe\Pe_0235.wav
Pe_0236.wav,Pe,1.0,16000,0.069282,0.553253,D:\STUPEN\Heartz\data-science\dataset\clean\Pe\Pe_0236.wav
Pe_0237.wav,Pe,1.0,16000,0.073756,0.766174,D:\STUPEN\Heartz\data-science\dataset\clean\Pe\Pe_0237.wav
Pe_0238.wav,Pe,1.0,16000,0.071554,0.687317,D:\STUPEN\Heartz\data-science\dataset\clean\Pe\Pe_0238.wav
Pe_0239.wav,Pe,1.0,16000,0.071554,0.47049,D:\STUPEN\Heartz\data-science\dataset\clean\Pe\Pe_0239.wav
Pe_0240.wav,Pe,1.0,16000,0.069282,0.507324,D:\STUPEN\Heartz\data-science\dataset\clean\Pe\Pe_0240.wav
Pe_0241.wav,Pe,1.0,16000,0.073756,0.558533,D:\STUPEN\Heartz\data-science\dataset\clean\Pe\Pe_0241.wav
Pe_0242.wav,Pe,1.0,16000,0.066933,0.597382,D:\STUPEN\Heartz\data-science\dataset\clean\Pe\Pe_0242.wav
Pe_0243.wav,Pe,1.0,16000,0.066933,0.789276,D:\STUPEN\Heartz\data-science\dataset\clean\Pe\Pe_0243.wav
Pe_0244.wav,Pe,1.0,16000,0.071554,0.58313,D:\STUPEN\Heartz\data-science\dataset\clean\Pe\Pe_0244.wav
Pe_0245.wav,Pe,1.0,16000,0.071554,0.663025,D:\STUPEN\Heartz\data-science\dataset\clean\Pe\Pe_0245.wav
Pe_0246.wav,Pe,1.0,16000,0.069282,0.744385,D:\STUPEN\Heartz\data-science\dataset\clean\Pe\Pe_0246.wav
Pe_0247.wav,Pe,1.0,16000,0.071554,0.78653,D:\STUPEN\Heartz\data-science\dataset\clean\Pe\Pe_0247.wav
Pe_0248.wav,Pe,1.0,16000,0.073756,0.762146,D:\STUPEN\Heartz\data-science\dataset\clean\Pe\Pe_0248.wav
Pe_0249.wav,Pe,1.0,16000,0.066933,0.941437,D:\STUPEN\Heartz\data-science\dataset\clean\Pe\Pe_0249.wav
Pe_0250.wav,Pe,1.0,16000,0.073756,0.743958,D:\STUPEN\Heartz\data-science\dataset\clean\Pe\Pe_0250.wav
Pe_0251.wav,Pe,1.0,16000,0.066933,0.887604,D:\STUPEN\Heartz\data-science\dataset\clean\Pe\Pe_0251.wav
Pe_0252.wav,Pe,1.0,16000,0.073756,0.908569,D:\STUPEN\Heartz\data-science\dataset\clean\Pe\Pe_0252.wav
Pe_0253.wav,Pe,1.0,16000,0.073756,0.746063,D:\STUPEN\Heartz\data-science\dataset\clean\Pe\Pe_0253.wav
Pe_0254.wav,Pe,1.0,16000,0.071554,0.576965,D:\STUPEN\Heartz\data-science\dataset\clean\Pe\Pe_0254.wav
Pe_0255.wav,Pe,1.0,16000,0.075895,0.635406,D:\STUPEN\Heartz\data-science\dataset\clean\Pe\Pe_0255.wav
Pe_0256.wav,Pe,1.0,16000,0.061968,0.852325,D:\STUPEN\Heartz\data-science\dataset\clean\Pe\Pe_0256.wav
Pe_0257.wav,Pe,1.0,16000,0.069282,0.807281,D:\STUPEN\Heartz\data-science\dataset\clean\Pe\Pe_0257.wav
Pe_0258.wav,Pe,1.0,16000,0.073756,0.950012,D:\STUPEN\Heartz\data-science\dataset\clean\Pe\Pe_0258.wav
Pe_0259.wav,Pe,1.0,16000,0.069282,0.589447,D:\STUPEN\Heartz\data-science\dataset\clean\Pe\Pe_0259.wav
Pe_0260.wav,Pe,1.0,16000,0.066933,0.702972,D:\STUPEN\Heartz\data-science\dataset\clean\Pe\Pe_0260.wav
Pe_0261.wav,Pe,1.0,16000,0.066933,0.505524,D:\STUPEN\Heartz\data-science\dataset\clean\Pe\Pe_0261.wav
Pe_0262.wav,Pe,1.0,16000,0.073756,0.836609,D:\STUPEN\Heartz\data-science\dataset\clean\Pe\Pe_0262.wav
Pe_0263.wav,Pe,1.0,16000,0.066933,0.836884,D:\STUPEN\Heartz\data-science\dataset\clean\Pe\Pe_0263.wav
Pe_0264.wav,Pe,1.0,16000,0.069282,0.84726,D:\STUPEN\Heartz\data-science\dataset\clean\Pe\Pe_0264.wav
Pe_0265.wav,Pe,1.0,16000,0.066933,0.749451,D:\STUPEN\Heartz\data-science\dataset\clean\Pe\Pe_0265.wav
Pe_0266.wav,Pe,1.0,16000,0.071554,0.941895,D:\STUPEN\Heartz\data-science\dataset\clean\Pe\Pe_0266.wav
Pe_0267.wav,Pe,1.0,16000,0.069282,0.896484,D:\STUPEN\Heartz\data-science\dataset\clean\Pe\Pe_0267.wav
Pe_0268.wav,Pe,1.0,16000,0.065219,0.98999,D:\STUPEN\Heartz\data-science\dataset\clean\Pe\Pe_0268.wav
Pe_0269.wav,Pe,1.0,16000,0.061505,0.98999,D:\STUPEN\Heartz\data-science\dataset\clean\Pe\Pe_0269.wav
Pe_0270.wav,Pe,1.0,16000,0.066933,0.857361,D:\STUPEN\Heartz\data-science\dataset\clean\Pe\Pe_0270.wav
Pe_0271.wav,Pe,1.0,16000,0.069282,0.741669,D:\STUPEN\Heartz\data-science\dataset\clean\Pe\Pe_0271.wav
Pe_0272.wav,Pe,1.0,16000,0.066933,0.817841,D:\STUPEN\Heartz\data-science\dataset\clean\Pe\Pe_0272.wav
Pe_0273.wav,Pe,1.0,16000,0.073756,0.691101,D:\STUPEN\Heartz\data-science\dataset\clean\Pe\Pe_0273.wav
Pe_0274.wav,Pe,1.0,16000,0.069282,0.861572,D:\STUPEN\Heartz\data-science\dataset\clean\Pe\Pe_0274.wav
Pe_0275.wav,Pe,1.0,16000,0.071554,0.710266,D:\STUPEN\Heartz\data-science\dataset\clean\Pe\Pe_0275.wav
Pe_0276.wav,Pe,1.0,16000,0.066933,0.832642,D:\STUPEN\Heartz\data-science\dataset\clean\Pe\Pe_0276.wav
Pe_0277.wav,Pe,1.0,16000,0.066933,0.797546,D:\STUPEN\Heartz\data-science\dataset\clean\Pe\Pe_0277.wav
Pe_0278.wav,Pe,1.0,16000,0.069282,0.940796,D:\STUPEN\Heartz\data-science\dataset\clean\Pe\Pe_0278.wav
Pe_0279.wav,Pe,1.0,16000,0.073756,0.731171,D:\STUPEN\Heartz\data-science\dataset\clean\Pe\Pe_0279.wav
Pe_0280.wav,Pe,1.0,16000,0.068444,0.98999,D:\STUPEN\Heartz\data-science\dataset\clean\Pe\Pe_0280.wav
Pe_0281.wav,Pe,1.0,16000,0.069282,0.828918,D:\STUPEN\Heartz\data-science\dataset\clean\Pe\Pe_0281.wav
Pe_0282.wav,Pe,1.0,16000,0.073272,0.98999,D:\STUPEN\Heartz\data-science\dataset\clean\Pe\Pe_0282.wav
Pe_0283.wav,Pe,1.0,16000,0.066933,0.912994,D:\STUPEN\Heartz\data-science\dataset\clean\Pe\Pe_0283.wav
Pe_0284.wav,Pe,1.0,16000,0.077974,0.718903,D:\STUPEN\Heartz\data-science\dataset\clean\Pe\Pe_0284.wav
Pe_0285.wav,Pe,1.0,16000,0.066933,0.655914,D:\STUPEN\Heartz\data-science\dataset\clean\Pe\Pe_0285.wav
Pe_0286.wav,Pe,1.0,16000,0.071554,0.727875,D:\STUPEN\Heartz\data-science\dataset\clean\Pe\Pe_0286.wav
Pe_0287.wav,Pe,1.0,16000,0.066933,0.733459,D:\STUPEN\Heartz\data-science\dataset\clean\Pe\Pe_0287.wav
Pe_0288.wav,Pe,1.0,16000,0.064498,0.76062,D:\STUPEN\Heartz\data-science\dataset\clean\Pe\Pe_0288.wav
Pe_0289.wav,Pe,1.0,16000,0.071554,0.74234,D:\STUPEN\Heartz\data-science\dataset\clean\Pe\Pe_0289.wav
Pe_0290.wav,Pe,1.0,16000,0.069282,0.61676,D:\STUPEN\Heartz\data-science\dataset\clean\Pe\Pe_0290.wav
Pe_0291.wav,Pe,1.0,16000,0.069282,0.578461,D:\STUPEN\Heartz\data-science\dataset\clean\Pe\Pe_0291.wav
Pe_0292.wav,Pe,1.0,16000,0.064498,0.881104,D:\STUPEN\Heartz\data-science\dataset\clean\Pe\Pe_0292.wav
Pe_0293.wav,Pe,1.0,16000,0.053844,0.990021,D:\STUPEN\Heartz\data-science\dataset\clean\Pe\Pe_0293.wav
Pe_0294.wav,Pe,1.0,16000,0.066933,0.598633,D:\STUPEN\Heartz\data-science\dataset\clean\Pe\Pe_0294.wav
Pe_0295.wav,Pe,1.0,16000,0.056565,0.990021,D:\STUPEN\Heartz\data-science\dataset\clean\Pe\Pe_0295.wav
Pe_0296.wav,Pe,1.0,16000,0.066933,0.681061,D:\STUPEN\Heartz\data-science\dataset\clean\Pe\Pe_0296.wav
Pe_0297.wav,Pe,1.0,16000,0.066493,0.990021,D:\STUPEN\Heartz\data-science\dataset\clean\Pe\Pe_0297.wav
Pe_0298.wav,Pe,1.0,16000,0.069282,0.828644,D:\STUPEN\Heartz\data-science\dataset\clean\Pe\Pe_0298.wav
Pe_0299.wav,Pe,1.0,16000,0.066933,0.884003,D:\STUPEN\Heartz\data-science\dataset\clean\Pe\Pe_0299.wav
Pe_0300.wav,Pe,1.0,16000,0.066933,0.87854,D:\STUPEN\Heartz\data-science\dataset\clean\Pe\Pe_0300.wav
Pe_0301.wav,Pe,1.0,16000,0.050655,0.98999,D:\STUPEN\Heartz\data-science\dataset\clean\Pe\Pe_0301.wav
Pe_0302.wav,Pe,1.0,16000,0.073756,0.858093,D:\STUPEN\Heartz\data-science\dataset\clean\Pe\Pe_0302.wav
Pe_0303.wav,Pe,1.0,16000,0.066518,0.990021,D:\STUPEN\Heartz\data-science\dataset\clean\Pe\Pe_0303.wav
Pe_0304.wav,Pe,1.0,16000,0.069282,0.786804,D:\STUPEN\Heartz\data-science\dataset\clean\Pe\Pe_0304.wav
Pe_0305.wav,Pe,1.0,16000,0.0613,0.990021,D:\STUPEN\Heartz\data-science\dataset\clean\Pe\Pe_0305.wav
Pe_0306.wav,Pe,1.0,16000,0.073756,0.731781,D:\STUPEN\Heartz\data-science\dataset\clean\Pe\Pe_0306.wav
Pe_0307.wav,Pe,1.0,16000,0.069282,0.583954,D:\STUPEN\Heartz\data-science\dataset\clean\Pe\Pe_0307.wav
Pe_0308.wav,Pe,1.0,16000,0.045802,0.990021,D:\STUPEN\Heartz\data-science\dataset\clean\Pe\Pe_0308.wav
Pe_0309.wav,Pe,1.0,16000,0.061968,0.862335,D:\STUPEN\Heartz\data-science\dataset\clean\Pe\Pe_0309.wav
Pe_0310.wav,Pe,1.0,16000,0.077974,0.810486,D:\STUPEN\Heartz\data-science\dataset\clean\Pe\Pe_0310.wav
Pe_0311.wav,Pe,1.0,16000,0.08,0.518402,D:\STUPEN\Heartz\data-science\dataset\clean\Pe\Pe_0311.wav
Pe_0312.wav,Pe,1.0,16000,0.077974,0.459991,D:\STUPEN\Heartz\data-science\dataset\clean\Pe\Pe_0312.wav
Pe_0313.wav,Pe,1.0,16000,0.073756,0.536011,D:\STUPEN\Heartz\data-science\dataset\clean\Pe\Pe_0313.wav
Pe_0314.wav,Pe,1.0,16000,0.071554,0.712585,D:\STUPEN\Heartz\data-science\dataset\clean\Pe\Pe_0314.wav
Pe_0315.wav,Pe,1.0,16000,0.066957,0.990021,D:\STUPEN\Heartz\data-science\dataset\clean\Pe\Pe_0315.wav
Pe_0316.wav,Pe,1.0,16000,0.059308,0.990021,D:\STUPEN\Heartz\data-science\dataset\clean\Pe\Pe_0316.wav
Pe_0317.wav,Pe,1.0,16000,0.059026,0.98999,D:\STUPEN\Heartz\data-science\dataset\clean\Pe\Pe_0317.wav
Pe_0318.wav,Pe,1.0,16000,0.075895,0.744446,D:\STUPEN\Heartz\data-science\dataset\clean\Pe\Pe_0318.wav
Pe_0319.wav,Pe,1.0,16000,0.064322,0.990021,D:\STUPEN\Heartz\data-science\dataset\clean\Pe\Pe_0319.wav
Pe_0320.wav,Pe,1.0,16000,0.061968,0.816925,D:\STUPEN\Heartz\data-science\dataset\clean\Pe\Pe_0320.wav
Pe_0321.wav,Pe,1.0,16000,0.066933,0.664215,D:\STUPEN\Heartz\data-science\dataset\clean\Pe\Pe_0321.wav
Pe_0322.wav,Pe,1.0,16000,0.065703,0.990021,D:\STUPEN\Heartz\data-science\dataset\clean\Pe\Pe_0322.wav
Pe_0323.wav,Pe,1.0,16000,0.064498,0.666992,D:\STUPEN\Heartz\data-science\dataset\clean\Pe\Pe_0323.wav
Pe_0324.wav,Pe,1.0,16000,0.052505,0.990021,D:\STUPEN\Heartz\data-science\dataset\clean\Pe\Pe_0324.wav
Pe_0325.wav,Pe,1.0,16000,0.077974,0.690704,D:\STUPEN\Heartz\data-science\dataset\clean\Pe\Pe_0325.wav
Pe_0326.wav,Pe,1.0,16000,0.066933,0.835052,D:\STUPEN\Heartz\data-science\dataset\clean\Pe\Pe_0326.wav
Pe_0327.wav,Pe,1.0,16000,0.063967,0.98999,D:\STUPEN\Heartz\data-science\dataset\clean\Pe\Pe_0327.wav
Pe_0328.wav,Pe,1.0,16000,0.054436,0.98999,D:\STUPEN\Heartz\data-science\dataset\clean\Pe\Pe_0328.wav
Pe_0329.wav,Pe,1.0,16000,0.047053,0.990021,D:\STUPEN\Heartz\data-science\dataset\clean\Pe\Pe_0329.wav
Pe_0330.wav,Pe,1.0,16000,0.071554,0.507355,D:\STUPEN\Heartz\data-science\dataset\clean\Pe\Pe_0330.wav
Pe_0331.wav,Pe,1.0,16000,0.069282,0.495544,D:\STUPEN\Heartz\data-science\dataset\clean\Pe\Pe_0331.wav
Pe_0332.wav,Pe,1.0,16000,0.071554,0.533295,D:\STUPEN\Heartz\data-science\dataset\clean\Pe\Pe_0332.wav
Pe_0333.wav,Pe,1.0,16000,0.071554,0.529175,D:\STUPEN\Heartz\data-science\dataset\clean\Pe\Pe_0333.wav
Pe_0334.wav,Pe,1.0,16000,0.075895,0.721893,D:\STUPEN\Heartz\data-science\dataset\clean\Pe\Pe_0334.wav
Pe_0335.wav,Pe,1.0,16000,0.075895,0.569397,D:\STUPEN\Heartz\data-science\dataset\clean\Pe\Pe_0335.wav
Pe_0336.wav,Pe,1.0,16000,0.071554,0.74115,D:\STUPEN\Heartz\data-science\dataset\clean\Pe\Pe_0336.wav
Pe_0337.wav,Pe,1.0,16000,0.066933,0.43866,D:\STUPEN\Heartz\data-science\dataset\clean\Pe\Pe_0337.wav
Pe_0338.wav,Pe,1.0,16000,0.073068,0.98999,D:\STUPEN\Heartz\data-science\dataset\clean\Pe\Pe_0338.wav
Pe_0339.wav,Pe,1.0,16000,0.069282,0.525574,D:\STUPEN\Heartz\data-science\dataset\clean\Pe\Pe_0339.wav
Pe_0340.wav,Pe,1.0,16000,0.061852,0.990021,D:\STUPEN\Heartz\data-science\dataset\clean\Pe\Pe_0340.wav
Pe_0341.wav,Pe,1.0,16000,0.071554,0.903687,D:\STUPEN\Heartz\data-science\dataset\clean\Pe\Pe_0341.wav
Pe_0342.wav,Pe,1.0,16000,0.064759,0.990021,D:\STUPEN\Heartz\data-science\dataset\clean\Pe\Pe_0342.wav
Pe_0343.wav,Pe,1.0,16000,0.05908,0.990021,D:\STUPEN\Heartz\data-science\dataset\clean\Pe\Pe_0343.wav
Pe_0344.wav,Pe,1.0,16000,0.071554,0.528961,D:\STUPEN\Heartz\data-science\dataset\clean\Pe\Pe_0344.wav
Pe_0345.wav,Pe,1.0,16000,0.059174,0.98999,D:\STUPEN\Heartz\data-science\dataset\clean\Pe\Pe_0345.wav
Pe_0346.wav,Pe,1.0,16000,0.069282,0.509918,D:\STUPEN\Heartz\data-science\dataset\clean\Pe\Pe_0346.wav
Pe_0347.wav,Pe,1.0,16000,0.069282,0.92511,D:\STUPEN\Heartz\data-science\dataset\clean\Pe\Pe_0347.wav
Pe_0348.wav,Pe,1.0,16000,0.065689,0.990021,D:\STUPEN\Heartz\data-science\dataset\clean\Pe\Pe_0348.wav
Pe_0349.wav,Pe,1.0,16000,0.047611,0.990021,D:\STUPEN\Heartz\data-science\dataset\clean\Pe\Pe_0349.wav
Pe_0350.wav,Pe,1.0,16000,0.071554,0.623352,D:\STUPEN\Heartz\data-science\dataset\clean\Pe\Pe_0350.wav
Pe_0351.wav,Pe,1.0,16000,0.075895,0.588257,D:\STUPEN\Heartz\data-science\dataset\clean\Pe\Pe_0351.wav
Pe_0352.wav,Pe,1.0,16000,0.073756,0.547974,D:\STUPEN\Heartz\data-science\dataset\clean\Pe\Pe_0352.wav
Pe_0353.wav,Pe,1.0,16000,0.064498,0.514648,D:\STUPEN\Heartz\data-science\dataset\clean\Pe\Pe_0353.wav
Pe_0354.wav,Pe,1.0,16000,0.075895,0.464325,D:\STUPEN\Heartz\data-science\dataset\clean\Pe\Pe_0354.wav
Pe_0355.wav,Pe,1.0,16000,0.071554,0.676392,D:\STUPEN\Heartz\data-science\dataset\clean\Pe\Pe_0355.wav
Pe_0356.wav,Pe,1.0,16000,0.069282,0.553253,D:\STUPEN\Heartz\data-science\dataset\clean\Pe\Pe_0356.wav
Pe_0357.wav,Pe,1.0,16000,0.073756,0.766174,D:\STUPEN\Heartz\data-science\dataset\clean\Pe\Pe_0357.wav
Pe_0358.wav,Pe,1.0,16000,0.071554,0.687317,D:\STUPEN\Heartz\data-science\dataset\clean\Pe\Pe_0358.wav
Pe_0359.wav,Pe,1.0,16000,0.071554,0.47049,D:\STUPEN\Heartz\data-science\dataset\clean\Pe\Pe_0359.wav
Pe_0360.wav,Pe,1.0,16000,0.069282,0.507324,D:\STUPEN\Heartz\data-science\dataset\clean\Pe\Pe_0360.wav
Pe_0361.wav,Pe,1.0,16000,0.073756,0.558533,D:\STUPEN\Heartz\data-science\dataset\clean\Pe\Pe_0361.wav
Pe_0362.wav,Pe,1.0,16000,0.066933,0.597382,D:\STUPEN\Heartz\data-science\dataset\clean\Pe\Pe_0362.wav
Pe_0363.wav,Pe,1.0,16000,0.066933,0.789276,D:\STUPEN\Heartz\data-science\dataset\clean\Pe\Pe_0363.wav
Pe_0364.wav,Pe,1.0,16000,0.071554,0.58313,D:\STUPEN\Heartz\data-science\dataset\clean\Pe\Pe_0364.wav
Pe_0365.wav,Pe,1.0,16000,0.071554,0.663025,D:\STUPEN\Heartz\data-science\dataset\clean\Pe\Pe_0365.wav
Pe_0366.wav,Pe,1.0,16000,0.069282,0.744385,D:\STUPEN\Heartz\data-science\dataset\clean\Pe\Pe_0366.wav
Pe_0367.wav,Pe,1.0,16000,0.071554,0.78653,D:\STUPEN\Heartz\data-science\dataset\clean\Pe\Pe_0367.wav
Pe_0368.wav,Pe,1.0,16000,0.073756,0.762146,D:\STUPEN\Heartz\data-science\dataset\clean\Pe\Pe_0368.wav
Pe_0369.wav,Pe,1.0,16000,0.066933,0.941437,D:\STUPEN\Heartz\data-science\dataset\clean\Pe\Pe_0369.wav
Pe_0370.wav,Pe,1.0,16000,0.073756,0.743958,D:\STUPEN\Heartz\data-science\dataset\clean\Pe\Pe_0370.wav
Pe_0371.wav,Pe,1.0,16000,0.066933,0.887604,D:\STUPEN\Heartz\data-science\dataset\clean\Pe\Pe_0371.wav
Pe_0372.wav,Pe,1.0,16000,0.073756,0.908569,D:\STUPEN\Heartz\data-science\dataset\clean\Pe\Pe_0372.wav
Pe_0373.wav,Pe,1.0,16000,0.073756,0.746063,D:\STUPEN\Heartz\data-science\dataset\clean\Pe\Pe_0373.wav
Pe_0374.wav,Pe,1.0,16000,0.071554,0.576965,D:\STUPEN\Heartz\data-science\dataset\clean\Pe\Pe_0374.wav
Pe_0375.wav,Pe,1.0,16000,0.075895,0.635406,D:\STUPEN\Heartz\data-science\dataset\clean\Pe\Pe_0375.wav
Pe_0376.wav,Pe,1.0,16000,0.061968,0.852325,D:\STUPEN\Heartz\data-science\dataset\clean\Pe\Pe_0376.wav
Pe_0377.wav,Pe,1.0,16000,0.069282,0.807281,D:\STUPEN\Heartz\data-science\dataset\clean\Pe\Pe_0377.wav
Pe_0378.wav,Pe,1.0,16000,0.073756,0.950012,D:\STUPEN\Heartz\data-science\dataset\clean\Pe\Pe_0378.wav
Pe_0379.wav,Pe,1.0,16000,0.069282,0.589447,D:\STUPEN\Heartz\data-science\dataset\clean\Pe\Pe_0379.wav
Pe_0380.wav,Pe,1.0,16000,0.066933,0.702972,D:\STUPEN\Heartz\data-science\dataset\clean\Pe\Pe_0380.wav
Pe_0381.wav,Pe,1.0,16000,0.066933,0.505524,D:\STUPEN\Heartz\data-science\dataset\clean\Pe\Pe_0381.wav
Pe_0382.wav,Pe,1.0,16000,0.073756,0.836609,D:\STUPEN\Heartz\data-science\dataset\clean\Pe\Pe_0382.wav
Pe_0383.wav,Pe,1.0,16000,0.066933,0.836884,D:\STUPEN\Heartz\data-science\dataset\clean\Pe\Pe_0383.wav
Pe_0384.wav,Pe,1.0,16000,0.069282,0.84726,D:\STUPEN\Heartz\data-science\dataset\clean\Pe\Pe_0384.wav
Pe_0385.wav,Pe,1.0,16000,0.066933,0.749451,D:\STUPEN\Heartz\data-science\dataset\clean\Pe\Pe_0385.wav
Pe_0386.wav,Pe,1.0,16000,0.071554,0.941895,D:\STUPEN\Heartz\data-science\dataset\clean\Pe\Pe_0386.wav
Pe_0387.wav,Pe,1.0,16000,0.069282,0.896484,D:\STUPEN\Heartz\data-science\dataset\clean\Pe\Pe_0387.wav
Pe_0388.wav,Pe,1.0,16000,0.065219,0.98999,D:\STUPEN\Heartz\data-science\dataset\clean\Pe\Pe_0388.wav
Pe_0389.wav,Pe,1.0,16000,0.061505,0.98999,D:\STUPEN\Heartz\data-science\dataset\clean\Pe\Pe_0389.wav
Pe_0390.wav,Pe,1.0,16000,0.066933,0.857361,D:\STUPEN\Heartz\data-science\dataset\clean\Pe\Pe_0390.wav
Pe_0391.wav,Pe,1.0,16000,0.069282,0.741669,D:\STUPEN\Heartz\data-science\dataset\clean\Pe\Pe_0391.wav
Pe_0392.wav,Pe,1.0,16000,0.066933,0.817841,D:\STUPEN\Heartz\data-science\dataset\clean\Pe\Pe_0392.wav
Pe_0393.wav,Pe,1.0,16000,0.073756,0.691101,D:\STUPEN\Heartz\data-science\dataset\clean\Pe\Pe_0393.wav
Pe_0394.wav,Pe,1.0,16000,0.069282,0.861572,D:\STUPEN\Heartz\data-science\dataset\clean\Pe\Pe_0394.wav
Pe_0395.wav,Pe,1.0,16000,0.071554,0.710266,D:\STUPEN\Heartz\data-science\dataset\clean\Pe\Pe_0395.wav
Pe_0396.wav,Pe,1.0,16000,0.066933,0.832642,D:\STUPEN\Heartz\data-science\dataset\clean\Pe\Pe_0396.wav
Pe_0397.wav,Pe,1.0,16000,0.066933,0.797546,D:\STUPEN\Heartz\data-science\dataset\clean\Pe\Pe_0397.wav
Pe_0398.wav,Pe,1.0,16000,0.069282,0.940796,D:\STUPEN\Heartz\data-science\dataset\clean\Pe\Pe_0398.wav
Pe_0399.wav,Pe,1.0,16000,0.073756,0.731171,D:\STUPEN\Heartz\data-science\dataset\clean\Pe\Pe_0399.wav
Pe_0400.wav,Pe,1.0,16000,0.068444,0.98999,D:\STUPEN\Heartz\data-science\dataset\clean\Pe\Pe_0400.wav
Pe_0401.wav,Pe,1.0,16000,0.069282,0.828918,D:\STUPEN\Heartz\data-science\dataset\clean\Pe\Pe_0401.wav
Pe_0402.wav,Pe,1.0,16000,0.073272,0.98999,D:\STUPEN\Heartz\data-science\dataset\clean\Pe\Pe_0402.wav
Pe_0403.wav,Pe,1.0,16000,0.066933,0.912994,D:\STUPEN\Heartz\data-science\dataset\clean\Pe\Pe_0403.wav
Pe_0404.wav,Pe,1.0,16000,0.077974,0.718903,D:\STUPEN\Heartz\data-science\dataset\clean\Pe\Pe_0404.wav
Pe_0405.wav,Pe,1.0,16000,0.066933,0.655914,D:\STUPEN\Heartz\data-science\dataset\clean\Pe\Pe_0405.wav
Pe_0406.wav,Pe,1.0,16000,0.071554,0.727875,D:\STUPEN\Heartz\data-science\dataset\clean\Pe\Pe_0406.wav
Pe_0407.wav,Pe,1.0,16000,0.066933,0.733459,D:\STUPEN\Heartz\data-science\dataset\clean\Pe\Pe_0407.wav
Pe_0408.wav,Pe,1.0,16000,0.064498,0.76062,D:\STUPEN\Heartz\data-science\dataset\clean\Pe\Pe_0408.wav
Pe_0409.wav,Pe,1.0,16000,0.071554,0.74234,D:\STUPEN\Heartz\data-science\dataset\clean\Pe\Pe_0409.wav
Pe_0410.wav,Pe,1.0,16000,0.069282,0.61676,D:\STUPEN\Heartz\data-science\dataset\clean\Pe\Pe_0410.wav
Pe_0411.wav,Pe,1.0,16000,0.069282,0.578461,D:\STUPEN\Heartz\data-science\dataset\clean\Pe\Pe_0411.wav
Pe_0412.wav,Pe,1.0,16000,0.064498,0.881104,D:\STUPEN\Heartz\data-science\dataset\clean\Pe\Pe_0412.wav
Pe_0413.wav,Pe,1.0,16000,0.053844,0.990021,D:\STUPEN\Heartz\data-science\dataset\clean\Pe\Pe_0413.wav
Pe_0414.wav,Pe,1.0,16000,0.066933,0.598633,D:\STUPEN\Heartz\data-science\dataset\clean\Pe\Pe_0414.wav
Pe_0415.wav,Pe,1.0,16000,0.056565,0.990021,D:\STUPEN\Heartz\data-science\dataset\clean\Pe\Pe_0415.wav
Pe_0416.wav,Pe,1.0,16000,0.066933,0.681061,D:\STUPEN\Heartz\data-science\dataset\clean\Pe\Pe_0416.wav
Pe_0417.wav,Pe,1.0,16000,0.066493,0.990021,D:\STUPEN\Heartz\data-science\dataset\clean\Pe\Pe_0417.wav
Pe_0418.wav,Pe,1.0,16000,0.069282,0.828644,D:\STUPEN\Heartz\data-science\dataset\clean\Pe\Pe_0418.wav
Pe_0419.wav,Pe,1.0,16000,0.066933,0.884003,D:\STUPEN\Heartz\data-science\dataset\clean\Pe\Pe_0419.wav
Pe_0420.wav,Pe,1.0,16000,0.066933,0.87854,D:\STUPEN\Heartz\data-science\dataset\clean\Pe\Pe_0420.wav
Pe_0421.wav,Pe,1.0,16000,0.050655,0.98999,D:\STUPEN\Heartz\data-science\dataset\clean\Pe\Pe_0421.wav
Pe_0422.wav,Pe,1.0,16000,0.073756,0.858093,D:\STUPEN\Heartz\data-science\dataset\clean\Pe\Pe_0422.wav
Pe_0423.wav,Pe,1.0,16000,0.066518,0.990021,D:\STUPEN\Heartz\data-science\dataset\clean\Pe\Pe_0423.wav
Pe_0424.wav,Pe,1.0,16000,0.069282,0.786804,D:\STUPEN\Heartz\data-science\dataset\clean\Pe\Pe_0424.wav
Pe_0425.wav,Pe,1.0,16000,0.0613,0.990021,D:\STUPEN\Heartz\data-science\dataset\clean\Pe\Pe_0425.wav
Pe_0426.wav,Pe,1.0,16000,0.073756,0.731781,D:\STUPEN\Heartz\data-science\dataset\clean\Pe\Pe_0426.wav
Pe_0427.wav,Pe,1.0,16000,0.069282,0.583954,D:\STUPEN\Heartz\data-science\dataset\clean\Pe\Pe_0427.wav
Pe_0428.wav,Pe,1.0,16000,0.045802,0.990021,D:\STUPEN\Heartz\data-science\dataset\clean\Pe\Pe_0428.wav
Pe_0429.wav,Pe,1.0,16000,0.061968,0.862335,D:\STUPEN\Heartz\data-science\dataset\clean\Pe\Pe_0429.wav
Pe_0430.wav,Pe,1.0,16000,0.077974,0.810486,D:\STUPEN\Heartz\data-science\dataset\clean\Pe\Pe_0430.wav
Pe_0431.wav,Pe,1.0,16000,0.08,0.518402,D:\STUPEN\Heartz\data-science\dataset\clean\Pe\Pe_0431.wav
Pe_0432.wav,Pe,1.0,16000,0.077974,0.459991,D:\STUPEN\Heartz\data-science\dataset\clean\Pe\Pe_0432.wav
Pe_0433.wav,Pe,1.0,16000,0.073756,0.536011,D:\STUPEN\Heartz\data-science\dataset\clean\Pe\Pe_0433.wav
Pe_0434.wav,Pe,1.0,16000,0.071554,0.712585,D:\STUPEN\Heartz\data-science\dataset\clean\Pe\Pe_0434.wav
Pe_0435.wav,Pe,1.0,16000,0.066957,0.990021,D:\STUPEN\Heartz\data-science\dataset\clean\Pe\Pe_0435.wav
Pe_0436.wav,Pe,1.0,16000,0.059308,0.990021,D:\STUPEN\Heartz\data-science\dataset\clean\Pe\Pe_0436.wav
Pe_0437.wav,Pe,1.0,16000,0.059026,0.98999,D:\STUPEN\Heartz\data-science\dataset\clean\Pe\Pe_0437.wav
Pe_0438.wav,Pe,1.0,16000,0.075895,0.744446,D:\STUPEN\Heartz\data-science\dataset\clean\Pe\Pe_0438.wav
Pe_0439.wav,Pe,1.0,16000,0.064322,0.990021,D:\STUPEN\Heartz\data-science\dataset\clean\Pe\Pe_0439.wav
Pe_0440.wav,Pe,1.0,16000,0.061968,0.816925,D:\STUPEN\Heartz\data-science\dataset\clean\Pe\Pe_0440.wav
Pe_0441.wav,Pe,1.0,16000,0.066933,0.664215,D:\STUPEN\Heartz\data-science\dataset\clean\Pe\Pe_0441.wav
Pe_0442.wav,Pe,1.0,16000,0.065703,0.990021,D:\STUPEN\Heartz\data-science\dataset\clean\Pe\Pe_0442.wav
Pe_0443.wav,Pe,1.0,16000,0.064498,0.666992,D:\STUPEN\Heartz\data-science\dataset\clean\Pe\Pe_0443.wav
Pe_0444.wav,Pe,1.0,16000,0.052505,0.990021,D:\STUPEN\Heartz\data-science\dataset\clean\Pe\Pe_0444.wav
Pe_0445.wav,Pe,1.0,16000,0.077974,0.690704,D:\STUPEN\Heartz\data-science\dataset\clean\Pe\Pe_0445.wav
Pe_0446.wav,Pe,1.0,16000,0.066933,0.835052,D:\STUPEN\Heartz\data-science\dataset\clean\Pe\Pe_0446.wav
Pe_0447.wav,Pe,1.0,16000,0.063967,0.98999,D:\STUPEN\Heartz\data-science\dataset\clean\Pe\Pe_0447.wav
Pe_0448.wav,Pe,1.0,16000,0.054436,0.98999,D:\STUPEN\Heartz\data-science\dataset\clean\Pe\Pe_0448.wav
Pe_0449.wav,Pe,1.0,16000,0.047053,0.990021,D:\STUPEN\Heartz\data-science\dataset\clean\Pe\Pe_0449.wav
Pe_0450.wav,Pe,1.0,16000,0.071554,0.507355,D:\STUPEN\Heartz\data-science\dataset\clean\Pe\Pe_0450.wav
Pe_0451.wav,Pe,1.0,16000,0.069282,0.495544,D:\STUPEN\Heartz\data-science\dataset\clean\Pe\Pe_0451.wav
Pe_0452.wav,Pe,1.0,16000,0.071554,0.533295,D:\STUPEN\Heartz\data-science\dataset\clean\Pe\Pe_0452.wav
Pe_0453.wav,Pe,1.0,16000,0.071554,0.529175,D:\STUPEN\Heartz\data-science\dataset\clean\Pe\Pe_0453.wav
Pe_0454.wav,Pe,1.0,16000,0.075895,0.721893,D:\STUPEN\Heartz\data-science\dataset\clean\Pe\Pe_0454.wav
Pe_0455.wav,Pe,1.0,16000,0.075895,0.569397,D:\STUPEN\Heartz\data-science\dataset\clean\Pe\Pe_0455.wav
Pe_0456.wav,Pe,1.0,16000,0.071554,0.74115,D:\STUPEN\Heartz\data-science\dataset\clean\Pe\Pe_0456.wav
Pe_0457.wav,Pe,1.0,16000,0.066933,0.43866,D:\STUPEN\Heartz\data-science\dataset\clean\Pe\Pe_0457.wav
Pe_0458.wav,Pe,1.0,16000,0.073068,0.98999,D:\STUPEN\Heartz\data-science\dataset\clean\Pe\Pe_0458.wav
Pe_0459.wav,Pe,1.0,16000,0.069282,0.525574,D:\STUPEN\Heartz\data-science\dataset\clean\Pe\Pe_0459.wav
Pe_0460.wav,Pe,1.0,16000,0.061852,0.990021,D:\STUPEN\Heartz\data-science\dataset\clean\Pe\Pe_0460.wav
Pe_0461.wav,Pe,1.0,16000,0.071554,0.903687,D:\STUPEN\Heartz\data-science\dataset\clean\Pe\Pe_0461.wav
Pe_0462.wav,Pe,1.0,16000,0.064759,0.990021,D:\STUPEN\Heartz\data-science\dataset\clean\Pe\Pe_0462.wav
Pe_0463.wav,Pe,1.0,16000,0.05908,0.990021,D:\STUPEN\Heartz\data-science\dataset\clean\Pe\Pe_0463.wav
Pe_0464.wav,Pe,1.0,16000,0.071554,0.528961,D:\STUPEN\Heartz\data-science\dataset\clean\Pe\Pe_0464.wav
Pe_0465.wav,Pe,1.0,16000,0.059174,0.98999,D:\STUPEN\Heartz\data-science\dataset\clean\Pe\Pe_0465.wav
Pe_0466.wav,Pe,1.0,16000,0.069282,0.509918,D:\STUPEN\Heartz\data-science\dataset\clean\Pe\Pe_0466.wav
Pe_0467.wav,Pe,1.0,16000,0.069282,0.92511,D:\STUPEN\Heartz\data-science\dataset\clean\Pe\Pe_0467.wav
Pe_0468.wav,Pe,1.0,16000,0.065689,0.990021,D:\STUPEN\Heartz\data-science\dataset\clean\Pe\Pe_0468.wav
Pe_0469.wav,Pe,1.0,16000,0.047611,0.990021,D:\STUPEN\Heartz\data-science\dataset\clean\Pe\Pe_0469.wav
Pe_0470.wav,Pe,1.0,16000,0.071554,0.623352,D:\STUPEN\Heartz\data-science\dataset\clean\Pe\Pe_0470.wav
Pe_0471.wav,Pe,1.0,16000,0.075895,0.588257,D:\STUPEN\Heartz\data-science\dataset\clean\Pe\Pe_0471.wav
Pe_0472.wav,Pe,1.0,16000,0.073756,0.547974,D:\STUPEN\Heartz\data-science\dataset\clean\Pe\Pe_0472.wav
Pe_0473.wav,Pe,1.0,16000,0.064498,0.514648,D:\STUPEN\Heartz\data-science\dataset\clean\Pe\Pe_0473.wav
Pe_0474.wav,Pe,1.0,16000,0.075895,0.464325,D:\STUPEN\Heartz\data-science\dataset\clean\Pe\Pe_0474.wav
Pe_0475.wav,Pe,1.0,16000,0.071554,0.676392,D:\STUPEN\Heartz\data-science\dataset\clean\Pe\Pe_0475.wav
Pe_0476.wav,Pe,1.0,16000,0.069282,0.553253,D:\STUPEN\Heartz\data-science\dataset\clean\Pe\Pe_0476.wav
Pe_0477.wav,Pe,1.0,16000,0.073756,0.766174,D:\STUPEN\Heartz\data-science\dataset\clean\Pe\Pe_0477.wav
Pe_0478.wav,Pe,1.0,16000,0.071554,0.687317,D:\STUPEN\Heartz\data-science\dataset\clean\Pe\Pe_0478.wav
Pe_0479.wav,Pe,1.0,16000,0.071554,0.47049,D:\STUPEN\Heartz\data-science\dataset\clean\Pe\Pe_0479.wav
Pe_0480.wav,Pe,1.0,16000,0.069282,0.507324,D:\STUPEN\Heartz\data-science\dataset\clean\Pe\Pe_0480.wav
Pi_0001.wav,Pi,1.0,16000,0.066933,0.296234,D:\STUPEN\Heartz\data-science\dataset\clean\Pi\Pi_0001.wav
Pi_0002.wav,Pi,1.0,16000,0.064498,0.36441,D:\STUPEN\Heartz\data-science\dataset\clean\Pi\Pi_0002.wav
Pi_0003.wav,Pi,1.0,16000,0.066933,0.432159,D:\STUPEN\Heartz\data-science\dataset\clean\Pi\Pi_0003.wav
Pi_0004.wav,Pi,1.0,16000,0.061968,0.366943,D:\STUPEN\Heartz\data-science\dataset\clean\Pi\Pi_0004.wav
Pi_0005.wav,Pi,1.0,16000,0.075895,0.531189,D:\STUPEN\Heartz\data-science\dataset\clean\Pi\Pi_0005.wav
Pi_0006.wav,Pi,1.0,16000,0.077974,0.468994,D:\STUPEN\Heartz\data-science\dataset\clean\Pi\Pi_0006.wav
Pi_0007.wav,Pi,1.0,16000,0.077974,0.497192,D:\STUPEN\Heartz\data-science\dataset\clean\Pi\Pi_0007.wav
Pi_0008.wav,Pi,1.0,16000,0.064498,0.412872,D:\STUPEN\Heartz\data-science\dataset\clean\Pi\Pi_0008.wav
Pi_0009.wav,Pi,1.0,16000,0.077974,0.558563,D:\STUPEN\Heartz\data-science\dataset\clean\Pi\Pi_0009.wav
Pi_0010.wav,Pi,1.0,16000,0.08,0.489227,D:\STUPEN\Heartz\data-science\dataset\clean\Pi\Pi_0010.wav
Pi_0011.wav,Pi,1.0,16000,0.064498,0.480408,D:\STUPEN\Heartz\data-science\dataset\clean\Pi\Pi_0011.wav
Pi_0012.wav,Pi,1.0,16000,0.08,0.516846,D:\STUPEN\Heartz\data-science\dataset\clean\Pi\Pi_0012.wav
Pi_0013.wav,Pi,1.0,16000,0.077974,0.466766,D:\STUPEN\Heartz\data-science\dataset\clean\Pi\Pi_0013.wav
Pi_0014.wav,Pi,1.0,16000,0.064498,0.359375,D:\STUPEN\Heartz\data-science\dataset\clean\Pi\Pi_0014.wav
Pi_0015.wav,Pi,1.0,16000,0.064498,0.349274,D:\STUPEN\Heartz\data-science\dataset\clean\Pi\Pi_0015.wav
Pi_0016.wav,Pi,1.0,16000,0.075895,0.44519,D:\STUPEN\Heartz\data-science\dataset\clean\Pi\Pi_0016.wav
Pi_0017.wav,Pi,1.0,16000,0.077974,0.475464,D:\STUPEN\Heartz\data-science\dataset\clean\Pi\Pi_0017.wav
Pi_0018.wav,Pi,1.0,16000,0.075895,0.418732,D:\STUPEN\Heartz\data-science\dataset\clean\Pi\Pi_0018.wav
Pi_0019.wav,Pi,1.0,16000,0.069282,0.331177,D:\STUPEN\Heartz\data-science\dataset\clean\Pi\Pi_0019.wav
Pi_0020.wav,Pi,1.0,16000,0.069282,0.378662,D:\STUPEN\Heartz\data-science\dataset\clean\Pi\Pi_0020.wav
Pi_0021.wav,Pi,1.0,16000,0.066933,0.412323,D:\STUPEN\Heartz\data-science\dataset\clean\Pi\Pi_0021.wav
Pi_0022.wav,Pi,1.0,16000,0.08,0.433136,D:\STUPEN\Heartz\data-science\dataset\clean\Pi\Pi_0022.wav
Pi_0023.wav,Pi,1.0,16000,0.073757,0.432526,D:\STUPEN\Heartz\data-science\dataset\clean\Pi\Pi_0023.wav
Pi_0024.wav,Pi,1.0,16000,0.071554,0.399353,D:\STUPEN\Heartz\data-science\dataset\clean\Pi\Pi_0024.wav
Pi_0025.wav,Pi,1.0,16000,0.073756,0.417816,D:\STUPEN\Heartz\data-science\dataset\clean\Pi\Pi_0025.wav
Pi_0026.wav,Pi,1.0,16000,0.066933,0.442352,D:\STUPEN\Heartz\data-science\dataset\clean\Pi\Pi_0026.wav
Pi_0027.wav,Pi,1.0,16000,0.064498,0.328613,D:\STUPEN\Heartz\data-science\dataset\clean\Pi\Pi_0027.wav
Pi_0028.wav,Pi,1.0,16000,0.069282,0.358429,D:\STUPEN\Heartz\data-science\dataset\clean\Pi\Pi_0028.wav
Pi_0029.wav,Pi,1.0,16000,0.073756,0.353973,D:\STUPEN\Heartz\data-science\dataset\clean\Pi\Pi_0029.wav
Pi_0030.wav,Pi,1.0,16000,0.077974,0.391693,D:\STUPEN\Heartz\data-science\dataset\clean\Pi\Pi_0030.wav
Pi_0031.wav,Pi,1.0,16000,0.073756,0.373566,D:\STUPEN\Heartz\data-science\dataset\clean\Pi\Pi_0031.wav
Pi_0032.wav,Pi,1.0,16000,0.073756,0.388275,D:\STUPEN\Heartz\data-science\dataset\clean\Pi\Pi_0032.wav
Pi_0033.wav,Pi,1.0,16000,0.075895,0.417542,D:\STUPEN\Heartz\data-science\dataset\clean\Pi\Pi_0033.wav
Pi_0034.wav,Pi,1.0,16000,0.075895,0.41095,D:\STUPEN\Heartz\data-science\dataset\clean\Pi\Pi_0034.wav
Pi_0035.wav,Pi,1.0,16000,0.071554,0.387939,D:\STUPEN\Heartz\data-science\dataset\clean\Pi\Pi_0035.wav
Pi_0036.wav,Pi,1.0,16000,0.064498,0.373993,D:\STUPEN\Heartz\data-science\dataset\clean\Pi\Pi_0036.wav
Pi_0037.wav,Pi,1.0,16000,0.069282,0.384644,D:\STUPEN\Heartz\data-science\dataset\clean\Pi\Pi_0037.wav
Pi_0038.wav,Pi,1.0,16000,0.071554,0.42923,D:\STUPEN\Heartz\data-science\dataset\clean\Pi\Pi_0038.wav
Pi_0039.wav,Pi,1.0,16000,0.064498,0.40448,D:\STUPEN\Heartz\data-science\dataset\clean\Pi\Pi_0039.wav
Pi_0040.wav,Pi,1.0,16000,0.069282,0.422729,D:\STUPEN\Heartz\data-science\dataset\clean\Pi\Pi_0040.wav
Pi_0041.wav,Pi,1.0,16000,0.064498,0.409637,D:\STUPEN\Heartz\data-science\dataset\clean\Pi\Pi_0041.wav
Pi_0042.wav,Pi,1.0,16000,0.064498,0.358063,D:\STUPEN\Heartz\data-science\dataset\clean\Pi\Pi_0042.wav
Pi_0043.wav,Pi,1.0,16000,0.069282,0.39502,D:\STUPEN\Heartz\data-science\dataset\clean\Pi\Pi_0043.wav
Pi_0044.wav,Pi,1.0,16000,0.069282,0.371185,D:\STUPEN\Heartz\data-science\dataset\clean\Pi\Pi_0044.wav
Pi_0045.wav,Pi,1.0,16000,0.069282,0.384399,D:\STUPEN\Heartz\data-science\dataset\clean\Pi\Pi_0045.wav
Pi_0046.wav,Pi,1.0,16000,0.066933,0.345306,D:\STUPEN\Heartz\data-science\dataset\clean\Pi\Pi_0046.wav
Pi_0047.wav,Pi,1.0,16000,0.069282,0.343079,D:\STUPEN\Heartz\data-science\dataset\clean\Pi\Pi_0047.wav
Pi_0048.wav,Pi,1.0,16000,0.069282,0.350922,D:\STUPEN\Heartz\data-science\dataset\clean\Pi\Pi_0048.wav
Pi_0049.wav,Pi,1.0,16000,0.069282,0.334625,D:\STUPEN\Heartz\data-science\dataset\clean\Pi\Pi_0049.wav
Pi_0050.wav,Pi,1.0,16000,0.066933,0.335083,D:\STUPEN\Heartz\data-science\dataset\clean\Pi\Pi_0050.wav
Pi_0051.wav,Pi,1.0,16000,0.071554,0.361877,D:\STUPEN\Heartz\data-science\dataset\clean\Pi\Pi_0051.wav
Pi_0052.wav,Pi,1.0,16000,0.066933,0.344574,D:\STUPEN\Heartz\data-science\dataset\clean\Pi\Pi_0052.wav
Pi_0053.wav,Pi,1.0,16000,0.066933,0.36319,D:\STUPEN\Heartz\data-science\dataset\clean\Pi\Pi_0053.wav
Pi_0054.wav,Pi,1.0,16000,0.066933,0.359375,D:\STUPEN\Heartz\data-science\dataset\clean\Pi\Pi_0054.wav
Pi_0055.wav,Pi,1.0,16000,0.066933,0.404327,D:\STUPEN\Heartz\data-science\dataset\clean\Pi\Pi_0055.wav
Pi_0056.wav,Pi,1.0,16000,0.069282,0.342834,D:\STUPEN\Heartz\data-science\dataset\clean\Pi\Pi_0056.wav
Pi_0057.wav,Pi,1.0,16000,0.069282,0.360291,D:\STUPEN\Heartz\data-science\dataset\clean\Pi\Pi_0057.wav
Pi_0058.wav,Pi,1.0,16000,0.069282,0.362244,D:\STUPEN\Heartz\data-science\dataset\clean\Pi\Pi_0058.wav
Pi_0059.wav,Pi,1.0,16000,0.073756,0.354828,D:\STUPEN\Heartz\data-science\dataset\clean\Pi\Pi_0059.wav
Pi_0060.wav,Pi,1.0,16000,0.073756,0.342133,D:\STUPEN\Heartz\data-science\dataset\clean\Pi\Pi_0060.wav
Pi_0061.wav,Pi,1.0,16000,0.069282,0.349731,D:\STUPEN\Heartz\data-science\dataset\clean\Pi\Pi_0061.wav
Pi_0062.wav,Pi,1.0,16000,0.071554,0.343842,D:\STUPEN\Heartz\data-science\dataset\clean\Pi\Pi_0062.wav
Pi_0063.wav,Pi,1.0,16000,0.069282,0.356873,D:\STUPEN\Heartz\data-science\dataset\clean\Pi\Pi_0063.wav
Pi_0064.wav,Pi,1.0,16000,0.092952,0.875824,D:\STUPEN\Heartz\data-science\dataset\clean\Pi\Pi_0064.wav
Pi_0065.wav,Pi,1.0,16000,0.066933,0.342804,D:\STUPEN\Heartz\data-science\dataset\clean\Pi\Pi_0065.wav
Pi_0066.wav,Pi,1.0,16000,0.071554,0.395355,D:\STUPEN\Heartz\data-science\dataset\clean\Pi\Pi_0066.wav
Pi_0067.wav,Pi,1.0,16000,0.071554,0.352509,D:\STUPEN\Heartz\data-science\dataset\clean\Pi\Pi_0067.wav
Pi_0068.wav,Pi,1.0,16000,0.075895,0.383118,D:\STUPEN\Heartz\data-science\dataset\clean\Pi\Pi_0068.wav
Pi_0069.wav,Pi,1.0,16000,0.071554,0.366699,D:\STUPEN\Heartz\data-science\dataset\clean\Pi\Pi_0069.wav
Pi_0070.wav,Pi,1.0,16000,0.071554,0.376953,D:\STUPEN\Heartz\data-science\dataset\clean\Pi\Pi_0070.wav
Pi_0071.wav,Pi,1.0,16000,0.071554,0.380157,D:\STUPEN\Heartz\data-science\dataset\clean\Pi\Pi_0071.wav
Pi_0072.wav,Pi,1.0,16000,0.069282,0.361725,D:\STUPEN\Heartz\data-science\dataset\clean\Pi\Pi_0072.wav
Pi_0073.wav,Pi,1.0,16000,0.071554,0.355164,D:\STUPEN\Heartz\data-science\dataset\clean\Pi\Pi_0073.wav
Pi_0074.wav,Pi,1.0,16000,0.071554,0.364197,D:\STUPEN\Heartz\data-science\dataset\clean\Pi\Pi_0074.wav
Pi_0075.wav,Pi,1.0,16000,0.073756,0.351074,D:\STUPEN\Heartz\data-science\dataset\clean\Pi\Pi_0075.wav
Pi_0076.wav,Pi,1.0,16000,0.073756,0.34729,D:\STUPEN\Heartz\data-science\dataset\clean\Pi\Pi_0076.wav
Pi_0077.wav,Pi,1.0,16000,0.069282,0.332947,D:\STUPEN\Heartz\data-science\dataset\clean\Pi\Pi_0077.wav
Pi_0078.wav,Pi,1.0,16000,0.069282,0.339264,D:\STUPEN\Heartz\data-science\dataset\clean\Pi\Pi_0078.wav
Pi_0079.wav,Pi,1.0,16000,0.066933,0.412262,D:\STUPEN\Heartz\data-science\dataset\clean\Pi\Pi_0079.wav
Pi_0080.wav,Pi,1.0,16000,0.066933,0.326813,D:\STUPEN\Heartz\data-science\dataset\clean\Pi\Pi_0080.wav
Pi_0081.wav,Pi,1.0,16000,0.069282,0.362976,D:\STUPEN\Heartz\data-science\dataset\clean\Pi\Pi_0081.wav
Pi_0082.wav,Pi,1.0,16000,0.069282,0.359833,D:\STUPEN\Heartz\data-science\dataset\clean\Pi\Pi_0082.wav
Pi_0083.wav,Pi,1.0,16000,0.069282,0.361633,D:\STUPEN\Heartz\data-science\dataset\clean\Pi\Pi_0083.wav
Pi_0084.wav,Pi,1.0,16000,0.069282,0.333221,D:\STUPEN\Heartz\data-science\dataset\clean\Pi\Pi_0084.wav
Pi_0085.wav,Pi,1.0,16000,0.071554,0.350067,D:\STUPEN\Heartz\data-science\dataset\clean\Pi\Pi_0085.wav
Pi_0086.wav,Pi,1.0,16000,0.069282,0.336395,D:\STUPEN\Heartz\data-science\dataset\clean\Pi\Pi_0086.wav
Pi_0087.wav,Pi,1.0,16000,0.073756,0.333374,D:\STUPEN\Heartz\data-science\dataset\clean\Pi\Pi_0087.wav
Pi_0088.wav,Pi,1.0,16000,0.071554,0.306915,D:\STUPEN\Heartz\data-science\dataset\clean\Pi\Pi_0088.wav
Pi_0089.wav,Pi,1.0,16000,0.071554,0.309723,D:\STUPEN\Heartz\data-science\dataset\clean\Pi\Pi_0089.wav
Pi_0090.wav,Pi,1.0,16000,0.069282,0.30899,D:\STUPEN\Heartz\data-science\dataset\clean\Pi\Pi_0090.wav
Pi_0091.wav,Pi,1.0,16000,0.073756,0.306976,D:\STUPEN\Heartz\data-science\dataset\clean\Pi\Pi_0091.wav
Pi_0092.wav,Pi,1.0,16000,0.069282,0.319824,D:\STUPEN\Heartz\data-science\dataset\clean\Pi\Pi_0092.wav
Pi_0093.wav,Pi,1.0,16000,0.069282,0.313477,D:\STUPEN\Heartz\data-science\dataset\clean\Pi\Pi_0093.wav
Pi_0094.wav,Pi,1.0,16000,0.069282,0.331085,D:\STUPEN\Heartz\data-science\dataset\clean\Pi\Pi_0094.wav
Pi_0095.wav,Pi,1.0,16000,0.069282,0.328247,D:\STUPEN\Heartz\data-science\dataset\clean\Pi\Pi_0095.wav
Pi_0096.wav,Pi,1.0,16000,0.069282,0.363708,D:\STUPEN\Heartz\data-science\dataset\clean\Pi\Pi_0096.wav
Pi_0097.wav,Pi,1.0,16000,0.066933,0.326935,D:\STUPEN\Heartz\data-science\dataset\clean\Pi\Pi_0097.wav
Pi_0098.wav,Pi,1.0,16000,0.071554,0.341522,D:\STUPEN\Heartz\data-science\dataset\clean\Pi\Pi_0098.wav
Pi_0099.wav,Pi,1.0,16000,0.071554,0.344757,D:\STUPEN\Heartz\data-science\dataset\clean\Pi\Pi_0099.wav
Pi_0100.wav,Pi,1.0,16000,0.066933,0.304474,D:\STUPEN\Heartz\data-science\dataset\clean\Pi\Pi_0100.wav
Pi_0101.wav,Pi,1.0,16000,0.071554,0.343933,D:\STUPEN\Heartz\data-science\dataset\clean\Pi\Pi_0101.wav
Pi_0102.wav,Pi,1.0,16000,0.069282,0.344818,D:\STUPEN\Heartz\data-science\dataset\clean\Pi\Pi_0102.wav
Pi_0103.wav,Pi,1.0,16000,0.071554,0.355164,D:\STUPEN\Heartz\data-science\dataset\clean\Pi\Pi_0103.wav
Pi_0104.wav,Pi,1.0,16000,0.069282,0.323669,D:\STUPEN\Heartz\data-science\dataset\clean\Pi\Pi_0104.wav
Pi_0105.wav,Pi,1.0,16000,0.073756,0.368561,D:\STUPEN\Heartz\data-science\dataset\clean\Pi\Pi_0105.wav
Pi_0106.wav,Pi,1.0,16000,0.071554,0.366302,D:\STUPEN\Heartz\data-science\dataset\clean\Pi\Pi_0106.wav
Pi_0107.wav,Pi,1.0,16000,0.071554,0.349518,D:\STUPEN\Heartz\data-science\dataset\clean\Pi\Pi_0107.wav
Pi_0108.wav,Pi,1.0,16000,0.069282,0.353607,D:\STUPEN\Heartz\data-science\dataset\clean\Pi\Pi_0108.wav
Pi_0109.wav,Pi,1.0,16000,0.071554,0.354889,D:\STUPEN\Heartz\data-science\dataset\clean\Pi\Pi_0109.wav
Pi_0110.wav,Pi,1.0,16000,0.069282,0.361328,D:\STUPEN\Heartz\data-science\dataset\clean\Pi\Pi_0110.wav
Pi_0111.wav,Pi,1.0,16000,0.069282,0.321442,D:\STUPEN\Heartz\data-science\dataset\clean\Pi\Pi_0111.wav
Pi_0112.wav,Pi,1.0,16000,0.071554,0.331665,D:\STUPEN\Heartz\data-science\dataset\clean\Pi\Pi_0112.wav
Pi_0113.wav,Pi,1.0,16000,0.066933,0.338287,D:\STUPEN\Heartz\data-science\dataset\clean\Pi\Pi_0113.wav
Pi_0114.wav,Pi,1.0,16000,0.066933,0.296234,D:\STUPEN\Heartz\data-science\dataset\clean\Pi\Pi_0114.wav
Pi_0115.wav,Pi,1.0,16000,0.064498,0.36441,D:\STUPEN\Heartz\data-science\dataset\clean\Pi\Pi_0115.wav
Pi_0116.wav,Pi,1.0,16000,0.066933,0.432159,D:\STUPEN\Heartz\data-science\dataset\clean\Pi\Pi_0116.wav
Pi_0117.wav,Pi,1.0,16000,0.061968,0.366943,D:\STUPEN\Heartz\data-science\dataset\clean\Pi\Pi_0117.wav
Pi_0118.wav,Pi,1.0,16000,0.075895,0.531189,D:\STUPEN\Heartz\data-science\dataset\clean\Pi\Pi_0118.wav
Pi_0119.wav,Pi,1.0,16000,0.077974,0.468994,D:\STUPEN\Heartz\data-science\dataset\clean\Pi\Pi_0119.wav
Pi_0120.wav,Pi,1.0,16000,0.077974,0.497192,D:\STUPEN\Heartz\data-science\dataset\clean\Pi\Pi_0120.wav
Pi_0121.wav,Pi,1.0,16000,0.064498,0.412872,D:\STUPEN\Heartz\data-science\dataset\clean\Pi\Pi_0121.wav
Pi_0122.wav,Pi,1.0,16000,0.077974,0.558563,D:\STUPEN\Heartz\data-science\dataset\clean\Pi\Pi_0122.wav
Pi_0123.wav,Pi,1.0,16000,0.08,0.489227,D:\STUPEN\Heartz\data-science\dataset\clean\Pi\Pi_0123.wav
Pi_0124.wav,Pi,1.0,16000,0.064498,0.480408,D:\STUPEN\Heartz\data-science\dataset\clean\Pi\Pi_0124.wav
Pi_0125.wav,Pi,1.0,16000,0.08,0.516846,D:\STUPEN\Heartz\data-science\dataset\clean\Pi\Pi_0125.wav
Pi_0126.wav,Pi,1.0,16000,0.077974,0.466766,D:\STUPEN\Heartz\data-science\dataset\clean\Pi\Pi_0126.wav
Pi_0127.wav,Pi,1.0,16000,0.064498,0.359375,D:\STUPEN\Heartz\data-science\dataset\clean\Pi\Pi_0127.wav
Pi_0128.wav,Pi,1.0,16000,0.064498,0.349274,D:\STUPEN\Heartz\data-science\dataset\clean\Pi\Pi_0128.wav
Pi_0129.wav,Pi,1.0,16000,0.075895,0.44519,D:\STUPEN\Heartz\data-science\dataset\clean\Pi\Pi_0129.wav
Pi_0130.wav,Pi,1.0,16000,0.077974,0.475464,D:\STUPEN\Heartz\data-science\dataset\clean\Pi\Pi_0130.wav
Pi_0131.wav,Pi,1.0,16000,0.075895,0.418732,D:\STUPEN\Heartz\data-science\dataset\clean\Pi\Pi_0131.wav
Pi_0132.wav,Pi,1.0,16000,0.069282,0.331177,D:\STUPEN\Heartz\data-science\dataset\clean\Pi\Pi_0132.wav
Pi_0133.wav,Pi,1.0,16000,0.069282,0.378662,D:\STUPEN\Heartz\data-science\dataset\clean\Pi\Pi_0133.wav
Pi_0134.wav,Pi,1.0,16000,0.066933,0.412323,D:\STUPEN\Heartz\data-science\dataset\clean\Pi\Pi_0134.wav
Pi_0135.wav,Pi,1.0,16000,0.08,0.433136,D:\STUPEN\Heartz\data-science\dataset\clean\Pi\Pi_0135.wav
Pi_0136.wav,Pi,1.0,16000,0.073757,0.432526,D:\STUPEN\Heartz\data-science\dataset\clean\Pi\Pi_0136.wav
Pi_0137.wav,Pi,1.0,16000,0.071554,0.399353,D:\STUPEN\Heartz\data-science\dataset\clean\Pi\Pi_0137.wav
Pi_0138.wav,Pi,1.0,16000,0.073756,0.417816,D:\STUPEN\Heartz\data-science\dataset\clean\Pi\Pi_0138.wav
Pi_0139.wav,Pi,1.0,16000,0.066933,0.442352,D:\STUPEN\Heartz\data-science\dataset\clean\Pi\Pi_0139.wav
Pi_0140.wav,Pi,1.0,16000,0.064498,0.328613,D:\STUPEN\Heartz\data-science\dataset\clean\Pi\Pi_0140.wav
Pi_0141.wav,Pi,1.0,16000,0.069282,0.358429,D:\STUPEN\Heartz\data-science\dataset\clean\Pi\Pi_0141.wav
Pi_0142.wav,Pi,1.0,16000,0.073756,0.353973,D:\STUPEN\Heartz\data-science\dataset\clean\Pi\Pi_0142.wav
Pi_0143.wav,Pi,1.0,16000,0.077974,0.391693,D:\STUPEN\Heartz\data-science\dataset\clean\Pi\Pi_0143.wav
Pi_0144.wav,Pi,1.0,16000,0.073756,0.373566,D:\STUPEN\Heartz\data-science\dataset\clean\Pi\Pi_0144.wav
Pi_0145.wav,Pi,1.0,16000,0.073756,0.388275,D:\STUPEN\Heartz\data-science\dataset\clean\Pi\Pi_0145.wav
Pi_0146.wav,Pi,1.0,16000,0.075895,0.417542,D:\STUPEN\Heartz\data-science\dataset\clean\Pi\Pi_0146.wav
Pi_0147.wav,Pi,1.0,16000,0.075895,0.41095,D:\STUPEN\Heartz\data-science\dataset\clean\Pi\Pi_0147.wav
Pi_0148.wav,Pi,1.0,16000,0.071554,0.387939,D:\STUPEN\Heartz\data-science\dataset\clean\Pi\Pi_0148.wav
Pi_0149.wav,Pi,1.0,16000,0.064498,0.373993,D:\STUPEN\Heartz\data-science\dataset\clean\Pi\Pi_0149.wav
Pi_0150.wav,Pi,1.0,16000,0.069282,0.384644,D:\STUPEN\Heartz\data-science\dataset\clean\Pi\Pi_0150.wav
Pi_0151.wav,Pi,1.0,16000,0.071554,0.42923,D:\STUPEN\Heartz\data-science\dataset\clean\Pi\Pi_0151.wav
Pi_0152.wav,Pi,1.0,16000,0.064498,0.40448,D:\STUPEN\Heartz\data-science\dataset\clean\Pi\Pi_0152.wav
Pi_0153.wav,Pi,1.0,16000,0.069282,0.422729,D:\STUPEN\Heartz\data-science\dataset\clean\Pi\Pi_0153.wav
Pi_0154.wav,Pi,1.0,16000,0.064498,0.409637,D:\STUPEN\Heartz\data-science\dataset\clean\Pi\Pi_0154.wav
Pi_0155.wav,Pi,1.0,16000,0.064498,0.358063,D:\STUPEN\Heartz\data-science\dataset\clean\Pi\Pi_0155.wav
Pi_0156.wav,Pi,1.0,16000,0.069282,0.39502,D:\STUPEN\Heartz\data-science\dataset\clean\Pi\Pi_0156.wav
Pi_0157.wav,Pi,1.0,16000,0.069282,0.371185,D:\STUPEN\Heartz\data-science\dataset\clean\Pi\Pi_0157.wav
Pi_0158.wav,Pi,1.0,16000,0.069282,0.384399,D:\STUPEN\Heartz\data-science\dataset\clean\Pi\Pi_0158.wav
Pi_0159.wav,Pi,1.0,16000,0.066933,0.345306,D:\STUPEN\Heartz\data-science\dataset\clean\Pi\Pi_0159.wav
Pi_0160.wav,Pi,1.0,16000,0.069282,0.343079,D:\STUPEN\Heartz\data-science\dataset\clean\Pi\Pi_0160.wav
Pi_0161.wav,Pi,1.0,16000,0.069282,0.350922,D:\STUPEN\Heartz\data-science\dataset\clean\Pi\Pi_0161.wav
Pi_0162.wav,Pi,1.0,16000,0.069282,0.334625,D:\STUPEN\Heartz\data-science\dataset\clean\Pi\Pi_0162.wav
Pi_0163.wav,Pi,1.0,16000,0.066933,0.335083,D:\STUPEN\Heartz\data-science\dataset\clean\Pi\Pi_0163.wav
Pi_0164.wav,Pi,1.0,16000,0.071554,0.361877,D:\STUPEN\Heartz\data-science\dataset\clean\Pi\Pi_0164.wav
Pi_0165.wav,Pi,1.0,16000,0.066933,0.344574,D:\STUPEN\Heartz\data-science\dataset\clean\Pi\Pi_0165.wav
Pi_0166.wav,Pi,1.0,16000,0.066933,0.36319,D:\STUPEN\Heartz\data-science\dataset\clean\Pi\Pi_0166.wav
Pi_0167.wav,Pi,1.0,16000,0.066933,0.359375,D:\STUPEN\Heartz\data-science\dataset\clean\Pi\Pi_0167.wav
Pi_0168.wav,Pi,1.0,16000,0.066933,0.404327,D:\STUPEN\Heartz\data-science\dataset\clean\Pi\Pi_0168.wav
Pi_0169.wav,Pi,1.0,16000,0.069282,0.342834,D:\STUPEN\Heartz\data-science\dataset\clean\Pi\Pi_0169.wav
Pi_0170.wav,Pi,1.0,16000,0.069282,0.360291,D:\STUPEN\Heartz\data-science\dataset\clean\Pi\Pi_0170.wav
Pi_0171.wav,Pi,1.0,16000,0.069282,0.362244,D:\STUPEN\Heartz\data-science\dataset\clean\Pi\Pi_0171.wav
Pi_0172.wav,Pi,1.0,16000,0.073756,0.354828,D:\STUPEN\Heartz\data-science\dataset\clean\Pi\Pi_0172.wav
Pi_0173.wav,Pi,1.0,16000,0.073756,0.342133,D:\STUPEN\Heartz\data-science\dataset\clean\Pi\Pi_0173.wav
Pi_0174.wav,Pi,1.0,16000,0.069282,0.349731,D:\STUPEN\Heartz\data-science\dataset\clean\Pi\Pi_0174.wav
Pi_0175.wav,Pi,1.0,16000,0.071554,0.343842,D:\STUPEN\Heartz\data-science\dataset\clean\Pi\Pi_0175.wav
Pi_0176.wav,Pi,1.0,16000,0.069282,0.356873,D:\STUPEN\Heartz\data-science\dataset\clean\Pi\Pi_0176.wav
Pi_0177.wav,Pi,1.0,16000,0.092952,0.875824,D:\STUPEN\Heartz\data-science\dataset\clean\Pi\Pi_0177.wav
Pi_0178.wav,Pi,1.0,16000,0.066933,0.342804,D:\STUPEN\Heartz\data-science\dataset\clean\Pi\Pi_0178.wav
Pi_0179.wav,Pi,1.0,16000,0.071554,0.395355,D:\STUPEN\Heartz\data-science\dataset\clean\Pi\Pi_0179.wav
Pi_0180.wav,Pi,1.0,16000,0.071554,0.352509,D:\STUPEN\Heartz\data-science\dataset\clean\Pi\Pi_0180.wav
Pi_0181.wav,Pi,1.0,16000,0.075895,0.383118,D:\STUPEN\Heartz\data-science\dataset\clean\Pi\Pi_0181.wav
Pi_0182.wav,Pi,1.0,16000,0.071554,0.366699,D:\STUPEN\Heartz\data-science\dataset\clean\Pi\Pi_0182.wav
Pi_0183.wav,Pi,1.0,16000,0.071554,0.376953,D:\STUPEN\Heartz\data-science\dataset\clean\Pi\Pi_0183.wav
Pi_0184.wav,Pi,1.0,16000,0.071554,0.380157,D:\STUPEN\Heartz\data-science\dataset\clean\Pi\Pi_0184.wav
Pi_0185.wav,Pi,1.0,16000,0.069282,0.361725,D:\STUPEN\Heartz\data-science\dataset\clean\Pi\Pi_0185.wav
Pi_0186.wav,Pi,1.0,16000,0.071554,0.355164,D:\STUPEN\Heartz\data-science\dataset\clean\Pi\Pi_0186.wav
Pi_0187.wav,Pi,1.0,16000,0.071554,0.364197,D:\STUPEN\Heartz\data-science\dataset\clean\Pi\Pi_0187.wav
Pi_0188.wav,Pi,1.0,16000,0.073756,0.351074,D:\STUPEN\Heartz\data-science\dataset\clean\Pi\Pi_0188.wav
Pi_0189.wav,Pi,1.0,16000,0.073756,0.34729,D:\STUPEN\Heartz\data-science\dataset\clean\Pi\Pi_0189.wav
Pi_0190.wav,Pi,1.0,16000,0.069282,0.332947,D:\STUPEN\Heartz\data-science\dataset\clean\Pi\Pi_0190.wav
Pi_0191.wav,Pi,1.0,16000,0.069282,0.339264,D:\STUPEN\Heartz\data-science\dataset\clean\Pi\Pi_0191.wav
Pi_0192.wav,Pi,1.0,16000,0.066933,0.412262,D:\STUPEN\Heartz\data-science\dataset\clean\Pi\Pi_0192.wav
Pi_0193.wav,Pi,1.0,16000,0.066933,0.326813,D:\STUPEN\Heartz\data-science\dataset\clean\Pi\Pi_0193.wav
Pi_0194.wav,Pi,1.0,16000,0.069282,0.362976,D:\STUPEN\Heartz\data-science\dataset\clean\Pi\Pi_0194.wav
Pi_0195.wav,Pi,1.0,16000,0.069282,0.359833,D:\STUPEN\Heartz\data-science\dataset\clean\Pi\Pi_0195.wav
Pi_0196.wav,Pi,1.0,16000,0.069282,0.361633,D:\STUPEN\Heartz\data-science\dataset\clean\Pi\Pi_0196.wav
Pi_0197.wav,Pi,1.0,16000,0.069282,0.333221,D:\STUPEN\Heartz\data-science\dataset\clean\Pi\Pi_0197.wav
Pi_0198.wav,Pi,1.0,16000,0.071554,0.350067,D:\STUPEN\Heartz\data-science\dataset\clean\Pi\Pi_0198.wav
Pi_0199.wav,Pi,1.0,16000,0.069282,0.336395,D:\STUPEN\Heartz\data-science\dataset\clean\Pi\Pi_0199.wav
Pi_0200.wav,Pi,1.0,16000,0.073756,0.333374,D:\STUPEN\Heartz\data-science\dataset\clean\Pi\Pi_0200.wav
Pi_0201.wav,Pi,1.0,16000,0.071554,0.306915,D:\STUPEN\Heartz\data-science\dataset\clean\Pi\Pi_0201.wav
Pi_0202.wav,Pi,1.0,16000,0.071554,0.309723,D:\STUPEN\Heartz\data-science\dataset\clean\Pi\Pi_0202.wav
Pi_0203.wav,Pi,1.0,16000,0.069282,0.30899,D:\STUPEN\Heartz\data-science\dataset\clean\Pi\Pi_0203.wav
Pi_0204.wav,Pi,1.0,16000,0.073756,0.306976,D:\STUPEN\Heartz\data-science\dataset\clean\Pi\Pi_0204.wav
Pi_0205.wav,Pi,1.0,16000,0.069282,0.319824,D:\STUPEN\Heartz\data-science\dataset\clean\Pi\Pi_0205.wav
Pi_0206.wav,Pi,1.0,16000,0.069282,0.313477,D:\STUPEN\Heartz\data-science\dataset\clean\Pi\Pi_0206.wav
Pi_0207.wav,Pi,1.0,16000,0.069282,0.331085,D:\STUPEN\Heartz\data-science\dataset\clean\Pi\Pi_0207.wav
Pi_0208.wav,Pi,1.0,16000,0.069282,0.328247,D:\STUPEN\Heartz\data-science\dataset\clean\Pi\Pi_0208.wav
Pi_0209.wav,Pi,1.0,16000,0.069282,0.363708,D:\STUPEN\Heartz\data-science\dataset\clean\Pi\Pi_0209.wav
Pi_0210.wav,Pi,1.0,16000,0.066933,0.326935,D:\STUPEN\Heartz\data-science\dataset\clean\Pi\Pi_0210.wav
Pi_0211.wav,Pi,1.0,16000,0.071554,0.341522,D:\STUPEN\Heartz\data-science\dataset\clean\Pi\Pi_0211.wav
Pi_0212.wav,Pi,1.0,16000,0.071554,0.344757,D:\STUPEN\Heartz\data-science\dataset\clean\Pi\Pi_0212.wav
Pi_0213.wav,Pi,1.0,16000,0.066933,0.304474,D:\STUPEN\Heartz\data-science\dataset\clean\Pi\Pi_0213.wav
Pi_0214.wav,Pi,1.0,16000,0.071554,0.343933,D:\STUPEN\Heartz\data-science\dataset\clean\Pi\Pi_0214.wav
Pi_0215.wav,Pi,1.0,16000,0.069282,0.344818,D:\STUPEN\Heartz\data-science\dataset\clean\Pi\Pi_0215.wav
Pi_0216.wav,Pi,1.0,16000,0.071554,0.355164,D:\STUPEN\Heartz\data-science\dataset\clean\Pi\Pi_0216.wav
Pi_0217.wav,Pi,1.0,16000,0.069282,0.323669,D:\STUPEN\Heartz\data-science\dataset\clean\Pi\Pi_0217.wav
Pi_0218.wav,Pi,1.0,16000,0.073756,0.368561,D:\STUPEN\Heartz\data-science\dataset\clean\Pi\Pi_0218.wav
Pi_0219.wav,Pi,1.0,16000,0.071554,0.366302,D:\STUPEN\Heartz\data-science\dataset\clean\Pi\Pi_0219.wav
Pi_0220.wav,Pi,1.0,16000,0.071554,0.349518,D:\STUPEN\Heartz\data-science\dataset\clean\Pi\Pi_0220.wav
Pi_0221.wav,Pi,1.0,16000,0.069282,0.353607,D:\STUPEN\Heartz\data-science\dataset\clean\Pi\Pi_0221.wav
Pi_0222.wav,Pi,1.0,16000,0.071554,0.354889,D:\STUPEN\Heartz\data-science\dataset\clean\Pi\Pi_0222.wav
Pi_0223.wav,Pi,1.0,16000,0.069282,0.361328,D:\STUPEN\Heartz\data-science\dataset\clean\Pi\Pi_0223.wav
Pi_0224.wav,Pi,1.0,16000,0.069282,0.321442,D:\STUPEN\Heartz\data-science\dataset\clean\Pi\Pi_0224.wav
Pi_0225.wav,Pi,1.0,16000,0.071554,0.331665,D:\STUPEN\Heartz\data-science\dataset\clean\Pi\Pi_0225.wav
Pi_0226.wav,Pi,1.0,16000,0.066933,0.338287,D:\STUPEN\Heartz\data-science\dataset\clean\Pi\Pi_0226.wav
Pi_0227.wav,Pi,1.0,16000,0.066933,0.296234,D:\STUPEN\Heartz\data-science\dataset\clean\Pi\Pi_0227.wav
Pi_0228.wav,Pi,1.0,16000,0.064498,0.36441,D:\STUPEN\Heartz\data-science\dataset\clean\Pi\Pi_0228.wav
Pi_0229.wav,Pi,1.0,16000,0.066933,0.432159,D:\STUPEN\Heartz\data-science\dataset\clean\Pi\Pi_0229.wav
Pi_0230.wav,Pi,1.0,16000,0.061968,0.366943,D:\STUPEN\Heartz\data-science\dataset\clean\Pi\Pi_0230.wav
Pi_0231.wav,Pi,1.0,16000,0.075895,0.531189,D:\STUPEN\Heartz\data-science\dataset\clean\Pi\Pi_0231.wav
Pi_0232.wav,Pi,1.0,16000,0.077974,0.468994,D:\STUPEN\Heartz\data-science\dataset\clean\Pi\Pi_0232.wav
Pi_0233.wav,Pi,1.0,16000,0.077974,0.497192,D:\STUPEN\Heartz\data-science\dataset\clean\Pi\Pi_0233.wav
Pi_0234.wav,Pi,1.0,16000,0.064498,0.412872,D:\STUPEN\Heartz\data-science\dataset\clean\Pi\Pi_0234.wav
Pi_0235.wav,Pi,1.0,16000,0.077974,0.558563,D:\STUPEN\Heartz\data-science\dataset\clean\Pi\Pi_0235.wav
Pi_0236.wav,Pi,1.0,16000,0.08,0.489227,D:\STUPEN\Heartz\data-science\dataset\clean\Pi\Pi_0236.wav
Pi_0237.wav,Pi,1.0,16000,0.064498,0.480408,D:\STUPEN\Heartz\data-science\dataset\clean\Pi\Pi_0237.wav
Pi_0238.wav,Pi,1.0,16000,0.08,0.516846,D:\STUPEN\Heartz\data-science\dataset\clean\Pi\Pi_0238.wav
Pi_0239.wav,Pi,1.0,16000,0.077974,0.466766,D:\STUPEN\Heartz\data-science\dataset\clean\Pi\Pi_0239.wav
Pi_0240.wav,Pi,1.0,16000,0.064498,0.359375,D:\STUPEN\Heartz\data-science\dataset\clean\Pi\Pi_0240.wav
Pi_0241.wav,Pi,1.0,16000,0.064498,0.349274,D:\STUPEN\Heartz\data-science\dataset\clean\Pi\Pi_0241.wav
Pi_0242.wav,Pi,1.0,16000,0.075895,0.44519,D:\STUPEN\Heartz\data-science\dataset\clean\Pi\Pi_0242.wav
Pi_0243.wav,Pi,1.0,16000,0.077974,0.475464,D:\STUPEN\Heartz\data-science\dataset\clean\Pi\Pi_0243.wav
Pi_0244.wav,Pi,1.0,16000,0.075895,0.418732,D:\STUPEN\Heartz\data-science\dataset\clean\Pi\Pi_0244.wav
Pi_0245.wav,Pi,1.0,16000,0.069282,0.331177,D:\STUPEN\Heartz\data-science\dataset\clean\Pi\Pi_0245.wav
Pi_0246.wav,Pi,1.0,16000,0.069282,0.378662,D:\STUPEN\Heartz\data-science\dataset\clean\Pi\Pi_0246.wav
Pi_0247.wav,Pi,1.0,16000,0.066933,0.412323,D:\STUPEN\Heartz\data-science\dataset\clean\Pi\Pi_0247.wav
Pi_0248.wav,Pi,1.0,16000,0.08,0.433136,D:\STUPEN\Heartz\data-science\dataset\clean\Pi\Pi_0248.wav
Pi_0249.wav,Pi,1.0,16000,0.073757,0.432526,D:\STUPEN\Heartz\data-science\dataset\clean\Pi\Pi_0249.wav
Pi_0250.wav,Pi,1.0,16000,0.071554,0.399353,D:\STUPEN\Heartz\data-science\dataset\clean\Pi\Pi_0250.wav
Pi_0251.wav,Pi,1.0,16000,0.073756,0.417816,D:\STUPEN\Heartz\data-science\dataset\clean\Pi\Pi_0251.wav
Pi_0252.wav,Pi,1.0,16000,0.066933,0.442352,D:\STUPEN\Heartz\data-science\dataset\clean\Pi\Pi_0252.wav
Pi_0253.wav,Pi,1.0,16000,0.064498,0.328613,D:\STUPEN\Heartz\data-science\dataset\clean\Pi\Pi_0253.wav
Pi_0254.wav,Pi,1.0,16000,0.069282,0.358429,D:\STUPEN\Heartz\data-science\dataset\clean\Pi\Pi_0254.wav
Pi_0255.wav,Pi,1.0,16000,0.073756,0.353973,D:\STUPEN\Heartz\data-science\dataset\clean\Pi\Pi_0255.wav
Pi_0256.wav,Pi,1.0,16000,0.077974,0.391693,D:\STUPEN\Heartz\data-science\dataset\clean\Pi\Pi_0256.wav
Pi_0257.wav,Pi,1.0,16000,0.073756,0.373566,D:\STUPEN\Heartz\data-science\dataset\clean\Pi\Pi_0257.wav
Pi_0258.wav,Pi,1.0,16000,0.073756,0.388275,D:\STUPEN\Heartz\data-science\dataset\clean\Pi\Pi_0258.wav
Pi_0259.wav,Pi,1.0,16000,0.075895,0.417542,D:\STUPEN\Heartz\data-science\dataset\clean\Pi\Pi_0259.wav
Pi_0260.wav,Pi,1.0,16000,0.075895,0.41095,D:\STUPEN\Heartz\data-science\dataset\clean\Pi\Pi_0260.wav
Pi_0261.wav,Pi,1.0,16000,0.071554,0.387939,D:\STUPEN\Heartz\data-science\dataset\clean\Pi\Pi_0261.wav
Pi_0262.wav,Pi,1.0,16000,0.064498,0.373993,D:\STUPEN\Heartz\data-science\dataset\clean\Pi\Pi_0262.wav
Pi_0263.wav,Pi,1.0,16000,0.069282,0.384644,D:\STUPEN\Heartz\data-science\dataset\clean\Pi\Pi_0263.wav
Pi_0264.wav,Pi,1.0,16000,0.071554,0.42923,D:\STUPEN\Heartz\data-science\dataset\clean\Pi\Pi_0264.wav
Pi_0265.wav,Pi,1.0,16000,0.064498,0.40448,D:\STUPEN\Heartz\data-science\dataset\clean\Pi\Pi_0265.wav
Pi_0266.wav,Pi,1.0,16000,0.069282,0.422729,D:\STUPEN\Heartz\data-science\dataset\clean\Pi\Pi_0266.wav
Pi_0267.wav,Pi,1.0,16000,0.064498,0.409637,D:\STUPEN\Heartz\data-science\dataset\clean\Pi\Pi_0267.wav
Pi_0268.wav,Pi,1.0,16000,0.064498,0.358063,D:\STUPEN\Heartz\data-science\dataset\clean\Pi\Pi_0268.wav
Pi_0269.wav,Pi,1.0,16000,0.069282,0.39502,D:\STUPEN\Heartz\data-science\dataset\clean\Pi\Pi_0269.wav
Pi_0270.wav,Pi,1.0,16000,0.069282,0.371185,D:\STUPEN\Heartz\data-science\dataset\clean\Pi\Pi_0270.wav
Pi_0271.wav,Pi,1.0,16000,0.069282,0.384399,D:\STUPEN\Heartz\data-science\dataset\clean\Pi\Pi_0271.wav
Pi_0272.wav,Pi,1.0,16000,0.066933,0.345306,D:\STUPEN\Heartz\data-science\dataset\clean\Pi\Pi_0272.wav
Pi_0273.wav,Pi,1.0,16000,0.069282,0.343079,D:\STUPEN\Heartz\data-science\dataset\clean\Pi\Pi_0273.wav
Pi_0274.wav,Pi,1.0,16000,0.069282,0.350922,D:\STUPEN\Heartz\data-science\dataset\clean\Pi\Pi_0274.wav
Pi_0275.wav,Pi,1.0,16000,0.069282,0.334625,D:\STUPEN\Heartz\data-science\dataset\clean\Pi\Pi_0275.wav
Pi_0276.wav,Pi,1.0,16000,0.066933,0.335083,D:\STUPEN\Heartz\data-science\dataset\clean\Pi\Pi_0276.wav
Pi_0277.wav,Pi,1.0,16000,0.071554,0.361877,D:\STUPEN\Heartz\data-science\dataset\clean\Pi\Pi_0277.wav
Pi_0278.wav,Pi,1.0,16000,0.066933,0.344574,D:\STUPEN\Heartz\data-science\dataset\clean\Pi\Pi_0278.wav
Pi_0279.wav,Pi,1.0,16000,0.066933,0.36319,D:\STUPEN\Heartz\data-science\dataset\clean\Pi\Pi_0279.wav
Pi_0280.wav,Pi,1.0,16000,0.066933,0.359375,D:\STUPEN\Heartz\data-science\dataset\clean\Pi\Pi_0280.wav
Pi_0281.wav,Pi,1.0,16000,0.066933,0.404327,D:\STUPEN\Heartz\data-science\dataset\clean\Pi\Pi_0281.wav
Pi_0282.wav,Pi,1.0,16000,0.069282,0.342834,D:\STUPEN\Heartz\data-science\dataset\clean\Pi\Pi_0282.wav
Pi_0283.wav,Pi,1.0,16000,0.069282,0.360291,D:\STUPEN\Heartz\data-science\dataset\clean\Pi\Pi_0283.wav
Pi_0284.wav,Pi,1.0,16000,0.069282,0.362244,D:\STUPEN\Heartz\data-science\dataset\clean\Pi\Pi_0284.wav
Pi_0285.wav,Pi,1.0,16000,0.073756,0.354828,D:\STUPEN\Heartz\data-science\dataset\clean\Pi\Pi_0285.wav
Pi_0286.wav,Pi,1.0,16000,0.073756,0.342133,D:\STUPEN\Heartz\data-science\dataset\clean\Pi\Pi_0286.wav
Pi_0287.wav,Pi,1.0,16000,0.069282,0.349731,D:\STUPEN\Heartz\data-science\dataset\clean\Pi\Pi_0287.wav
Pi_0288.wav,Pi,1.0,16000,0.071554,0.343842,D:\STUPEN\Heartz\data-science\dataset\clean\Pi\Pi_0288.wav
Pi_0289.wav,Pi,1.0,16000,0.069282,0.356873,D:\STUPEN\Heartz\data-science\dataset\clean\Pi\Pi_0289.wav
Pi_0290.wav,Pi,1.0,16000,0.092952,0.875824,D:\STUPEN\Heartz\data-science\dataset\clean\Pi\Pi_0290.wav
Pi_0291.wav,Pi,1.0,16000,0.066933,0.342804,D:\STUPEN\Heartz\data-science\dataset\clean\Pi\Pi_0291.wav
Pi_0292.wav,Pi,1.0,16000,0.071554,0.395355,D:\STUPEN\Heartz\data-science\dataset\clean\Pi\Pi_0292.wav
Pi_0293.wav,Pi,1.0,16000,0.071554,0.352509,D:\STUPEN\Heartz\data-science\dataset\clean\Pi\Pi_0293.wav
Pi_0294.wav,Pi,1.0,16000,0.075895,0.383118,D:\STUPEN\Heartz\data-science\dataset\clean\Pi\Pi_0294.wav
Pi_0295.wav,Pi,1.0,16000,0.071554,0.366699,D:\STUPEN\Heartz\data-science\dataset\clean\Pi\Pi_0295.wav
Pi_0296.wav,Pi,1.0,16000,0.071554,0.376953,D:\STUPEN\Heartz\data-science\dataset\clean\Pi\Pi_0296.wav
Pi_0297.wav,Pi,1.0,16000,0.071554,0.380157,D:\STUPEN\Heartz\data-science\dataset\clean\Pi\Pi_0297.wav
Pi_0298.wav,Pi,1.0,16000,0.069282,0.361725,D:\STUPEN\Heartz\data-science\dataset\clean\Pi\Pi_0298.wav
Pi_0299.wav,Pi,1.0,16000,0.071554,0.355164,D:\STUPEN\Heartz\data-science\dataset\clean\Pi\Pi_0299.wav
Pi_0300.wav,Pi,1.0,16000,0.071554,0.364197,D:\STUPEN\Heartz\data-science\dataset\clean\Pi\Pi_0300.wav
Pi_0301.wav,Pi,1.0,16000,0.073756,0.351074,D:\STUPEN\Heartz\data-science\dataset\clean\Pi\Pi_0301.wav
Pi_0302.wav,Pi,1.0,16000,0.073756,0.34729,D:\STUPEN\Heartz\data-science\dataset\clean\Pi\Pi_0302.wav
Pi_0303.wav,Pi,1.0,16000,0.069282,0.332947,D:\STUPEN\Heartz\data-science\dataset\clean\Pi\Pi_0303.wav
Pi_0304.wav,Pi,1.0,16000,0.069282,0.339264,D:\STUPEN\Heartz\data-science\dataset\clean\Pi\Pi_0304.wav
Pi_0305.wav,Pi,1.0,16000,0.066933,0.412262,D:\STUPEN\Heartz\data-science\dataset\clean\Pi\Pi_0305.wav
Pi_0306.wav,Pi,1.0,16000,0.066933,0.326813,D:\STUPEN\Heartz\data-science\dataset\clean\Pi\Pi_0306.wav
Pi_0307.wav,Pi,1.0,16000,0.069282,0.362976,D:\STUPEN\Heartz\data-science\dataset\clean\Pi\Pi_0307.wav
Pi_0308.wav,Pi,1.0,16000,0.069282,0.359833,D:\STUPEN\Heartz\data-science\dataset\clean\Pi\Pi_0308.wav
Pi_0309.wav,Pi,1.0,16000,0.069282,0.361633,D:\STUPEN\Heartz\data-science\dataset\clean\Pi\Pi_0309.wav
Pi_0310.wav,Pi,1.0,16000,0.069282,0.333221,D:\STUPEN\Heartz\data-science\dataset\clean\Pi\Pi_0310.wav
Pi_0311.wav,Pi,1.0,16000,0.071554,0.350067,D:\STUPEN\Heartz\data-science\dataset\clean\Pi\Pi_0311.wav
Pi_0312.wav,Pi,1.0,16000,0.069282,0.336395,D:\STUPEN\Heartz\data-science\dataset\clean\Pi\Pi_0312.wav
Pi_0313.wav,Pi,1.0,16000,0.073756,0.333374,D:\STUPEN\Heartz\data-science\dataset\clean\Pi\Pi_0313.wav
Pi_0314.wav,Pi,1.0,16000,0.071554,0.306915,D:\STUPEN\Heartz\data-science\dataset\clean\Pi\Pi_0314.wav
Pi_0315.wav,Pi,1.0,16000,0.071554,0.309723,D:\STUPEN\Heartz\data-science\dataset\clean\Pi\Pi_0315.wav
Pi_0316.wav,Pi,1.0,16000,0.069282,0.30899,D:\STUPEN\Heartz\data-science\dataset\clean\Pi\Pi_0316.wav
Pi_0317.wav,Pi,1.0,16000,0.073756,0.306976,D:\STUPEN\Heartz\data-science\dataset\clean\Pi\Pi_0317.wav
Pi_0318.wav,Pi,1.0,16000,0.069282,0.319824,D:\STUPEN\Heartz\data-science\dataset\clean\Pi\Pi_0318.wav
Pi_0319.wav,Pi,1.0,16000,0.069282,0.313477,D:\STUPEN\Heartz\data-science\dataset\clean\Pi\Pi_0319.wav
Pi_0320.wav,Pi,1.0,16000,0.069282,0.331085,D:\STUPEN\Heartz\data-science\dataset\clean\Pi\Pi_0320.wav
Pi_0321.wav,Pi,1.0,16000,0.069282,0.328247,D:\STUPEN\Heartz\data-science\dataset\clean\Pi\Pi_0321.wav
Pi_0322.wav,Pi,1.0,16000,0.069282,0.363708,D:\STUPEN\Heartz\data-science\dataset\clean\Pi\Pi_0322.wav
Pi_0323.wav,Pi,1.0,16000,0.066933,0.326935,D:\STUPEN\Heartz\data-science\dataset\clean\Pi\Pi_0323.wav
Pi_0324.wav,Pi,1.0,16000,0.071554,0.341522,D:\STUPEN\Heartz\data-science\dataset\clean\Pi\Pi_0324.wav
Pi_0325.wav,Pi,1.0,16000,0.071554,0.344757,D:\STUPEN\Heartz\data-science\dataset\clean\Pi\Pi_0325.wav
Pi_0326.wav,Pi,1.0,16000,0.066933,0.304474,D:\STUPEN\Heartz\data-science\dataset\clean\Pi\Pi_0326.wav
Pi_0327.wav,Pi,1.0,16000,0.071554,0.343933,D:\STUPEN\Heartz\data-science\dataset\clean\Pi\Pi_0327.wav
Pi_0328.wav,Pi,1.0,16000,0.069282,0.344818,D:\STUPEN\Heartz\data-science\dataset\clean\Pi\Pi_0328.wav
Pi_0329.wav,Pi,1.0,16000,0.071554,0.355164,D:\STUPEN\Heartz\data-science\dataset\clean\Pi\Pi_0329.wav
Pi_0330.wav,Pi,1.0,16000,0.069282,0.323669,D:\STUPEN\Heartz\data-science\dataset\clean\Pi\Pi_0330.wav
Pi_0331.wav,Pi,1.0,16000,0.073756,0.368561,D:\STUPEN\Heartz\data-science\dataset\clean\Pi\Pi_0331.wav
Pi_0332.wav,Pi,1.0,16000,0.071554,0.366302,D:\STUPEN\Heartz\data-science\dataset\clean\Pi\Pi_0332.wav
Pi_0333.wav,Pi,1.0,16000,0.071554,0.349518,D:\STUPEN\Heartz\data-science\dataset\clean\Pi\Pi_0333.wav
Pi_0334.wav,Pi,1.0,16000,0.069282,0.353607,D:\STUPEN\Heartz\data-science\dataset\clean\Pi\Pi_0334.wav
Pi_0335.wav,Pi,1.0,16000,0.071554,0.354889,D:\STUPEN\Heartz\data-science\dataset\clean\Pi\Pi_0335.wav
Pi_0336.wav,Pi,1.0,16000,0.069282,0.361328,D:\STUPEN\Heartz\data-science\dataset\clean\Pi\Pi_0336.wav
Pi_0337.wav,Pi,1.0,16000,0.069282,0.321442,D:\STUPEN\Heartz\data-science\dataset\clean\Pi\Pi_0337.wav
Pi_0338.wav,Pi,1.0,16000,0.071554,0.331665,D:\STUPEN\Heartz\data-science\dataset\clean\Pi\Pi_0338.wav
Pi_0339.wav,Pi,1.0,16000,0.066933,0.338287,D:\STUPEN\Heartz\data-science\dataset\clean\Pi\Pi_0339.wav
Pi_0340.wav,Pi,1.0,16000,0.066933,0.296234,D:\STUPEN\Heartz\data-science\dataset\clean\Pi\Pi_0340.wav
Pi_0341.wav,Pi,1.0,16000,0.064498,0.36441,D:\STUPEN\Heartz\data-science\dataset\clean\Pi\Pi_0341.wav
Pi_0342.wav,Pi,1.0,16000,0.066933,0.432159,D:\STUPEN\Heartz\data-science\dataset\clean\Pi\Pi_0342.wav
Pi_0343.wav,Pi,1.0,16000,0.061968,0.366943,D:\STUPEN\Heartz\data-science\dataset\clean\Pi\Pi_0343.wav
Pi_0344.wav,Pi,1.0,16000,0.075895,0.531189,D:\STUPEN\Heartz\data-science\dataset\clean\Pi\Pi_0344.wav
Pi_0345.wav,Pi,1.0,16000,0.077974,0.468994,D:\STUPEN\Heartz\data-science\dataset\clean\Pi\Pi_0345.wav
Pi_0346.wav,Pi,1.0,16000,0.077974,0.497192,D:\STUPEN\Heartz\data-science\dataset\clean\Pi\Pi_0346.wav
Pi_0347.wav,Pi,1.0,16000,0.064498,0.412872,D:\STUPEN\Heartz\data-science\dataset\clean\Pi\Pi_0347.wav
Pi_0348.wav,Pi,1.0,16000,0.077974,0.558563,D:\STUPEN\Heartz\data-science\dataset\clean\Pi\Pi_0348.wav
Pi_0349.wav,Pi,1.0,16000,0.08,0.489227,D:\STUPEN\Heartz\data-science\dataset\clean\Pi\Pi_0349.wav
Pi_0350.wav,Pi,1.0,16000,0.064498,0.480408,D:\STUPEN\Heartz\data-science\dataset\clean\Pi\Pi_0350.wav
Pi_0351.wav,Pi,1.0,16000,0.08,0.516846,D:\STUPEN\Heartz\data-science\dataset\clean\Pi\Pi_0351.wav
Pi_0352.wav,Pi,1.0,16000,0.077974,0.466766,D:\STUPEN\Heartz\data-science\dataset\clean\Pi\Pi_0352.wav
Pi_0353.wav,Pi,1.0,16000,0.064498,0.359375,D:\STUPEN\Heartz\data-science\dataset\clean\Pi\Pi_0353.wav
Pi_0354.wav,Pi,1.0,16000,0.064498,0.349274,D:\STUPEN\Heartz\data-science\dataset\clean\Pi\Pi_0354.wav
Pi_0355.wav,Pi,1.0,16000,0.075895,0.44519,D:\STUPEN\Heartz\data-science\dataset\clean\Pi\Pi_0355.wav
Pi_0356.wav,Pi,1.0,16000,0.077974,0.475464,D:\STUPEN\Heartz\data-science\dataset\clean\Pi\Pi_0356.wav
Pi_0357.wav,Pi,1.0,16000,0.075895,0.418732,D:\STUPEN\Heartz\data-science\dataset\clean\Pi\Pi_0357.wav
Pi_0358.wav,Pi,1.0,16000,0.069282,0.331177,D:\STUPEN\Heartz\data-science\dataset\clean\Pi\Pi_0358.wav
Pi_0359.wav,Pi,1.0,16000,0.069282,0.378662,D:\STUPEN\Heartz\data-science\dataset\clean\Pi\Pi_0359.wav
Pi_0360.wav,Pi,1.0,16000,0.066933,0.412323,D:\STUPEN\Heartz\data-science\dataset\clean\Pi\Pi_0360.wav
Pi_0361.wav,Pi,1.0,16000,0.08,0.433136,D:\STUPEN\Heartz\data-science\dataset\clean\Pi\Pi_0361.wav
Pi_0362.wav,Pi,1.0,16000,0.073757,0.432526,D:\STUPEN\Heartz\data-science\dataset\clean\Pi\Pi_0362.wav
Pi_0363.wav,Pi,1.0,16000,0.071554,0.399353,D:\STUPEN\Heartz\data-science\dataset\clean\Pi\Pi_0363.wav
Pi_0364.wav,Pi,1.0,16000,0.073756,0.417816,D:\STUPEN\Heartz\data-science\dataset\clean\Pi\Pi_0364.wav
Pi_0365.wav,Pi,1.0,16000,0.066933,0.442352,D:\STUPEN\Heartz\data-science\dataset\clean\Pi\Pi_0365.wav
Pi_0366.wav,Pi,1.0,16000,0.064498,0.328613,D:\STUPEN\Heartz\data-science\dataset\clean\Pi\Pi_0366.wav
Pi_0367.wav,Pi,1.0,16000,0.069282,0.358429,D:\STUPEN\Heartz\data-science\dataset\clean\Pi\Pi_0367.wav
Pi_0368.wav,Pi,1.0,16000,0.073756,0.353973,D:\STUPEN\Heartz\data-science\dataset\clean\Pi\Pi_0368.wav
Pi_0369.wav,Pi,1.0,16000,0.077974,0.391693,D:\STUPEN\Heartz\data-science\dataset\clean\Pi\Pi_0369.wav
Pi_0370.wav,Pi,1.0,16000,0.073756,0.373566,D:\STUPEN\Heartz\data-science\dataset\clean\Pi\Pi_0370.wav
Pi_0371.wav,Pi,1.0,16000,0.073756,0.388275,D:\STUPEN\Heartz\data-science\dataset\clean\Pi\Pi_0371.wav
Pi_0372.wav,Pi,1.0,16000,0.075895,0.417542,D:\STUPEN\Heartz\data-science\dataset\clean\Pi\Pi_0372.wav
Pi_0373.wav,Pi,1.0,16000,0.075895,0.41095,D:\STUPEN\Heartz\data-science\dataset\clean\Pi\Pi_0373.wav
Pi_0374.wav,Pi,1.0,16000,0.071554,0.387939,D:\STUPEN\Heartz\data-science\dataset\clean\Pi\Pi_0374.wav
Pi_0375.wav,Pi,1.0,16000,0.064498,0.373993,D:\STUPEN\Heartz\data-science\dataset\clean\Pi\Pi_0375.wav
Pi_0376.wav,Pi,1.0,16000,0.069282,0.384644,D:\STUPEN\Heartz\data-science\dataset\clean\Pi\Pi_0376.wav
Pi_0377.wav,Pi,1.0,16000,0.071554,0.42923,D:\STUPEN\Heartz\data-science\dataset\clean\Pi\Pi_0377.wav
Pi_0378.wav,Pi,1.0,16000,0.064498,0.40448,D:\STUPEN\Heartz\data-science\dataset\clean\Pi\Pi_0378.wav
Pi_0379.wav,Pi,1.0,16000,0.069282,0.422729,D:\STUPEN\Heartz\data-science\dataset\clean\Pi\Pi_0379.wav
Pi_0380.wav,Pi,1.0,16000,0.064498,0.409637,D:\STUPEN\Heartz\data-science\dataset\clean\Pi\Pi_0380.wav
Pi_0381.wav,Pi,1.0,16000,0.064498,0.358063,D:\STUPEN\Heartz\data-science\dataset\clean\Pi\Pi_0381.wav
Pi_0382.wav,Pi,1.0,16000,0.069282,0.39502,D:\STUPEN\Heartz\data-science\dataset\clean\Pi\Pi_0382.wav
Pi_0383.wav,Pi,1.0,16000,0.069282,0.371185,D:\STUPEN\Heartz\data-science\dataset\clean\Pi\Pi_0383.wav
Pi_0384.wav,Pi,1.0,16000,0.069282,0.384399,D:\STUPEN\Heartz\data-science\dataset\clean\Pi\Pi_0384.wav
Pi_0385.wav,Pi,1.0,16000,0.066933,0.345306,D:\STUPEN\Heartz\data-science\dataset\clean\Pi\Pi_0385.wav
Pi_0386.wav,Pi,1.0,16000,0.069282,0.343079,D:\STUPEN\Heartz\data-science\dataset\clean\Pi\Pi_0386.wav
Pi_0387.wav,Pi,1.0,16000,0.069282,0.350922,D:\STUPEN\Heartz\data-science\dataset\clean\Pi\Pi_0387.wav
Pi_0388.wav,Pi,1.0,16000,0.069282,0.334625,D:\STUPEN\Heartz\data-science\dataset\clean\Pi\Pi_0388.wav
Pi_0389.wav,Pi,1.0,16000,0.066933,0.335083,D:\STUPEN\Heartz\data-science\dataset\clean\Pi\Pi_0389.wav
Pi_0390.wav,Pi,1.0,16000,0.071554,0.361877,D:\STUPEN\Heartz\data-science\dataset\clean\Pi\Pi_0390.wav
Pi_0391.wav,Pi,1.0,16000,0.066933,0.344574,D:\STUPEN\Heartz\data-science\dataset\clean\Pi\Pi_0391.wav
Pi_0392.wav,Pi,1.0,16000,0.066933,0.36319,D:\STUPEN\Heartz\data-science\dataset\clean\Pi\Pi_0392.wav
Pi_0393.wav,Pi,1.0,16000,0.066933,0.359375,D:\STUPEN\Heartz\data-science\dataset\clean\Pi\Pi_0393.wav
Pi_0394.wav,Pi,1.0,16000,0.066933,0.404327,D:\STUPEN\Heartz\data-science\dataset\clean\Pi\Pi_0394.wav
Pi_0395.wav,Pi,1.0,16000,0.069282,0.342834,D:\STUPEN\Heartz\data-science\dataset\clean\Pi\Pi_0395.wav
Pi_0396.wav,Pi,1.0,16000,0.069282,0.360291,D:\STUPEN\Heartz\data-science\dataset\clean\Pi\Pi_0396.wav
Pi_0397.wav,Pi,1.0,16000,0.069282,0.362244,D:\STUPEN\Heartz\data-science\dataset\clean\Pi\Pi_0397.wav
Pi_0398.wav,Pi,1.0,16000,0.073756,0.354828,D:\STUPEN\Heartz\data-science\dataset\clean\Pi\Pi_0398.wav
Pi_0399.wav,Pi,1.0,16000,0.073756,0.342133,D:\STUPEN\Heartz\data-science\dataset\clean\Pi\Pi_0399.wav
Pi_0400.wav,Pi,1.0,16000,0.069282,0.349731,D:\STUPEN\Heartz\data-science\dataset\clean\Pi\Pi_0400.wav
Pi_0401.wav,Pi,1.0,16000,0.071554,0.343842,D:\STUPEN\Heartz\data-science\dataset\clean\Pi\Pi_0401.wav
Pi_0402.wav,Pi,1.0,16000,0.069282,0.356873,D:\STUPEN\Heartz\data-science\dataset\clean\Pi\Pi_0402.wav
Pi_0403.wav,Pi,1.0,16000,0.092952,0.875824,D:\STUPEN\Heartz\data-science\dataset\clean\Pi\Pi_0403.wav
Pi_0404.wav,Pi,1.0,16000,0.066933,0.342804,D:\STUPEN\Heartz\data-science\dataset\clean\Pi\Pi_0404.wav
Pi_0405.wav,Pi,1.0,16000,0.071554,0.395355,D:\STUPEN\Heartz\data-science\dataset\clean\Pi\Pi_0405.wav
Pi_0406.wav,Pi,1.0,16000,0.071554,0.352509,D:\STUPEN\Heartz\data-science\dataset\clean\Pi\Pi_0406.wav
Pi_0407.wav,Pi,1.0,16000,0.075895,0.383118,D:\STUPEN\Heartz\data-science\dataset\clean\Pi\Pi_0407.wav
Pi_0408.wav,Pi,1.0,16000,0.071554,0.366699,D:\STUPEN\Heartz\data-science\dataset\clean\Pi\Pi_0408.wav
Pi_0409.wav,Pi,1.0,16000,0.071554,0.376953,D:\STUPEN\Heartz\data-science\dataset\clean\Pi\Pi_0409.wav
Pi_0410.wav,Pi,1.0,16000,0.071554,0.380157,D:\STUPEN\Heartz\data-science\dataset\clean\Pi\Pi_0410.wav
Pi_0411.wav,Pi,1.0,16000,0.069282,0.361725,D:\STUPEN\Heartz\data-science\dataset\clean\Pi\Pi_0411.wav
Pi_0412.wav,Pi,1.0,16000,0.071554,0.355164,D:\STUPEN\Heartz\data-science\dataset\clean\Pi\Pi_0412.wav
Pi_0413.wav,Pi,1.0,16000,0.071554,0.364197,D:\STUPEN\Heartz\data-science\dataset\clean\Pi\Pi_0413.wav
Pi_0414.wav,Pi,1.0,16000,0.073756,0.351074,D:\STUPEN\Heartz\data-science\dataset\clean\Pi\Pi_0414.wav
Pi_0415.wav,Pi,1.0,16000,0.073756,0.34729,D:\STUPEN\Heartz\data-science\dataset\clean\Pi\Pi_0415.wav
Pi_0416.wav,Pi,1.0,16000,0.069282,0.332947,D:\STUPEN\Heartz\data-science\dataset\clean\Pi\Pi_0416.wav
Pi_0417.wav,Pi,1.0,16000,0.069282,0.339264,D:\STUPEN\Heartz\data-science\dataset\clean\Pi\Pi_0417.wav
Pi_0418.wav,Pi,1.0,16000,0.066933,0.412262,D:\STUPEN\Heartz\data-science\dataset\clean\Pi\Pi_0418.wav
Pi_0419.wav,Pi,1.0,16000,0.066933,0.326813,D:\STUPEN\Heartz\data-science\dataset\clean\Pi\Pi_0419.wav
Pi_0420.wav,Pi,1.0,16000,0.069282,0.362976,D:\STUPEN\Heartz\data-science\dataset\clean\Pi\Pi_0420.wav
Pi_0421.wav,Pi,1.0,16000,0.069282,0.359833,D:\STUPEN\Heartz\data-science\dataset\clean\Pi\Pi_0421.wav
Pi_0422.wav,Pi,1.0,16000,0.069282,0.361633,D:\STUPEN\Heartz\data-science\dataset\clean\Pi\Pi_0422.wav
Pi_0423.wav,Pi,1.0,16000,0.069282,0.333221,D:\STUPEN\Heartz\data-science\dataset\clean\Pi\Pi_0423.wav
Pi_0424.wav,Pi,1.0,16000,0.071554,0.350067,D:\STUPEN\Heartz\data-science\dataset\clean\Pi\Pi_0424.wav
Pi_0425.wav,Pi,1.0,16000,0.069282,0.336395,D:\STUPEN\Heartz\data-science\dataset\clean\Pi\Pi_0425.wav
Pi_0426.wav,Pi,1.0,16000,0.073756,0.333374,D:\STUPEN\Heartz\data-science\dataset\clean\Pi\Pi_0426.wav
Pi_0427.wav,Pi,1.0,16000,0.071554,0.306915,D:\STUPEN\Heartz\data-science\dataset\clean\Pi\Pi_0427.wav
Pi_0428.wav,Pi,1.0,16000,0.071554,0.309723,D:\STUPEN\Heartz\data-science\dataset\clean\Pi\Pi_0428.wav
Pi_0429.wav,Pi,1.0,16000,0.069282,0.30899,D:\STUPEN\Heartz\data-science\dataset\clean\Pi\Pi_0429.wav
Pi_0430.wav,Pi,1.0,16000,0.073756,0.306976,D:\STUPEN\Heartz\data-science\dataset\clean\Pi\Pi_0430.wav
Pi_0431.wav,Pi,1.0,16000,0.069282,0.319824,D:\STUPEN\Heartz\data-science\dataset\clean\Pi\Pi_0431.wav
Pi_0432.wav,Pi,1.0,16000,0.069282,0.313477,D:\STUPEN\Heartz\data-science\dataset\clean\Pi\Pi_0432.wav
Pi_0433.wav,Pi,1.0,16000,0.069282,0.331085,D:\STUPEN\Heartz\data-science\dataset\clean\Pi\Pi_0433.wav
Pi_0434.wav,Pi,1.0,16000,0.069282,0.328247,D:\STUPEN\Heartz\data-science\dataset\clean\Pi\Pi_0434.wav
Pi_0435.wav,Pi,1.0,16000,0.069282,0.363708,D:\STUPEN\Heartz\data-science\dataset\clean\Pi\Pi_0435.wav
Pi_0436.wav,Pi,1.0,16000,0.066933,0.326935,D:\STUPEN\Heartz\data-science\dataset\clean\Pi\Pi_0436.wav
Pi_0437.wav,Pi,1.0,16000,0.071554,0.341522,D:\STUPEN\Heartz\data-science\dataset\clean\Pi\Pi_0437.wav
Pi_0438.wav,Pi,1.0,16000,0.071554,0.344757,D:\STUPEN\Heartz\data-science\dataset\clean\Pi\Pi_0438.wav
Pi_0439.wav,Pi,1.0,16000,0.066933,0.304474,D:\STUPEN\Heartz\data-science\dataset\clean\Pi\Pi_0439.wav
Pi_0440.wav,Pi,1.0,16000,0.071554,0.343933,D:\STUPEN\Heartz\data-science\dataset\clean\Pi\Pi_0440.wav
Pi_0441.wav,Pi,1.0,16000,0.069282,0.344818,D:\STUPEN\Heartz\data-science\dataset\clean\Pi\Pi_0441.wav
Pi_0442.wav,Pi,1.0,16000,0.071554,0.355164,D:\STUPEN\Heartz\data-science\dataset\clean\Pi\Pi_0442.wav
Pi_0443.wav,Pi,1.0,16000,0.069282,0.323669,D:\STUPEN\Heartz\data-science\dataset\clean\Pi\Pi_0443.wav
Pi_0444.wav,Pi,1.0,16000,0.073756,0.368561,D:\STUPEN\Heartz\data-science\dataset\clean\Pi\Pi_0444.wav
Pi_0445.wav,Pi,1.0,16000,0.071554,0.366302,D:\STUPEN\Heartz\data-science\dataset\clean\Pi\Pi_0445.wav
Pi_0446.wav,Pi,1.0,16000,0.071554,0.349518,D:\STUPEN\Heartz\data-science\dataset\clean\Pi\Pi_0446.wav
Pi_0447.wav,Pi,1.0,16000,0.069282,0.353607,D:\STUPEN\Heartz\data-science\dataset\clean\Pi\Pi_0447.wav
Pi_0448.wav,Pi,1.0,16000,0.071554,0.354889,D:\STUPEN\Heartz\data-science\dataset\clean\Pi\Pi_0448.wav
Pi_0449.wav,Pi,1.0,16000,0.069282,0.361328,D:\STUPEN\Heartz\data-science\dataset\clean\Pi\Pi_0449.wav
Pi_0450.wav,Pi,1.0,16000,0.069282,0.321442,D:\STUPEN\Heartz\data-science\dataset\clean\Pi\Pi_0450.wav
Pi_0451.wav,Pi,1.0,16000,0.071554,0.331665,D:\STUPEN\Heartz\data-science\dataset\clean\Pi\Pi_0451.wav
Pi_0452.wav,Pi,1.0,16000,0.066933,0.338287,D:\STUPEN\Heartz\data-science\dataset\clean\Pi\Pi_0452.wav
Po_0001.wav,Po,1.0,16000,0.071554,0.627136,D:\STUPEN\Heartz\data-science\dataset\clean\Po\Po_0001.wav
Po_0002.wav,Po,1.0,16000,0.08,0.589478,D:\STUPEN\Heartz\data-science\dataset\clean\Po\Po_0002.wav
Po_0003.wav,Po,1.0,16000,0.069282,0.595825,D:\STUPEN\Heartz\data-science\dataset\clean\Po\Po_0003.wav
Po_0004.wav,Po,1.0,16000,0.073756,0.598267,D:\STUPEN\Heartz\data-science\dataset\clean\Po\Po_0004.wav
Po_0005.wav,Po,1.0,16000,0.073756,0.749878,D:\STUPEN\Heartz\data-science\dataset\clean\Po\Po_0005.wav
Po_0006.wav,Po,1.0,16000,0.066933,0.51236,D:\STUPEN\Heartz\data-science\dataset\clean\Po\Po_0006.wav
Po_0007.wav,Po,1.0,16000,0.073756,0.56604,D:\STUPEN\Heartz\data-science\dataset\clean\Po\Po_0007.wav
Po_0008.wav,Po,1.0,16000,0.066933,0.516785,D:\STUPEN\Heartz\data-science\dataset\clean\Po\Po_0008.wav
Po_0009.wav,Po,1.0,16000,0.069282,0.475311,D:\STUPEN\Heartz\data-science\dataset\clean\Po\Po_0009.wav
Po_0010.wav,Po,1.0,16000,0.064498,0.499634,D:\STUPEN\Heartz\data-science\dataset\clean\Po\Po_0010.wav
Po_0011.wav,Po,1.0,16000,0.071554,0.580139,D:\STUPEN\Heartz\data-science\dataset\clean\Po\Po_0011.wav
Po_0012.wav,Po,1.0,16000,0.069282,0.460449,D:\STUPEN\Heartz\data-science\dataset\clean\Po\Po_0012.wav
Po_0013.wav,Po,1.0,16000,0.069282,0.569458,D:\STUPEN\Heartz\data-science\dataset\clean\Po\Po_0013.wav
Po_0014.wav,Po,1.0,16000,0.075895,0.501404,D:\STUPEN\Heartz\data-science\dataset\clean\Po\Po_0014.wav
Po_0015.wav,Po,1.0,16000,0.073756,0.643707,D:\STUPEN\Heartz\data-science\dataset\clean\Po\Po_0015.wav
Po_0016.wav,Po,1.0,16000,0.071554,0.938782,D:\STUPEN\Heartz\data-science\dataset\clean\Po\Po_0016.wav
Po_0017.wav,Po,1.0,16000,0.066933,0.506317,D:\STUPEN\Heartz\data-science\dataset\clean\Po\Po_0017.wav
Po_0018.wav,Po,1.0,16000,0.049644,0.98999,D:\STUPEN\Heartz\data-science\dataset\clean\Po\Po_0018.wav
Po_0019.wav,Po,1.0,16000,0.064498,0.609924,D:\STUPEN\Heartz\data-science\dataset\clean\Po\Po_0019.wav
Po_0020.wav,Po,1.0,16000,0.066933,0.641663,D:\STUPEN\Heartz\data-science\dataset\clean\Po\Po_0020.wav
Po_0021.wav,Po,1.0,16000,0.066933,0.604675,D:\STUPEN\Heartz\data-science\dataset\clean\Po\Po_0021.wav
Po_0022.wav,Po,1.0,16000,0.066933,0.635254,D:\STUPEN\Heartz\data-science\dataset\clean\Po\Po_0022.wav
Po_0023.wav,Po,1.0,16000,0.071554,0.473114,D:\STUPEN\Heartz\data-science\dataset\clean\Po\Po_0023.wav
Po_0024.wav,Po,1.0,16000,0.066933,0.576569,D:\STUPEN\Heartz\data-science\dataset\clean\Po\Po_0024.wav
Po_0025.wav,Po,1.0,16000,0.069282,0.64679,D:\STUPEN\Heartz\data-science\dataset\clean\Po\Po_0025.wav
Po_0026.wav,Po,1.0,16000,0.064498,0.55484,D:\STUPEN\Heartz\data-science\dataset\clean\Po\Po_0026.wav
Po_0027.wav,Po,1.0,16000,0.069282,0.757629,D:\STUPEN\Heartz\data-science\dataset\clean\Po\Po_0027.wav
Po_0028.wav,Po,1.0,16000,0.069282,0.450775,D:\STUPEN\Heartz\data-science\dataset\clean\Po\Po_0028.wav
Po_0029.wav,Po,1.0,16000,0.071554,0.550476,D:\STUPEN\Heartz\data-science\dataset\clean\Po\Po_0029.wav
Po_0030.wav,Po,1.0,16000,0.073756,0.631134,D:\STUPEN\Heartz\data-science\dataset\clean\Po\Po_0030.wav
Po_0031.wav,Po,1.0,16000,0.08,0.701019,D:\STUPEN\Heartz\data-science\dataset\clean\Po\Po_0031.wav
Po_0032.wav,Po,1.0,16000,0.075895,0.405029,D:\STUPEN\Heartz\data-science\dataset\clean\Po\Po_0032.wav
Po_0033.wav,Po,1.0,16000,0.071554,0.432373,D:\STUPEN\Heartz\data-science\dataset\clean\Po\Po_0033.wav
Po_0034.wav,Po,1.0,16000,0.073756,0.535889,D:\STUPEN\Heartz\data-science\dataset\clean\Po\Po_0034.wav
Po_0035.wav,Po,1.0,16000,0.061968,0.469513,D:\STUPEN\Heartz\data-science\dataset\clean\Po\Po_0035.wav
Po_0036.wav,Po,1.0,16000,0.071554,0.506531,D:\STUPEN\Heartz\data-science\dataset\clean\Po\Po_0036.wav
Po_0037.wav,Po,1.0,16000,0.075894,0.498322,D:\STUPEN\Heartz\data-science\dataset\clean\Po\Po_0037.wav
Po_0038.wav,Po,1.0,16000,0.071554,0.437622,D:\STUPEN\Heartz\data-science\dataset\clean\Po\Po_0038.wav
Po_0039.wav,Po,1.0,16000,0.073756,0.452637,D:\STUPEN\Heartz\data-science\dataset\clean\Po\Po_0039.wav
Po_0040.wav,Po,1.0,16000,0.073756,0.450806,D:\STUPEN\Heartz\data-science\dataset\clean\Po\Po_0040.wav
Po_0041.wav,Po,1.0,16000,0.08,0.664795,D:\STUPEN\Heartz\data-science\dataset\clean\Po\Po_0041.wav
Po_0042.wav,Po,1.0,16000,0.066933,0.630249,D:\STUPEN\Heartz\data-science\dataset\clean\Po\Po_0042.wav
Po_0043.wav,Po,1.0,16000,0.069282,0.83844,D:\STUPEN\Heartz\data-science\dataset\clean\Po\Po_0043.wav
Po_0044.wav,Po,1.0,16000,0.066933,0.558197,D:\STUPEN\Heartz\data-science\dataset\clean\Po\Po_0044.wav
Po_0045.wav,Po,1.0,16000,0.069282,0.534149,D:\STUPEN\Heartz\data-science\dataset\clean\Po\Po_0045.wav
Po_0046.wav,Po,1.0,16000,0.066933,0.48465,D:\STUPEN\Heartz\data-science\dataset\clean\Po\Po_0046.wav
Po_0047.wav,Po,1.0,16000,0.064498,0.498138,D:\STUPEN\Heartz\data-science\dataset\clean\Po\Po_0047.wav
Po_0048.wav,Po,1.0,16000,0.069282,0.492767,D:\STUPEN\Heartz\data-science\dataset\clean\Po\Po_0048.wav
Po_0049.wav,Po,1.0,16000,0.069282,0.487305,D:\STUPEN\Heartz\data-science\dataset\clean\Po\Po_0049.wav
Po_0050.wav,Po,1.0,16000,0.064498,0.614624,D:\STUPEN\Heartz\data-science\dataset\clean\Po\Po_0050.wav
Po_0051.wav,Po,1.0,16000,0.066933,0.474579,D:\STUPEN\Heartz\data-science\dataset\clean\Po\Po_0051.wav
Po_0052.wav,Po,1.0,16000,0.061968,0.44989,D:\STUPEN\Heartz\data-science\dataset\clean\Po\Po_0052.wav
Po_0053.wav,Po,1.0,16000,0.066933,0.636475,D:\STUPEN\Heartz\data-science\dataset\clean\Po\Po_0053.wav
Po_0054.wav,Po,1.0,16000,0.066933,0.518127,D:\STUPEN\Heartz\data-science\dataset\clean\Po\Po_0054.wav
Po_0055.wav,Po,1.0,16000,0.066933,0.506439,D:\STUPEN\Heartz\data-science\dataset\clean\Po\Po_0055.wav
Po_0056.wav,Po,1.0,16000,0.069282,0.512939,D:\STUPEN\Heartz\data-science\dataset\clean\Po\Po_0056.wav
Po_0057.wav,Po,1.0,16000,0.066933,0.4823,D:\STUPEN\Heartz\data-science\dataset\clean\Po\Po_0057.wav
Po_0058.wav,Po,1.0,16000,0.066933,0.564514,D:\STUPEN\Heartz\data-science\dataset\clean\Po\Po_0058.wav
Po_0059.wav,Po,1.0,16000,0.066933,0.493225,D:\STUPEN\Heartz\data-science\dataset\clean\Po\Po_0059.wav
Po_0060.wav,Po,1.0,16000,0.066933,0.428986,D:\STUPEN\Heartz\data-science\dataset\clean\Po\Po_0060.wav
Po_0061.wav,Po,1.0,16000,0.069282,0.605957,D:\STUPEN\Heartz\data-science\dataset\clean\Po\Po_0061.wav
Po_0062.wav,Po,1.0,16000,0.066933,0.539398,D:\STUPEN\Heartz\data-science\dataset\clean\Po\Po_0062.wav
Po_0063.wav,Po,1.0,16000,0.071554,0.479858,D:\STUPEN\Heartz\data-science\dataset\clean\Po\Po_0063.wav
Po_0064.wav,Po,1.0,16000,0.069282,0.662537,D:\STUPEN\Heartz\data-science\dataset\clean\Po\Po_0064.wav
Po_0065.wav,Po,1.0,16000,0.071554,0.446991,D:\STUPEN\Heartz\data-science\dataset\clean\Po\Po_0065.wav
Po_0066.wav,Po,1.0,16000,0.061968,0.399353,D:\STUPEN\Heartz\data-science\dataset\clean\Po\Po_0066.wav
Po_0067.wav,Po,1.0,16000,0.069282,0.499969,D:\STUPEN\Heartz\data-science\dataset\clean\Po\Po_0067.wav
Po_0068.wav,Po,1.0,16000,0.073756,0.598145,D:\STUPEN\Heartz\data-science\dataset\clean\Po\Po_0068.wav
Po_0069.wav,Po,1.0,16000,0.08,0.402954,D:\STUPEN\Heartz\data-science\dataset\clean\Po\Po_0069.wav
Po_0070.wav,Po,1.0,16000,0.066933,0.487793,D:\STUPEN\Heartz\data-science\dataset\clean\Po\Po_0070.wav
Po_0071.wav,Po,1.0,16000,0.071554,0.437714,D:\STUPEN\Heartz\data-science\dataset\clean\Po\Po_0071.wav
Po_0072.wav,Po,1.0,16000,0.071554,0.460876,D:\STUPEN\Heartz\data-science\dataset\clean\Po\Po_0072.wav
Po_0073.wav,Po,1.0,16000,0.073756,0.762146,D:\STUPEN\Heartz\data-science\dataset\clean\Po\Po_0073.wav
Po_0074.wav,Po,1.0,16000,0.071554,0.450684,D:\STUPEN\Heartz\data-science\dataset\clean\Po\Po_0074.wav
Po_0075.wav,Po,1.0,16000,0.066933,0.568085,D:\STUPEN\Heartz\data-science\dataset\clean\Po\Po_0075.wav
Po_0076.wav,Po,1.0,16000,0.077974,0.418549,D:\STUPEN\Heartz\data-science\dataset\clean\Po\Po_0076.wav
Po_0077.wav,Po,1.0,16000,0.073756,0.457977,D:\STUPEN\Heartz\data-science\dataset\clean\Po\Po_0077.wav
Po_0078.wav,Po,1.0,16000,0.075895,0.427368,D:\STUPEN\Heartz\data-science\dataset\clean\Po\Po_0078.wav
Po_0079.wav,Po,1.0,16000,0.071554,0.480988,D:\STUPEN\Heartz\data-science\dataset\clean\Po\Po_0079.wav
Po_0080.wav,Po,1.0,16000,0.069282,0.406647,D:\STUPEN\Heartz\data-science\dataset\clean\Po\Po_0080.wav
Po_0081.wav,Po,1.0,16000,0.073756,0.391327,D:\STUPEN\Heartz\data-science\dataset\clean\Po\Po_0081.wav
Po_0082.wav,Po,1.0,16000,0.061968,0.499603,D:\STUPEN\Heartz\data-science\dataset\clean\Po\Po_0082.wav
Po_0083.wav,Po,1.0,16000,0.064498,0.455902,D:\STUPEN\Heartz\data-science\dataset\clean\Po\Po_0083.wav
Po_0084.wav,Po,1.0,16000,0.064498,0.513763,D:\STUPEN\Heartz\data-science\dataset\clean\Po\Po_0084.wav
Po_0085.wav,Po,1.0,16000,0.075895,0.461487,D:\STUPEN\Heartz\data-science\dataset\clean\Po\Po_0085.wav
Po_0086.wav,Po,1.0,16000,0.077975,0.469391,D:\STUPEN\Heartz\data-science\dataset\clean\Po\Po_0086.wav
Po_0087.wav,Po,1.0,16000,0.073756,0.554657,D:\STUPEN\Heartz\data-science\dataset\clean\Po\Po_0087.wav
Po_0088.wav,Po,1.0,16000,0.069282,0.577637,D:\STUPEN\Heartz\data-science\dataset\clean\Po\Po_0088.wav
Po_0089.wav,Po,1.0,16000,0.069282,0.55954,D:\STUPEN\Heartz\data-science\dataset\clean\Po\Po_0089.wav
Po_0090.wav,Po,1.0,16000,0.073756,0.64325,D:\STUPEN\Heartz\data-science\dataset\clean\Po\Po_0090.wav
Po_0091.wav,Po,1.0,16000,0.071554,0.566162,D:\STUPEN\Heartz\data-science\dataset\clean\Po\Po_0091.wav
Po_0092.wav,Po,1.0,16000,0.061968,0.545105,D:\STUPEN\Heartz\data-science\dataset\clean\Po\Po_0092.wav
Po_0093.wav,Po,1.0,16000,0.085791,0.585419,D:\STUPEN\Heartz\data-science\dataset\clean\Po\Po_0093.wav
Po_0094.wav,Po,1.0,16000,0.073756,0.506012,D:\STUPEN\Heartz\data-science\dataset\clean\Po\Po_0094.wav
Po_0095.wav,Po,1.0,16000,0.073756,0.516052,D:\STUPEN\Heartz\data-science\dataset\clean\Po\Po_0095.wav
Po_0096.wav,Po,1.0,16000,0.071554,0.593964,D:\STUPEN\Heartz\data-science\dataset\clean\Po\Po_0096.wav
Po_0097.wav,Po,1.0,16000,0.075895,0.515991,D:\STUPEN\Heartz\data-science\dataset\clean\Po\Po_0097.wav
Po_0098.wav,Po,1.0,16000,0.073756,0.495056,D:\STUPEN\Heartz\data-science\dataset\clean\Po\Po_0098.wav
Po_0099.wav,Po,1.0,16000,0.075895,0.492737,D:\STUPEN\Heartz\data-science\dataset\clean\Po\Po_0099.wav
Po_0100.wav,Po,1.0,16000,0.073756,0.478149,D:\STUPEN\Heartz\data-science\dataset\clean\Po\Po_0100.wav
Po_0101.wav,Po,1.0,16000,0.069282,0.442261,D:\STUPEN\Heartz\data-science\dataset\clean\Po\Po_0101.wav
Po_0102.wav,Po,1.0,16000,0.069282,0.51944,D:\STUPEN\Heartz\data-science\dataset\clean\Po\Po_0102.wav
Po_0103.wav,Po,1.0,16000,0.066933,0.623016,D:\STUPEN\Heartz\data-science\dataset\clean\Po\Po_0103.wav
Po_0104.wav,Po,1.0,16000,0.071554,0.462433,D:\STUPEN\Heartz\data-science\dataset\clean\Po\Po_0104.wav
Po_0105.wav,Po,1.0,16000,0.066933,0.591614,D:\STUPEN\Heartz\data-science\dataset\clean\Po\Po_0105.wav
Po_0106.wav,Po,1.0,16000,0.071554,0.604767,D:\STUPEN\Heartz\data-science\dataset\clean\Po\Po_0106.wav
Po_0107.wav,Po,1.0,16000,0.073756,0.551514,D:\STUPEN\Heartz\data-science\dataset\clean\Po\Po_0107.wav
Po_0108.wav,Po,1.0,16000,0.066933,0.503601,D:\STUPEN\Heartz\data-science\dataset\clean\Po\Po_0108.wav
Po_0109.wav,Po,1.0,16000,0.073756,0.514343,D:\STUPEN\Heartz\data-science\dataset\clean\Po\Po_0109.wav
Po_0110.wav,Po,1.0,16000,0.071554,0.558502,D:\STUPEN\Heartz\data-science\dataset\clean\Po\Po_0110.wav
Po_0111.wav,Po,1.0,16000,0.066933,0.505127,D:\STUPEN\Heartz\data-science\dataset\clean\Po\Po_0111.wav
Po_0112.wav,Po,1.0,16000,0.069282,0.454285,D:\STUPEN\Heartz\data-science\dataset\clean\Po\Po_0112.wav
Po_0113.wav,Po,1.0,16000,0.073756,0.495605,D:\STUPEN\Heartz\data-science\dataset\clean\Po\Po_0113.wav
Po_0114.wav,Po,1.0,16000,0.073756,0.581909,D:\STUPEN\Heartz\data-science\dataset\clean\Po\Po_0114.wav
Po_0115.wav,Po,1.0,16000,0.075895,0.533997,D:\STUPEN\Heartz\data-science\dataset\clean\Po\Po_0115.wav
Po_0116.wav,Po,1.0,16000,0.071554,0.489197,D:\STUPEN\Heartz\data-science\dataset\clean\Po\Po_0116.wav
Po_0117.wav,Po,1.0,16000,0.071554,0.434509,D:\STUPEN\Heartz\data-science\dataset\clean\Po\Po_0117.wav
Po_0118.wav,Po,1.0,16000,0.083905,0.746399,D:\STUPEN\Heartz\data-science\dataset\clean\Po\Po_0118.wav
Po_0119.wav,Po,1.0,16000,0.08,0.443146,D:\STUPEN\Heartz\data-science\dataset\clean\Po\Po_0119.wav
Po_0120.wav,Po,1.0,16000,0.071554,0.432098,D:\STUPEN\Heartz\data-science\dataset\clean\Po\Po_0120.wav
Po_0121.wav,Po,1.0,16000,0.071554,0.560242,D:\STUPEN\Heartz\data-science\dataset\clean\Po\Po_0121.wav
Po_0122.wav,Po,1.0,16000,0.077974,0.755127,D:\STUPEN\Heartz\data-science\dataset\clean\Po\Po_0122.wav
Po_0123.wav,Po,1.0,16000,0.069282,0.467102,D:\STUPEN\Heartz\data-science\dataset\clean\Po\Po_0123.wav
Po_0124.wav,Po,1.0,16000,0.064498,0.420258,D:\STUPEN\Heartz\data-science\dataset\clean\Po\Po_0124.wav
Po_0125.wav,Po,1.0,16000,0.073756,0.507935,D:\STUPEN\Heartz\data-science\dataset\clean\Po\Po_0125.wav
Po_0126.wav,Po,1.0,16000,0.075895,0.456177,D:\STUPEN\Heartz\data-science\dataset\clean\Po\Po_0126.wav
Po_0127.wav,Po,1.0,16000,0.066933,0.468475,D:\STUPEN\Heartz\data-science\dataset\clean\Po\Po_0127.wav
Po_0128.wav,Po,1.0,16000,0.077974,0.450562,D:\STUPEN\Heartz\data-science\dataset\clean\Po\Po_0128.wav
Po_0129.wav,Po,1.0,16000,0.069282,0.413635,D:\STUPEN\Heartz\data-science\dataset\clean\Po\Po_0129.wav
Po_0130.wav,Po,1.0,16000,0.069282,0.42749,D:\STUPEN\Heartz\data-science\dataset\clean\Po\Po_0130.wav
Po_0131.wav,Po,1.0,16000,0.069282,0.658508,D:\STUPEN\Heartz\data-science\dataset\clean\Po\Po_0131.wav
Po_0132.wav,Po,1.0,16000,0.075895,0.464691,D:\STUPEN\Heartz\data-science\dataset\clean\Po\Po_0132.wav
Po_0133.wav,Po,1.0,16000,0.071554,0.627136,D:\STUPEN\Heartz\data-science\dataset\clean\Po\Po_0133.wav
Po_0134.wav,Po,1.0,16000,0.08,0.589478,D:\STUPEN\Heartz\data-science\dataset\clean\Po\Po_0134.wav
Po_0135.wav,Po,1.0,16000,0.069282,0.595825,D:\STUPEN\Heartz\data-science\dataset\clean\Po\Po_0135.wav
Po_0136.wav,Po,1.0,16000,0.073756,0.598267,D:\STUPEN\Heartz\data-science\dataset\clean\Po\Po_0136.wav
Po_0137.wav,Po,1.0,16000,0.073756,0.749878,D:\STUPEN\Heartz\data-science\dataset\clean\Po\Po_0137.wav
Po_0138.wav,Po,1.0,16000,0.066933,0.51236,D:\STUPEN\Heartz\data-science\dataset\clean\Po\Po_0138.wav
Po_0139.wav,Po,1.0,16000,0.073756,0.56604,D:\STUPEN\Heartz\data-science\dataset\clean\Po\Po_0139.wav
Po_0140.wav,Po,1.0,16000,0.066933,0.516785,D:\STUPEN\Heartz\data-science\dataset\clean\Po\Po_0140.wav
Po_0141.wav,Po,1.0,16000,0.069282,0.475311,D:\STUPEN\Heartz\data-science\dataset\clean\Po\Po_0141.wav
Po_0142.wav,Po,1.0,16000,0.064498,0.499634,D:\STUPEN\Heartz\data-science\dataset\clean\Po\Po_0142.wav
Po_0143.wav,Po,1.0,16000,0.071554,0.580139,D:\STUPEN\Heartz\data-science\dataset\clean\Po\Po_0143.wav
Po_0144.wav,Po,1.0,16000,0.069282,0.460449,D:\STUPEN\Heartz\data-science\dataset\clean\Po\Po_0144.wav
Po_0145.wav,Po,1.0,16000,0.069282,0.569458,D:\STUPEN\Heartz\data-science\dataset\clean\Po\Po_0145.wav
Po_0146.wav,Po,1.0,16000,0.075895,0.501404,D:\STUPEN\Heartz\data-science\dataset\clean\Po\Po_0146.wav
Po_0147.wav,Po,1.0,16000,0.073756,0.643707,D:\STUPEN\Heartz\data-science\dataset\clean\Po\Po_0147.wav
Po_0148.wav,Po,1.0,16000,0.071554,0.938782,D:\STUPEN\Heartz\data-science\dataset\clean\Po\Po_0148.wav
Po_0149.wav,Po,1.0,16000,0.066933,0.506317,D:\STUPEN\Heartz\data-science\dataset\clean\Po\Po_0149.wav
Po_0150.wav,Po,1.0,16000,0.049644,0.98999,D:\STUPEN\Heartz\data-science\dataset\clean\Po\Po_0150.wav
Po_0151.wav,Po,1.0,16000,0.064498,0.609924,D:\STUPEN\Heartz\data-science\dataset\clean\Po\Po_0151.wav
Po_0152.wav,Po,1.0,16000,0.066933,0.641663,D:\STUPEN\Heartz\data-science\dataset\clean\Po\Po_0152.wav
Po_0153.wav,Po,1.0,16000,0.066933,0.604675,D:\STUPEN\Heartz\data-science\dataset\clean\Po\Po_0153.wav
Po_0154.wav,Po,1.0,16000,0.066933,0.635254,D:\STUPEN\Heartz\data-science\dataset\clean\Po\Po_0154.wav
Po_0155.wav,Po,1.0,16000,0.071554,0.473114,D:\STUPEN\Heartz\data-science\dataset\clean\Po\Po_0155.wav
Po_0156.wav,Po,1.0,16000,0.066933,0.576569,D:\STUPEN\Heartz\data-science\dataset\clean\Po\Po_0156.wav
Po_0157.wav,Po,1.0,16000,0.069282,0.64679,D:\STUPEN\Heartz\data-science\dataset\clean\Po\Po_0157.wav
Po_0158.wav,Po,1.0,16000,0.064498,0.55484,D:\STUPEN\Heartz\data-science\dataset\clean\Po\Po_0158.wav
Po_0159.wav,Po,1.0,16000,0.069282,0.757629,D:\STUPEN\Heartz\data-science\dataset\clean\Po\Po_0159.wav
Po_0160.wav,Po,1.0,16000,0.069282,0.450775,D:\STUPEN\Heartz\data-science\dataset\clean\Po\Po_0160.wav
Po_0161.wav,Po,1.0,16000,0.071554,0.550476,D:\STUPEN\Heartz\data-science\dataset\clean\Po\Po_0161.wav
Po_0162.wav,Po,1.0,16000,0.073756,0.631134,D:\STUPEN\Heartz\data-science\dataset\clean\Po\Po_0162.wav
Po_0163.wav,Po,1.0,16000,0.08,0.701019,D:\STUPEN\Heartz\data-science\dataset\clean\Po\Po_0163.wav
Po_0164.wav,Po,1.0,16000,0.075895,0.405029,D:\STUPEN\Heartz\data-science\dataset\clean\Po\Po_0164.wav
Po_0165.wav,Po,1.0,16000,0.071554,0.432373,D:\STUPEN\Heartz\data-science\dataset\clean\Po\Po_0165.wav
Po_0166.wav,Po,1.0,16000,0.073756,0.535889,D:\STUPEN\Heartz\data-science\dataset\clean\Po\Po_0166.wav
Po_0167.wav,Po,1.0,16000,0.061968,0.469513,D:\STUPEN\Heartz\data-science\dataset\clean\Po\Po_0167.wav
Po_0168.wav,Po,1.0,16000,0.071554,0.506531,D:\STUPEN\Heartz\data-science\dataset\clean\Po\Po_0168.wav
Po_0169.wav,Po,1.0,16000,0.075894,0.498322,D:\STUPEN\Heartz\data-science\dataset\clean\Po\Po_0169.wav
Po_0170.wav,Po,1.0,16000,0.071554,0.437622,D:\STUPEN\Heartz\data-science\dataset\clean\Po\Po_0170.wav
Po_0171.wav,Po,1.0,16000,0.073756,0.452637,D:\STUPEN\Heartz\data-science\dataset\clean\Po\Po_0171.wav
Po_0172.wav,Po,1.0,16000,0.073756,0.450806,D:\STUPEN\Heartz\data-science\dataset\clean\Po\Po_0172.wav
Po_0173.wav,Po,1.0,16000,0.08,0.664795,D:\STUPEN\Heartz\data-science\dataset\clean\Po\Po_0173.wav
Po_0174.wav,Po,1.0,16000,0.066933,0.630249,D:\STUPEN\Heartz\data-science\dataset\clean\Po\Po_0174.wav
Po_0175.wav,Po,1.0,16000,0.069282,0.83844,D:\STUPEN\Heartz\data-science\dataset\clean\Po\Po_0175.wav
Po_0176.wav,Po,1.0,16000,0.066933,0.558197,D:\STUPEN\Heartz\data-science\dataset\clean\Po\Po_0176.wav
Po_0177.wav,Po,1.0,16000,0.069282,0.534149,D:\STUPEN\Heartz\data-science\dataset\clean\Po\Po_0177.wav
Po_0178.wav,Po,1.0,16000,0.066933,0.48465,D:\STUPEN\Heartz\data-science\dataset\clean\Po\Po_0178.wav
Po_0179.wav,Po,1.0,16000,0.064498,0.498138,D:\STUPEN\Heartz\data-science\dataset\clean\Po\Po_0179.wav
Po_0180.wav,Po,1.0,16000,0.069282,0.492767,D:\STUPEN\Heartz\data-science\dataset\clean\Po\Po_0180.wav
Po_0181.wav,Po,1.0,16000,0.069282,0.487305,D:\STUPEN\Heartz\data-science\dataset\clean\Po\Po_0181.wav
Po_0182.wav,Po,1.0,16000,0.064498,0.614624,D:\STUPEN\Heartz\data-science\dataset\clean\Po\Po_0182.wav
Po_0183.wav,Po,1.0,16000,0.066933,0.474579,D:\STUPEN\Heartz\data-science\dataset\clean\Po\Po_0183.wav
Po_0184.wav,Po,1.0,16000,0.061968,0.44989,D:\STUPEN\Heartz\data-science\dataset\clean\Po\Po_0184.wav
Po_0185.wav,Po,1.0,16000,0.066933,0.636475,D:\STUPEN\Heartz\data-science\dataset\clean\Po\Po_0185.wav
Po_0186.wav,Po,1.0,16000,0.066933,0.518127,D:\STUPEN\Heartz\data-science\dataset\clean\Po\Po_0186.wav
Po_0187.wav,Po,1.0,16000,0.066933,0.506439,D:\STUPEN\Heartz\data-science\dataset\clean\Po\Po_0187.wav
Po_0188.wav,Po,1.0,16000,0.069282,0.512939,D:\STUPEN\Heartz\data-science\dataset\clean\Po\Po_0188.wav
Po_0189.wav,Po,1.0,16000,0.066933,0.4823,D:\STUPEN\Heartz\data-science\dataset\clean\Po\Po_0189.wav
Po_0190.wav,Po,1.0,16000,0.066933,0.564514,D:\STUPEN\Heartz\data-science\dataset\clean\Po\Po_0190.wav
Po_0191.wav,Po,1.0,16000,0.066933,0.493225,D:\STUPEN\Heartz\data-science\dataset\clean\Po\Po_0191.wav
Po_0192.wav,Po,1.0,16000,0.066933,0.428986,D:\STUPEN\Heartz\data-science\dataset\clean\Po\Po_0192.wav
Po_0193.wav,Po,1.0,16000,0.069282,0.605957,D:\STUPEN\Heartz\data-science\dataset\clean\Po\Po_0193.wav
Po_0194.wav,Po,1.0,16000,0.066933,0.539398,D:\STUPEN\Heartz\data-science\dataset\clean\Po\Po_0194.wav
Po_0195.wav,Po,1.0,16000,0.071554,0.479858,D:\STUPEN\Heartz\data-science\dataset\clean\Po\Po_0195.wav
Po_0196.wav,Po,1.0,16000,0.069282,0.662537,D:\STUPEN\Heartz\data-science\dataset\clean\Po\Po_0196.wav
Po_0197.wav,Po,1.0,16000,0.071554,0.446991,D:\STUPEN\Heartz\data-science\dataset\clean\Po\Po_0197.wav
Po_0198.wav,Po,1.0,16000,0.061968,0.399353,D:\STUPEN\Heartz\data-science\dataset\clean\Po\Po_0198.wav
Po_0199.wav,Po,1.0,16000,0.069282,0.499969,D:\STUPEN\Heartz\data-science\dataset\clean\Po\Po_0199.wav
Po_0200.wav,Po,1.0,16000,0.073756,0.598145,D:\STUPEN\Heartz\data-science\dataset\clean\Po\Po_0200.wav
Po_0201.wav,Po,1.0,16000,0.08,0.402954,D:\STUPEN\Heartz\data-science\dataset\clean\Po\Po_0201.wav
Po_0202.wav,Po,1.0,16000,0.066933,0.487793,D:\STUPEN\Heartz\data-science\dataset\clean\Po\Po_0202.wav
Po_0203.wav,Po,1.0,16000,0.071554,0.437714,D:\STUPEN\Heartz\data-science\dataset\clean\Po\Po_0203.wav
Po_0204.wav,Po,1.0,16000,0.071554,0.460876,D:\STUPEN\Heartz\data-science\dataset\clean\Po\Po_0204.wav
Po_0205.wav,Po,1.0,16000,0.073756,0.762146,D:\STUPEN\Heartz\data-science\dataset\clean\Po\Po_0205.wav
Po_0206.wav,Po,1.0,16000,0.071554,0.450684,D:\STUPEN\Heartz\data-science\dataset\clean\Po\Po_0206.wav
Po_0207.wav,Po,1.0,16000,0.066933,0.568085,D:\STUPEN\Heartz\data-science\dataset\clean\Po\Po_0207.wav
Po_0208.wav,Po,1.0,16000,0.077974,0.418549,D:\STUPEN\Heartz\data-science\dataset\clean\Po\Po_0208.wav
Po_0209.wav,Po,1.0,16000,0.073756,0.457977,D:\STUPEN\Heartz\data-science\dataset\clean\Po\Po_0209.wav
Po_0210.wav,Po,1.0,16000,0.075895,0.427368,D:\STUPEN\Heartz\data-science\dataset\clean\Po\Po_0210.wav
Po_0211.wav,Po,1.0,16000,0.071554,0.480988,D:\STUPEN\Heartz\data-science\dataset\clean\Po\Po_0211.wav
Po_0212.wav,Po,1.0,16000,0.069282,0.406647,D:\STUPEN\Heartz\data-science\dataset\clean\Po\Po_0212.wav
Po_0213.wav,Po,1.0,16000,0.073756,0.391327,D:\STUPEN\Heartz\data-science\dataset\clean\Po\Po_0213.wav
Po_0214.wav,Po,1.0,16000,0.061968,0.499603,D:\STUPEN\Heartz\data-science\dataset\clean\Po\Po_0214.wav
Po_0215.wav,Po,1.0,16000,0.064498,0.455902,D:\STUPEN\Heartz\data-science\dataset\clean\Po\Po_0215.wav
Po_0216.wav,Po,1.0,16000,0.064498,0.513763,D:\STUPEN\Heartz\data-science\dataset\clean\Po\Po_0216.wav
Po_0217.wav,Po,1.0,16000,0.075895,0.461487,D:\STUPEN\Heartz\data-science\dataset\clean\Po\Po_0217.wav
Po_0218.wav,Po,1.0,16000,0.077975,0.469391,D:\STUPEN\Heartz\data-science\dataset\clean\Po\Po_0218.wav
Po_0219.wav,Po,1.0,16000,0.073756,0.554657,D:\STUPEN\Heartz\data-science\dataset\clean\Po\Po_0219.wav
Po_0220.wav,Po,1.0,16000,0.069282,0.577637,D:\STUPEN\Heartz\data-science\dataset\clean\Po\Po_0220.wav
Po_0221.wav,Po,1.0,16000,0.069282,0.55954,D:\STUPEN\Heartz\data-science\dataset\clean\Po\Po_0221.wav
Po_0222.wav,Po,1.0,16000,0.073756,0.64325,D:\STUPEN\Heartz\data-science\dataset\clean\Po\Po_0222.wav
Po_0223.wav,Po,1.0,16000,0.071554,0.566162,D:\STUPEN\Heartz\data-science\dataset\clean\Po\Po_0223.wav
Po_0224.wav,Po,1.0,16000,0.061968,0.545105,D:\STUPEN\Heartz\data-science\dataset\clean\Po\Po_0224.wav
Po_0225.wav,Po,1.0,16000,0.085791,0.585419,D:\STUPEN\Heartz\data-science\dataset\clean\Po\Po_0225.wav
Po_0226.wav,Po,1.0,16000,0.073756,0.506012,D:\STUPEN\Heartz\data-science\dataset\clean\Po\Po_0226.wav
Po_0227.wav,Po,1.0,16000,0.073756,0.516052,D:\STUPEN\Heartz\data-science\dataset\clean\Po\Po_0227.wav
Po_0228.wav,Po,1.0,16000,0.071554,0.593964,D:\STUPEN\Heartz\data-science\dataset\clean\Po\Po_0228.wav
Po_0229.wav,Po,1.0,16000,0.075895,0.515991,D:\STUPEN\Heartz\data-science\dataset\clean\Po\Po_0229.wav
Po_0230.wav,Po,1.0,16000,0.073756,0.495056,D:\STUPEN\Heartz\data-science\dataset\clean\Po\Po_0230.wav
Po_0231.wav,Po,1.0,16000,0.075895,0.492737,D:\STUPEN\Heartz\data-science\dataset\clean\Po\Po_0231.wav
Po_0232.wav,Po,1.0,16000,0.073756,0.478149,D:\STUPEN\Heartz\data-science\dataset\clean\Po\Po_0232.wav
Po_0233.wav,Po,1.0,16000,0.069282,0.442261,D:\STUPEN\Heartz\data-science\dataset\clean\Po\Po_0233.wav
Po_0234.wav,Po,1.0,16000,0.069282,0.51944,D:\STUPEN\Heartz\data-science\dataset\clean\Po\Po_0234.wav
Po_0235.wav,Po,1.0,16000,0.066933,0.623016,D:\STUPEN\Heartz\data-science\dataset\clean\Po\Po_0235.wav
Po_0236.wav,Po,1.0,16000,0.071554,0.462433,D:\STUPEN\Heartz\data-science\dataset\clean\Po\Po_0236.wav
Po_0237.wav,Po,1.0,16000,0.066933,0.591614,D:\STUPEN\Heartz\data-science\dataset\clean\Po\Po_0237.wav
Po_0238.wav,Po,1.0,16000,0.071554,0.604767,D:\STUPEN\Heartz\data-science\dataset\clean\Po\Po_0238.wav
Po_0239.wav,Po,1.0,16000,0.073756,0.551514,D:\STUPEN\Heartz\data-science\dataset\clean\Po\Po_0239.wav
Po_0240.wav,Po,1.0,16000,0.066933,0.503601,D:\STUPEN\Heartz\data-science\dataset\clean\Po\Po_0240.wav
Po_0241.wav,Po,1.0,16000,0.073756,0.514343,D:\STUPEN\Heartz\data-science\dataset\clean\Po\Po_0241.wav
Po_0242.wav,Po,1.0,16000,0.071554,0.558502,D:\STUPEN\Heartz\data-science\dataset\clean\Po\Po_0242.wav
Po_0243.wav,Po,1.0,16000,0.066933,0.505127,D:\STUPEN\Heartz\data-science\dataset\clean\Po\Po_0243.wav
Po_0244.wav,Po,1.0,16000,0.069282,0.454285,D:\STUPEN\Heartz\data-science\dataset\clean\Po\Po_0244.wav
Po_0245.wav,Po,1.0,16000,0.073756,0.495605,D:\STUPEN\Heartz\data-science\dataset\clean\Po\Po_0245.wav
Po_0246.wav,Po,1.0,16000,0.073756,0.581909,D:\STUPEN\Heartz\data-science\dataset\clean\Po\Po_0246.wav
Po_0247.wav,Po,1.0,16000,0.075895,0.533997,D:\STUPEN\Heartz\data-science\dataset\clean\Po\Po_0247.wav
Po_0248.wav,Po,1.0,16000,0.071554,0.489197,D:\STUPEN\Heartz\data-science\dataset\clean\Po\Po_0248.wav
Po_0249.wav,Po,1.0,16000,0.071554,0.434509,D:\STUPEN\Heartz\data-science\dataset\clean\Po\Po_0249.wav
Po_0250.wav,Po,1.0,16000,0.083905,0.746399,D:\STUPEN\Heartz\data-science\dataset\clean\Po\Po_0250.wav
Po_0251.wav,Po,1.0,16000,0.08,0.443146,D:\STUPEN\Heartz\data-science\dataset\clean\Po\Po_0251.wav
Po_0252.wav,Po,1.0,16000,0.071554,0.432098,D:\STUPEN\Heartz\data-science\dataset\clean\Po\Po_0252.wav
Po_0253.wav,Po,1.0,16000,0.071554,0.560242,D:\STUPEN\Heartz\data-science\dataset\clean\Po\Po_0253.wav
Po_0254.wav,Po,1.0,16000,0.077974,0.755127,D:\STUPEN\Heartz\data-science\dataset\clean\Po\Po_0254.wav
Po_0255.wav,Po,1.0,16000,0.069282,0.467102,D:\STUPEN\Heartz\data-science\dataset\clean\Po\Po_0255.wav
Po_0256.wav,Po,1.0,16000,0.064498,0.420258,D:\STUPEN\Heartz\data-science\dataset\clean\Po\Po_0256.wav
Po_0257.wav,Po,1.0,16000,0.073756,0.507935,D:\STUPEN\Heartz\data-science\dataset\clean\Po\Po_0257.wav
Po_0258.wav,Po,1.0,16000,0.075895,0.456177,D:\STUPEN\Heartz\data-science\dataset\clean\Po\Po_0258.wav
Po_0259.wav,Po,1.0,16000,0.066933,0.468475,D:\STUPEN\Heartz\data-science\dataset\clean\Po\Po_0259.wav
Po_0260.wav,Po,1.0,16000,0.077974,0.450562,D:\STUPEN\Heartz\data-science\dataset\clean\Po\Po_0260.wav
Po_0261.wav,Po,1.0,16000,0.069282,0.413635,D:\STUPEN\Heartz\data-science\dataset\clean\Po\Po_0261.wav
Po_0262.wav,Po,1.0,16000,0.069282,0.42749,D:\STUPEN\Heartz\data-science\dataset\clean\Po\Po_0262.wav
Po_0263.wav,Po,1.0,16000,0.069282,0.658508,D:\STUPEN\Heartz\data-science\dataset\clean\Po\Po_0263.wav
Po_0264.wav,Po,1.0,16000,0.075895,0.464691,D:\STUPEN\Heartz\data-science\dataset\clean\Po\Po_0264.wav
Po_0265.wav,Po,1.0,16000,0.071554,0.627136,D:\STUPEN\Heartz\data-science\dataset\clean\Po\Po_0265.wav
Po_0266.wav,Po,1.0,16000,0.08,0.589478,D:\STUPEN\Heartz\data-science\dataset\clean\Po\Po_0266.wav
Po_0267.wav,Po,1.0,16000,0.069282,0.595825,D:\STUPEN\Heartz\data-science\dataset\clean\Po\Po_0267.wav
Po_0268.wav,Po,1.0,16000,0.073756,0.598267,D:\STUPEN\Heartz\data-science\dataset\clean\Po\Po_0268.wav
Po_0269.wav,Po,1.0,16000,0.073756,0.749878,D:\STUPEN\Heartz\data-science\dataset\clean\Po\Po_0269.wav
Po_0270.wav,Po,1.0,16000,0.066933,0.51236,D:\STUPEN\Heartz\data-science\dataset\clean\Po\Po_0270.wav
Po_0271.wav,Po,1.0,16000,0.073756,0.56604,D:\STUPEN\Heartz\data-science\dataset\clean\Po\Po_0271.wav
Po_0272.wav,Po,1.0,16000,0.066933,0.516785,D:\STUPEN\Heartz\data-science\dataset\clean\Po\Po_0272.wav
Po_0273.wav,Po,1.0,16000,0.069282,0.475311,D:\STUPEN\Heartz\data-science\dataset\clean\Po\Po_0273.wav
Po_0274.wav,Po,1.0,16000,0.064498,0.499634,D:\STUPEN\Heartz\data-science\dataset\clean\Po\Po_0274.wav
Po_0275.wav,Po,1.0,16000,0.071554,0.580139,D:\STUPEN\Heartz\data-science\dataset\clean\Po\Po_0275.wav
Po_0276.wav,Po,1.0,16000,0.069282,0.460449,D:\STUPEN\Heartz\data-science\dataset\clean\Po\Po_0276.wav
Po_0277.wav,Po,1.0,16000,0.069282,0.569458,D:\STUPEN\Heartz\data-science\dataset\clean\Po\Po_0277.wav
Po_0278.wav,Po,1.0,16000,0.075895,0.501404,D:\STUPEN\Heartz\data-science\dataset\clean\Po\Po_0278.wav
Po_0279.wav,Po,1.0,16000,0.073756,0.643707,D:\STUPEN\Heartz\data-science\dataset\clean\Po\Po_0279.wav
Po_0280.wav,Po,1.0,16000,0.071554,0.938782,D:\STUPEN\Heartz\data-science\dataset\clean\Po\Po_0280.wav
Po_0281.wav,Po,1.0,16000,0.066933,0.506317,D:\STUPEN\Heartz\data-science\dataset\clean\Po\Po_0281.wav
Po_0282.wav,Po,1.0,16000,0.049644,0.98999,D:\STUPEN\Heartz\data-science\dataset\clean\Po\Po_0282.wav
Po_0283.wav,Po,1.0,16000,0.064498,0.609924,D:\STUPEN\Heartz\data-science\dataset\clean\Po\Po_0283.wav
Po_0284.wav,Po,1.0,16000,0.066933,0.641663,D:\STUPEN\Heartz\data-science\dataset\clean\Po\Po_0284.wav
Po_0285.wav,Po,1.0,16000,0.066933,0.604675,D:\STUPEN\Heartz\data-science\dataset\clean\Po\Po_0285.wav
Po_0286.wav,Po,1.0,16000,0.066933,0.635254,D:\STUPEN\Heartz\data-science\dataset\clean\Po\Po_0286.wav
Po_0287.wav,Po,1.0,16000,0.071554,0.473114,D:\STUPEN\Heartz\data-science\dataset\clean\Po\Po_0287.wav
Po_0288.wav,Po,1.0,16000,0.066933,0.576569,D:\STUPEN\Heartz\data-science\dataset\clean\Po\Po_0288.wav
Po_0289.wav,Po,1.0,16000,0.069282,0.64679,D:\STUPEN\Heartz\data-science\dataset\clean\Po\Po_0289.wav
Po_0290.wav,Po,1.0,16000,0.064498,0.55484,D:\STUPEN\Heartz\data-science\dataset\clean\Po\Po_0290.wav
Po_0291.wav,Po,1.0,16000,0.069282,0.757629,D:\STUPEN\Heartz\data-science\dataset\clean\Po\Po_0291.wav
Po_0292.wav,Po,1.0,16000,0.069282,0.450775,D:\STUPEN\Heartz\data-science\dataset\clean\Po\Po_0292.wav
Po_0293.wav,Po,1.0,16000,0.071554,0.550476,D:\STUPEN\Heartz\data-science\dataset\clean\Po\Po_0293.wav
Po_0294.wav,Po,1.0,16000,0.073756,0.631134,D:\STUPEN\Heartz\data-science\dataset\clean\Po\Po_0294.wav
Po_0295.wav,Po,1.0,16000,0.08,0.701019,D:\STUPEN\Heartz\data-science\dataset\clean\Po\Po_0295.wav
Po_0296.wav,Po,1.0,16000,0.075895,0.405029,D:\STUPEN\Heartz\data-science\dataset\clean\Po\Po_0296.wav
Po_0297.wav,Po,1.0,16000,0.071554,0.432373,D:\STUPEN\Heartz\data-science\dataset\clean\Po\Po_0297.wav
Po_0298.wav,Po,1.0,16000,0.073756,0.535889,D:\STUPEN\Heartz\data-science\dataset\clean\Po\Po_0298.wav
Po_0299.wav,Po,1.0,16000,0.061968,0.469513,D:\STUPEN\Heartz\data-science\dataset\clean\Po\Po_0299.wav
Po_0300.wav,Po,1.0,16000,0.071554,0.506531,D:\STUPEN\Heartz\data-science\dataset\clean\Po\Po_0300.wav
Po_0301.wav,Po,1.0,16000,0.075894,0.498322,D:\STUPEN\Heartz\data-science\dataset\clean\Po\Po_0301.wav
Po_0302.wav,Po,1.0,16000,0.071554,0.437622,D:\STUPEN\Heartz\data-science\dataset\clean\Po\Po_0302.wav
Po_0303.wav,Po,1.0,16000,0.073756,0.452637,D:\STUPEN\Heartz\data-science\dataset\clean\Po\Po_0303.wav
Po_0304.wav,Po,1.0,16000,0.073756,0.450806,D:\STUPEN\Heartz\data-science\dataset\clean\Po\Po_0304.wav
Po_0305.wav,Po,1.0,16000,0.08,0.664795,D:\STUPEN\Heartz\data-science\dataset\clean\Po\Po_0305.wav
Po_0306.wav,Po,1.0,16000,0.066933,0.630249,D:\STUPEN\Heartz\data-science\dataset\clean\Po\Po_0306.wav
Po_0307.wav,Po,1.0,16000,0.069282,0.83844,D:\STUPEN\Heartz\data-science\dataset\clean\Po\Po_0307.wav
Po_0308.wav,Po,1.0,16000,0.066933,0.558197,D:\STUPEN\Heartz\data-science\dataset\clean\Po\Po_0308.wav
Po_0309.wav,Po,1.0,16000,0.069282,0.534149,D:\STUPEN\Heartz\data-science\dataset\clean\Po\Po_0309.wav
Po_0310.wav,Po,1.0,16000,0.066933,0.48465,D:\STUPEN\Heartz\data-science\dataset\clean\Po\Po_0310.wav
Po_0311.wav,Po,1.0,16000,0.064498,0.498138,D:\STUPEN\Heartz\data-science\dataset\clean\Po\Po_0311.wav
Po_0312.wav,Po,1.0,16000,0.069282,0.492767,D:\STUPEN\Heartz\data-science\dataset\clean\Po\Po_0312.wav
Po_0313.wav,Po,1.0,16000,0.069282,0.487305,D:\STUPEN\Heartz\data-science\dataset\clean\Po\Po_0313.wav
Po_0314.wav,Po,1.0,16000,0.064498,0.614624,D:\STUPEN\Heartz\data-science\dataset\clean\Po\Po_0314.wav
Po_0315.wav,Po,1.0,16000,0.066933,0.474579,D:\STUPEN\Heartz\data-science\dataset\clean\Po\Po_0315.wav
Po_0316.wav,Po,1.0,16000,0.061968,0.44989,D:\STUPEN\Heartz\data-science\dataset\clean\Po\Po_0316.wav
Po_0317.wav,Po,1.0,16000,0.066933,0.636475,D:\STUPEN\Heartz\data-science\dataset\clean\Po\Po_0317.wav
Po_0318.wav,Po,1.0,16000,0.066933,0.518127,D:\STUPEN\Heartz\data-science\dataset\clean\Po\Po_0318.wav
Po_0319.wav,Po,1.0,16000,0.066933,0.506439,D:\STUPEN\Heartz\data-science\dataset\clean\Po\Po_0319.wav
Po_0320.wav,Po,1.0,16000,0.069282,0.512939,D:\STUPEN\Heartz\data-science\dataset\clean\Po\Po_0320.wav
Po_0321.wav,Po,1.0,16000,0.066933,0.4823,D:\STUPEN\Heartz\data-science\dataset\clean\Po\Po_0321.wav
Po_0322.wav,Po,1.0,16000,0.066933,0.564514,D:\STUPEN\Heartz\data-science\dataset\clean\Po\Po_0322.wav
Po_0323.wav,Po,1.0,16000,0.066933,0.493225,D:\STUPEN\Heartz\data-science\dataset\clean\Po\Po_0323.wav
Po_0324.wav,Po,1.0,16000,0.066933,0.428986,D:\STUPEN\Heartz\data-science\dataset\clean\Po\Po_0324.wav
Po_0325.wav,Po,1.0,16000,0.069282,0.605957,D:\STUPEN\Heartz\data-science\dataset\clean\Po\Po_0325.wav
Po_0326.wav,Po,1.0,16000,0.066933,0.539398,D:\STUPEN\Heartz\data-science\dataset\clean\Po\Po_0326.wav
Po_0327.wav,Po,1.0,16000,0.071554,0.479858,D:\STUPEN\Heartz\data-science\dataset\clean\Po\Po_0327.wav
Po_0328.wav,Po,1.0,16000,0.069282,0.662537,D:\STUPEN\Heartz\data-science\dataset\clean\Po\Po_0328.wav
Po_0329.wav,Po,1.0,16000,0.071554,0.446991,D:\STUPEN\Heartz\data-science\dataset\clean\Po\Po_0329.wav
Po_0330.wav,Po,1.0,16000,0.061968,0.399353,D:\STUPEN\Heartz\data-science\dataset\clean\Po\Po_0330.wav
Po_0331.wav,Po,1.0,16000,0.069282,0.499969,D:\STUPEN\Heartz\data-science\dataset\clean\Po\Po_0331.wav
Po_0332.wav,Po,1.0,16000,0.073756,0.598145,D:\STUPEN\Heartz\data-science\dataset\clean\Po\Po_0332.wav
Po_0333.wav,Po,1.0,16000,0.08,0.402954,D:\STUPEN\Heartz\data-science\dataset\clean\Po\Po_0333.wav
Po_0334.wav,Po,1.0,16000,0.066933,0.487793,D:\STUPEN\Heartz\data-science\dataset\clean\Po\Po_0334.wav
Po_0335.wav,Po,1.0,16000,0.071554,0.437714,D:\STUPEN\Heartz\data-science\dataset\clean\Po\Po_0335.wav
Po_0336.wav,Po,1.0,16000,0.071554,0.460876,D:\STUPEN\Heartz\data-science\dataset\clean\Po\Po_0336.wav
Po_0337.wav,Po,1.0,16000,0.073756,0.762146,D:\STUPEN\Heartz\data-science\dataset\clean\Po\Po_0337.wav
Po_0338.wav,Po,1.0,16000,0.071554,0.450684,D:\STUPEN\Heartz\data-science\dataset\clean\Po\Po_0338.wav
Po_0339.wav,Po,1.0,16000,0.066933,0.568085,D:\STUPEN\Heartz\data-science\dataset\clean\Po\Po_0339.wav
Po_0340.wav,Po,1.0,16000,0.077974,0.418549,D:\STUPEN\Heartz\data-science\dataset\clean\Po\Po_0340.wav
Po_0341.wav,Po,1.0,16000,0.073756,0.457977,D:\STUPEN\Heartz\data-science\dataset\clean\Po\Po_0341.wav
Po_0342.wav,Po,1.0,16000,0.075895,0.427368,D:\STUPEN\Heartz\data-science\dataset\clean\Po\Po_0342.wav
Po_0343.wav,Po,1.0,16000,0.071554,0.480988,D:\STUPEN\Heartz\data-science\dataset\clean\Po\Po_0343.wav
Po_0344.wav,Po,1.0,16000,0.069282,0.406647,D:\STUPEN\Heartz\data-science\dataset\clean\Po\Po_0344.wav
Po_0345.wav,Po,1.0,16000,0.073756,0.391327,D:\STUPEN\Heartz\data-science\dataset\clean\Po\Po_0345.wav
Po_0346.wav,Po,1.0,16000,0.061968,0.499603,D:\STUPEN\Heartz\data-science\dataset\clean\Po\Po_0346.wav
Po_0347.wav,Po,1.0,16000,0.064498,0.455902,D:\STUPEN\Heartz\data-science\dataset\clean\Po\Po_0347.wav
Po_0348.wav,Po,1.0,16000,0.064498,0.513763,D:\STUPEN\Heartz\data-science\dataset\clean\Po\Po_0348.wav
Po_0349.wav,Po,1.0,16000,0.075895,0.461487,D:\STUPEN\Heartz\data-science\dataset\clean\Po\Po_0349.wav
Po_0350.wav,Po,1.0,16000,0.077975,0.469391,D:\STUPEN\Heartz\data-science\dataset\clean\Po\Po_0350.wav
Po_0351.wav,Po,1.0,16000,0.073756,0.554657,D:\STUPEN\Heartz\data-science\dataset\clean\Po\Po_0351.wav
Po_0352.wav,Po,1.0,16000,0.069282,0.577637,D:\STUPEN\Heartz\data-science\dataset\clean\Po\Po_0352.wav
Po_0353.wav,Po,1.0,16000,0.069282,0.55954,D:\STUPEN\Heartz\data-science\dataset\clean\Po\Po_0353.wav
Po_0354.wav,Po,1.0,16000,0.073756,0.64325,D:\STUPEN\Heartz\data-science\dataset\clean\Po\Po_0354.wav
Po_0355.wav,Po,1.0,16000,0.071554,0.566162,D:\STUPEN\Heartz\data-science\dataset\clean\Po\Po_0355.wav
Po_0356.wav,Po,1.0,16000,0.061968,0.545105,D:\STUPEN\Heartz\data-science\dataset\clean\Po\Po_0356.wav
Po_0357.wav,Po,1.0,16000,0.085791,0.585419,D:\STUPEN\Heartz\data-science\dataset\clean\Po\Po_0357.wav
Po_0358.wav,Po,1.0,16000,0.073756,0.506012,D:\STUPEN\Heartz\data-science\dataset\clean\Po\Po_0358.wav
Po_0359.wav,Po,1.0,16000,0.073756,0.516052,D:\STUPEN\Heartz\data-science\dataset\clean\Po\Po_0359.wav
Po_0360.wav,Po,1.0,16000,0.071554,0.593964,D:\STUPEN\Heartz\data-science\dataset\clean\Po\Po_0360.wav
Po_0361.wav,Po,1.0,16000,0.075895,0.515991,D:\STUPEN\Heartz\data-science\dataset\clean\Po\Po_0361.wav
Po_0362.wav,Po,1.0,16000,0.073756,0.495056,D:\STUPEN\Heartz\data-science\dataset\clean\Po\Po_0362.wav
Po_0363.wav,Po,1.0,16000,0.075895,0.492737,D:\STUPEN\Heartz\data-science\dataset\clean\Po\Po_0363.wav
Po_0364.wav,Po,1.0,16000,0.073756,0.478149,D:\STUPEN\Heartz\data-science\dataset\clean\Po\Po_0364.wav
Po_0365.wav,Po,1.0,16000,0.069282,0.442261,D:\STUPEN\Heartz\data-science\dataset\clean\Po\Po_0365.wav
Po_0366.wav,Po,1.0,16000,0.069282,0.51944,D:\STUPEN\Heartz\data-science\dataset\clean\Po\Po_0366.wav
Po_0367.wav,Po,1.0,16000,0.066933,0.623016,D:\STUPEN\Heartz\data-science\dataset\clean\Po\Po_0367.wav
Po_0368.wav,Po,1.0,16000,0.071554,0.462433,D:\STUPEN\Heartz\data-science\dataset\clean\Po\Po_0368.wav
Po_0369.wav,Po,1.0,16000,0.066933,0.591614,D:\STUPEN\Heartz\data-science\dataset\clean\Po\Po_0369.wav
Po_0370.wav,Po,1.0,16000,0.071554,0.604767,D:\STUPEN\Heartz\data-science\dataset\clean\Po\Po_0370.wav
Po_0371.wav,Po,1.0,16000,0.073756,0.551514,D:\STUPEN\Heartz\data-science\dataset\clean\Po\Po_0371.wav
Po_0372.wav,Po,1.0,16000,0.066933,0.503601,D:\STUPEN\Heartz\data-science\dataset\clean\Po\Po_0372.wav
Po_0373.wav,Po,1.0,16000,0.073756,0.514343,D:\STUPEN\Heartz\data-science\dataset\clean\Po\Po_0373.wav
Po_0374.wav,Po,1.0,16000,0.071554,0.558502,D:\STUPEN\Heartz\data-science\dataset\clean\Po\Po_0374.wav
Po_0375.wav,Po,1.0,16000,0.066933,0.505127,D:\STUPEN\Heartz\data-science\dataset\clean\Po\Po_0375.wav
Po_0376.wav,Po,1.0,16000,0.069282,0.454285,D:\STUPEN\Heartz\data-science\dataset\clean\Po\Po_0376.wav
Po_0377.wav,Po,1.0,16000,0.073756,0.495605,D:\STUPEN\Heartz\data-science\dataset\clean\Po\Po_0377.wav
Po_0378.wav,Po,1.0,16000,0.073756,0.581909,D:\STUPEN\Heartz\data-science\dataset\clean\Po\Po_0378.wav
Po_0379.wav,Po,1.0,16000,0.075895,0.533997,D:\STUPEN\Heartz\data-science\dataset\clean\Po\Po_0379.wav
Po_0380.wav,Po,1.0,16000,0.071554,0.489197,D:\STUPEN\Heartz\data-science\dataset\clean\Po\Po_0380.wav
Po_0381.wav,Po,1.0,16000,0.071554,0.434509,D:\STUPEN\Heartz\data-science\dataset\clean\Po\Po_0381.wav
Po_0382.wav,Po,1.0,16000,0.083905,0.746399,D:\STUPEN\Heartz\data-science\dataset\clean\Po\Po_0382.wav
Po_0383.wav,Po,1.0,16000,0.08,0.443146,D:\STUPEN\Heartz\data-science\dataset\clean\Po\Po_0383.wav
Po_0384.wav,Po,1.0,16000,0.071554,0.432098,D:\STUPEN\Heartz\data-science\dataset\clean\Po\Po_0384.wav
Po_0385.wav,Po,1.0,16000,0.071554,0.560242,D:\STUPEN\Heartz\data-science\dataset\clean\Po\Po_0385.wav
Po_0386.wav,Po,1.0,16000,0.077974,0.755127,D:\STUPEN\Heartz\data-science\dataset\clean\Po\Po_0386.wav
Po_0387.wav,Po,1.0,16000,0.069282,0.467102,D:\STUPEN\Heartz\data-science\dataset\clean\Po\Po_0387.wav
Po_0388.wav,Po,1.0,16000,0.064498,0.420258,D:\STUPEN\Heartz\data-science\dataset\clean\Po\Po_0388.wav
Po_0389.wav,Po,1.0,16000,0.073756,0.507935,D:\STUPEN\Heartz\data-science\dataset\clean\Po\Po_0389.wav
Po_0390.wav,Po,1.0,16000,0.075895,0.456177,D:\STUPEN\Heartz\data-science\dataset\clean\Po\Po_0390.wav
Po_0391.wav,Po,1.0,16000,0.066933,0.468475,D:\STUPEN\Heartz\data-science\dataset\clean\Po\Po_0391.wav
Po_0392.wav,Po,1.0,16000,0.077974,0.450562,D:\STUPEN\Heartz\data-science\dataset\clean\Po\Po_0392.wav
Po_0393.wav,Po,1.0,16000,0.069282,0.413635,D:\STUPEN\Heartz\data-science\dataset\clean\Po\Po_0393.wav
Po_0394.wav,Po,1.0,16000,0.069282,0.42749,D:\STUPEN\Heartz\data-science\dataset\clean\Po\Po_0394.wav
Po_0395.wav,Po,1.0,16000,0.069282,0.658508,D:\STUPEN\Heartz\data-science\dataset\clean\Po\Po_0395.wav
Po_0396.wav,Po,1.0,16000,0.075895,0.464691,D:\STUPEN\Heartz\data-science\dataset\clean\Po\Po_0396.wav
Po_0397.wav,Po,1.0,16000,0.071554,0.627136,D:\STUPEN\Heartz\data-science\dataset\clean\Po\Po_0397.wav
Po_0398.wav,Po,1.0,16000,0.08,0.589478,D:\STUPEN\Heartz\data-science\dataset\clean\Po\Po_0398.wav
Po_0399.wav,Po,1.0,16000,0.069282,0.595825,D:\STUPEN\Heartz\data-science\dataset\clean\Po\Po_0399.wav
Po_0400.wav,Po,1.0,16000,0.073756,0.598267,D:\STUPEN\Heartz\data-science\dataset\clean\Po\Po_0400.wav
Po_0401.wav,Po,1.0,16000,0.073756,0.749878,D:\STUPEN\Heartz\data-science\dataset\clean\Po\Po_0401.wav
Po_0402.wav,Po,1.0,16000,0.066933,0.51236,D:\STUPEN\Heartz\data-science\dataset\clean\Po\Po_0402.wav
Po_0403.wav,Po,1.0,16000,0.073756,0.56604,D:\STUPEN\Heartz\data-science\dataset\clean\Po\Po_0403.wav
Po_0404.wav,Po,1.0,16000,0.066933,0.516785,D:\STUPEN\Heartz\data-science\dataset\clean\Po\Po_0404.wav
Po_0405.wav,Po,1.0,16000,0.069282,0.475311,D:\STUPEN\Heartz\data-science\dataset\clean\Po\Po_0405.wav
Po_0406.wav,Po,1.0,16000,0.064498,0.499634,D:\STUPEN\Heartz\data-science\dataset\clean\Po\Po_0406.wav
Po_0407.wav,Po,1.0,16000,0.071554,0.580139,D:\STUPEN\Heartz\data-science\dataset\clean\Po\Po_0407.wav
Po_0408.wav,Po,1.0,16000,0.069282,0.460449,D:\STUPEN\Heartz\data-science\dataset\clean\Po\Po_0408.wav
Po_0409.wav,Po,1.0,16000,0.069282,0.569458,D:\STUPEN\Heartz\data-science\dataset\clean\Po\Po_0409.wav
Po_0410.wav,Po,1.0,16000,0.075895,0.501404,D:\STUPEN\Heartz\data-science\dataset\clean\Po\Po_0410.wav
Po_0411.wav,Po,1.0,16000,0.073756,0.643707,D:\STUPEN\Heartz\data-science\dataset\clean\Po\Po_0411.wav
Po_0412.wav,Po,1.0,16000,0.071554,0.938782,D:\STUPEN\Heartz\data-science\dataset\clean\Po\Po_0412.wav
Po_0413.wav,Po,1.0,16000,0.066933,0.506317,D:\STUPEN\Heartz\data-science\dataset\clean\Po\Po_0413.wav
Po_0414.wav,Po,1.0,16000,0.049644,0.98999,D:\STUPEN\Heartz\data-science\dataset\clean\Po\Po_0414.wav
Po_0415.wav,Po,1.0,16000,0.064498,0.609924,D:\STUPEN\Heartz\data-science\dataset\clean\Po\Po_0415.wav
Po_0416.wav,Po,1.0,16000,0.066933,0.641663,D:\STUPEN\Heartz\data-science\dataset\clean\Po\Po_0416.wav
Po_0417.wav,Po,1.0,16000,0.066933,0.604675,D:\STUPEN\Heartz\data-science\dataset\clean\Po\Po_0417.wav
Po_0418.wav,Po,1.0,16000,0.066933,0.635254,D:\STUPEN\Heartz\data-science\dataset\clean\Po\Po_0418.wav
Po_0419.wav,Po,1.0,16000,0.071554,0.473114,D:\STUPEN\Heartz\data-science\dataset\clean\Po\Po_0419.wav
Po_0420.wav,Po,1.0,16000,0.066933,0.576569,D:\STUPEN\Heartz\data-science\dataset\clean\Po\Po_0420.wav
Po_0421.wav,Po,1.0,16000,0.069282,0.64679,D:\STUPEN\Heartz\data-science\dataset\clean\Po\Po_0421.wav
Po_0422.wav,Po,1.0,16000,0.064498,0.55484,D:\STUPEN\Heartz\data-science\dataset\clean\Po\Po_0422.wav
Po_0423.wav,Po,1.0,16000,0.069282,0.757629,D:\STUPEN\Heartz\data-science\dataset\clean\Po\Po_0423.wav
Po_0424.wav,Po,1.0,16000,0.069282,0.450775,D:\STUPEN\Heartz\data-science\dataset\clean\Po\Po_0424.wav
Po_0425.wav,Po,1.0,16000,0.071554,0.550476,D:\STUPEN\Heartz\data-science\dataset\clean\Po\Po_0425.wav
Po_0426.wav,Po,1.0,16000,0.073756,0.631134,D:\STUPEN\Heartz\data-science\dataset\clean\Po\Po_0426.wav
Po_0427.wav,Po,1.0,16000,0.08,0.701019,D:\STUPEN\Heartz\data-science\dataset\clean\Po\Po_0427.wav
Po_0428.wav,Po,1.0,16000,0.075895,0.405029,D:\STUPEN\Heartz\data-science\dataset\clean\Po\Po_0428.wav
Po_0429.wav,Po,1.0,16000,0.071554,0.432373,D:\STUPEN\Heartz\data-science\dataset\clean\Po\Po_0429.wav
Po_0430.wav,Po,1.0,16000,0.073756,0.535889,D:\STUPEN\Heartz\data-science\dataset\clean\Po\Po_0430.wav
Po_0431.wav,Po,1.0,16000,0.061968,0.469513,D:\STUPEN\Heartz\data-science\dataset\clean\Po\Po_0431.wav
Po_0432.wav,Po,1.0,16000,0.071554,0.506531,D:\STUPEN\Heartz\data-science\dataset\clean\Po\Po_0432.wav
Po_0433.wav,Po,1.0,16000,0.075894,0.498322,D:\STUPEN\Heartz\data-science\dataset\clean\Po\Po_0433.wav
Po_0434.wav,Po,1.0,16000,0.071554,0.437622,D:\STUPEN\Heartz\data-science\dataset\clean\Po\Po_0434.wav
Po_0435.wav,Po,1.0,16000,0.073756,0.452637,D:\STUPEN\Heartz\data-science\dataset\clean\Po\Po_0435.wav
Po_0436.wav,Po,1.0,16000,0.073756,0.450806,D:\STUPEN\Heartz\data-science\dataset\clean\Po\Po_0436.wav
Po_0437.wav,Po,1.0,16000,0.08,0.664795,D:\STUPEN\Heartz\data-science\dataset\clean\Po\Po_0437.wav
Po_0438.wav,Po,1.0,16000,0.066933,0.630249,D:\STUPEN\Heartz\data-science\dataset\clean\Po\Po_0438.wav
Po_0439.wav,Po,1.0,16000,0.069282,0.83844,D:\STUPEN\Heartz\data-science\dataset\clean\Po\Po_0439.wav
Po_0440.wav,Po,1.0,16000,0.066933,0.558197,D:\STUPEN\Heartz\data-science\dataset\clean\Po\Po_0440.wav
Po_0441.wav,Po,1.0,16000,0.069282,0.534149,D:\STUPEN\Heartz\data-science\dataset\clean\Po\Po_0441.wav
Po_0442.wav,Po,1.0,16000,0.066933,0.48465,D:\STUPEN\Heartz\data-science\dataset\clean\Po\Po_0442.wav
Po_0443.wav,Po,1.0,16000,0.064498,0.498138,D:\STUPEN\Heartz\data-science\dataset\clean\Po\Po_0443.wav
Po_0444.wav,Po,1.0,16000,0.069282,0.492767,D:\STUPEN\Heartz\data-science\dataset\clean\Po\Po_0444.wav
Po_0445.wav,Po,1.0,16000,0.069282,0.487305,D:\STUPEN\Heartz\data-science\dataset\clean\Po\Po_0445.wav
Po_0446.wav,Po,1.0,16000,0.064498,0.614624,D:\STUPEN\Heartz\data-science\dataset\clean\Po\Po_0446.wav
Po_0447.wav,Po,1.0,16000,0.066933,0.474579,D:\STUPEN\Heartz\data-science\dataset\clean\Po\Po_0447.wav
Po_0448.wav,Po,1.0,16000,0.061968,0.44989,D:\STUPEN\Heartz\data-science\dataset\clean\Po\Po_0448.wav
Po_0449.wav,Po,1.0,16000,0.066933,0.636475,D:\STUPEN\Heartz\data-science\dataset\clean\Po\Po_0449.wav
Po_0450.wav,Po,1.0,16000,0.066933,0.518127,D:\STUPEN\Heartz\data-science\dataset\clean\Po\Po_0450.wav
Po_0451.wav,Po,1.0,16000,0.066933,0.506439,D:\STUPEN\Heartz\data-science\dataset\clean\Po\Po_0451.wav
Po_0452.wav,Po,1.0,16000,0.069282,0.512939,D:\STUPEN\Heartz\data-science\dataset\clean\Po\Po_0452.wav
Po_0453.wav,Po,1.0,16000,0.066933,0.4823,D:\STUPEN\Heartz\data-science\dataset\clean\Po\Po_0453.wav
Po_0454.wav,Po,1.0,16000,0.066933,0.564514,D:\STUPEN\Heartz\data-science\dataset\clean\Po\Po_0454.wav
Po_0455.wav,Po,1.0,16000,0.066933,0.493225,D:\STUPEN\Heartz\data-science\dataset\clean\Po\Po_0455.wav
Po_0456.wav,Po,1.0,16000,0.066933,0.428986,D:\STUPEN\Heartz\data-science\dataset\clean\Po\Po_0456.wav
Po_0457.wav,Po,1.0,16000,0.069282,0.605957,D:\STUPEN\Heartz\data-science\dataset\clean\Po\Po_0457.wav
Po_0458.wav,Po,1.0,16000,0.066933,0.539398,D:\STUPEN\Heartz\data-science\dataset\clean\Po\Po_0458.wav
Po_0459.wav,Po,1.0,16000,0.071554,0.479858,D:\STUPEN\Heartz\data-science\dataset\clean\Po\Po_0459.wav
Po_0460.wav,Po,1.0,16000,0.069282,0.662537,D:\STUPEN\Heartz\data-science\dataset\clean\Po\Po_0460.wav
Po_0461.wav,Po,1.0,16000,0.071554,0.446991,D:\STUPEN\Heartz\data-science\dataset\clean\Po\Po_0461.wav
Po_0462.wav,Po,1.0,16000,0.061968,0.399353,D:\STUPEN\Heartz\data-science\dataset\clean\Po\Po_0462.wav
Po_0463.wav,Po,1.0,16000,0.069282,0.499969,D:\STUPEN\Heartz\data-science\dataset\clean\Po\Po_0463.wav
Po_0464.wav,Po,1.0,16000,0.073756,0.598145,D:\STUPEN\Heartz\data-science\dataset\clean\Po\Po_0464.wav
Po_0465.wav,Po,1.0,16000,0.08,0.402954,D:\STUPEN\Heartz\data-science\dataset\clean\Po\Po_0465.wav
Po_0466.wav,Po,1.0,16000,0.066933,0.487793,D:\STUPEN\Heartz\data-science\dataset\clean\Po\Po_0466.wav
Po_0467.wav,Po,1.0,16000,0.071554,0.437714,D:\STUPEN\Heartz\data-science\dataset\clean\Po\Po_0467.wav
Po_0468.wav,Po,1.0,16000,0.071554,0.460876,D:\STUPEN\Heartz\data-science\dataset\clean\Po\Po_0468.wav
Po_0469.wav,Po,1.0,16000,0.073756,0.762146,D:\STUPEN\Heartz\data-science\dataset\clean\Po\Po_0469.wav
Po_0470.wav,Po,1.0,16000,0.071554,0.450684,D:\STUPEN\Heartz\data-science\dataset\clean\Po\Po_0470.wav
Po_0471.wav,Po,1.0,16000,0.066933,0.568085,D:\STUPEN\Heartz\data-science\dataset\clean\Po\Po_0471.wav
Po_0472.wav,Po,1.0,16000,0.077974,0.418549,D:\STUPEN\Heartz\data-science\dataset\clean\Po\Po_0472.wav
Po_0473.wav,Po,1.0,16000,0.073756,0.457977,D:\STUPEN\Heartz\data-science\dataset\clean\Po\Po_0473.wav
Po_0474.wav,Po,1.0,16000,0.075895,0.427368,D:\STUPEN\Heartz\data-science\dataset\clean\Po\Po_0474.wav
Po_0475.wav,Po,1.0,16000,0.071554,0.480988,D:\STUPEN\Heartz\data-science\dataset\clean\Po\Po_0475.wav
Po_0476.wav,Po,1.0,16000,0.069282,0.406647,D:\STUPEN\Heartz\data-science\dataset\clean\Po\Po_0476.wav
Po_0477.wav,Po,1.0,16000,0.073756,0.391327,D:\STUPEN\Heartz\data-science\dataset\clean\Po\Po_0477.wav
Po_0478.wav,Po,1.0,16000,0.061968,0.499603,D:\STUPEN\Heartz\data-science\dataset\clean\Po\Po_0478.wav
Po_0479.wav,Po,1.0,16000,0.064498,0.455902,D:\STUPEN\Heartz\data-science\dataset\clean\Po\Po_0479.wav
Po_0480.wav,Po,1.0,16000,0.064498,0.513763,D:\STUPEN\Heartz\data-science\dataset\clean\Po\Po_0480.wav
Po_0481.wav,Po,1.0,16000,0.075895,0.461487,D:\STUPEN\Heartz\data-science\dataset\clean\Po\Po_0481.wav
Po_0482.wav,Po,1.0,16000,0.077975,0.469391,D:\STUPEN\Heartz\data-science\dataset\clean\Po\Po_0482.wav
Po_0483.wav,Po,1.0,16000,0.073756,0.554657,D:\STUPEN\Heartz\data-science\dataset\clean\Po\Po_0483.wav
Po_0484.wav,Po,1.0,16000,0.069282,0.577637,D:\STUPEN\Heartz\data-science\dataset\clean\Po\Po_0484.wav
Po_0485.wav,Po,1.0,16000,0.069282,0.55954,D:\STUPEN\Heartz\data-science\dataset\clean\Po\Po_0485.wav
Po_0486.wav,Po,1.0,16000,0.073756,0.64325,D:\STUPEN\Heartz\data-science\dataset\clean\Po\Po_0486.wav
Po_0487.wav,Po,1.0,16000,0.071554,0.566162,D:\STUPEN\Heartz\data-science\dataset\clean\Po\Po_0487.wav
Po_0488.wav,Po,1.0,16000,0.061968,0.545105,D:\STUPEN\Heartz\data-science\dataset\clean\Po\Po_0488.wav
Po_0489.wav,Po,1.0,16000,0.085791,0.585419,D:\STUPEN\Heartz\data-science\dataset\clean\Po\Po_0489.wav
Po_0490.wav,Po,1.0,16000,0.073756,0.506012,D:\STUPEN\Heartz\data-science\dataset\clean\Po\Po_0490.wav
Po_0491.wav,Po,1.0,16000,0.073756,0.516052,D:\STUPEN\Heartz\data-science\dataset\clean\Po\Po_0491.wav
Po_0492.wav,Po,1.0,16000,0.071554,0.593964,D:\STUPEN\Heartz\data-science\dataset\clean\Po\Po_0492.wav
Po_0493.wav,Po,1.0,16000,0.075895,0.515991,D:\STUPEN\Heartz\data-science\dataset\clean\Po\Po_0493.wav
Po_0494.wav,Po,1.0,16000,0.073756,0.495056,D:\STUPEN\Heartz\data-science\dataset\clean\Po\Po_0494.wav
Po_0495.wav,Po,1.0,16000,0.075895,0.492737,D:\STUPEN\Heartz\data-science\dataset\clean\Po\Po_0495.wav
Po_0496.wav,Po,1.0,16000,0.073756,0.478149,D:\STUPEN\Heartz\data-science\dataset\clean\Po\Po_0496.wav
Po_0497.wav,Po,1.0,16000,0.069282,0.442261,D:\STUPEN\Heartz\data-science\dataset\clean\Po\Po_0497.wav
Po_0498.wav,Po,1.0,16000,0.069282,0.51944,D:\STUPEN\Heartz\data-science\dataset\clean\Po\Po_0498.wav
Po_0499.wav,Po,1.0,16000,0.066933,0.623016,D:\STUPEN\Heartz\data-science\dataset\clean\Po\Po_0499.wav
Po_0500.wav,Po,1.0,16000,0.071554,0.462433,D:\STUPEN\Heartz\data-science\dataset\clean\Po\Po_0500.wav
Po_0501.wav,Po,1.0,16000,0.066933,0.591614,D:\STUPEN\Heartz\data-science\dataset\clean\Po\Po_0501.wav
Po_0502.wav,Po,1.0,16000,0.071554,0.604767,D:\STUPEN\Heartz\data-science\dataset\clean\Po\Po_0502.wav
Po_0503.wav,Po,1.0,16000,0.073756,0.551514,D:\STUPEN\Heartz\data-science\dataset\clean\Po\Po_0503.wav
Po_0504.wav,Po,1.0,16000,0.066933,0.503601,D:\STUPEN\Heartz\data-science\dataset\clean\Po\Po_0504.wav
Po_0505.wav,Po,1.0,16000,0.073756,0.514343,D:\STUPEN\Heartz\data-science\dataset\clean\Po\Po_0505.wav
Po_0506.wav,Po,1.0,16000,0.071554,0.558502,D:\STUPEN\Heartz\data-science\dataset\clean\Po\Po_0506.wav
Po_0507.wav,Po,1.0,16000,0.066933,0.505127,D:\STUPEN\Heartz\data-science\dataset\clean\Po\Po_0507.wav
Po_0508.wav,Po,1.0,16000,0.069282,0.454285,D:\STUPEN\Heartz\data-science\dataset\clean\Po\Po_0508.wav
Po_0509.wav,Po,1.0,16000,0.073756,0.495605,D:\STUPEN\Heartz\data-science\dataset\clean\Po\Po_0509.wav
Po_0510.wav,Po,1.0,16000,0.073756,0.581909,D:\STUPEN\Heartz\data-science\dataset\clean\Po\Po_0510.wav
Po_0511.wav,Po,1.0,16000,0.075895,0.533997,D:\STUPEN\Heartz\data-science\dataset\clean\Po\Po_0511.wav
Po_0512.wav,Po,1.0,16000,0.071554,0.489197,D:\STUPEN\Heartz\data-science\dataset\clean\Po\Po_0512.wav
Po_0513.wav,Po,1.0,16000,0.071554,0.434509,D:\STUPEN\Heartz\data-science\dataset\clean\Po\Po_0513.wav
Po_0514.wav,Po,1.0,16000,0.083905,0.746399,D:\STUPEN\Heartz\data-science\dataset\clean\Po\Po_0514.wav
Po_0515.wav,Po,1.0,16000,0.08,0.443146,D:\STUPEN\Heartz\data-science\dataset\clean\Po\Po_0515.wav
Po_0516.wav,Po,1.0,16000,0.071554,0.432098,D:\STUPEN\Heartz\data-science\dataset\clean\Po\Po_0516.wav
Po_0517.wav,Po,1.0,16000,0.071554,0.560242,D:\STUPEN\Heartz\data-science\dataset\clean\Po\Po_0517.wav
Po_0518.wav,Po,1.0,16000,0.077974,0.755127,D:\STUPEN\Heartz\data-science\dataset\clean\Po\Po_0518.wav
Po_0519.wav,Po,1.0,16000,0.069282,0.467102,D:\STUPEN\Heartz\data-science\dataset\clean\Po\Po_0519.wav
Po_0520.wav,Po,1.0,16000,0.064498,0.420258,D:\STUPEN\Heartz\data-science\dataset\clean\Po\Po_0520.wav
Po_0521.wav,Po,1.0,16000,0.073756,0.507935,D:\STUPEN\Heartz\data-science\dataset\clean\Po\Po_0521.wav
Po_0522.wav,Po,1.0,16000,0.075895,0.456177,D:\STUPEN\Heartz\data-science\dataset\clean\Po\Po_0522.wav
Po_0523.wav,Po,1.0,16000,0.066933,0.468475,D:\STUPEN\Heartz\data-science\dataset\clean\Po\Po_0523.wav
Po_0524.wav,Po,1.0,16000,0.077974,0.450562,D:\STUPEN\Heartz\data-science\dataset\clean\Po\Po_0524.wav
Po_0525.wav,Po,1.0,16000,0.069282,0.413635,D:\STUPEN\Heartz\data-science\dataset\clean\Po\Po_0525.wav
Po_0526.wav,Po,1.0,16000,0.069282,0.42749,D:\STUPEN\Heartz\data-science\dataset\clean\Po\Po_0526.wav
Po_0527.wav,Po,1.0,16000,0.069282,0.658508,D:\STUPEN\Heartz\data-science\dataset\clean\Po\Po_0527.wav
Po_0528.wav,Po,1.0,16000,0.075895,0.464691,D:\STUPEN\Heartz\data-science\dataset\clean\Po\Po_0528.wav
Pu_0001.wav,Pu,1.0,16000,0.069282,0.295074,D:\STUPEN\Heartz\data-science\dataset\clean\Pu\Pu_0001.wav
Pu_0002.wav,Pu,1.0,16000,0.066933,0.347717,D:\STUPEN\Heartz\data-science\dataset\clean\Pu\Pu_0002.wav
Pu_0003.wav,Pu,1.0,16000,0.066933,0.342285,D:\STUPEN\Heartz\data-science\dataset\clean\Pu\Pu_0003.wav
Pu_0004.wav,Pu,1.0,16000,0.064498,0.301208,D:\STUPEN\Heartz\data-science\dataset\clean\Pu\Pu_0004.wav
Pu_0005.wav,Pu,1.0,16000,0.064498,0.267395,D:\STUPEN\Heartz\data-science\dataset\clean\Pu\Pu_0005.wav
Pu_0006.wav,Pu,1.0,16000,0.066933,0.362701,D:\STUPEN\Heartz\data-science\dataset\clean\Pu\Pu_0006.wav
Pu_0007.wav,Pu,1.0,16000,0.064498,0.285553,D:\STUPEN\Heartz\data-science\dataset\clean\Pu\Pu_0007.wav
Pu_0008.wav,Pu,1.0,16000,0.064498,0.339417,D:\STUPEN\Heartz\data-science\dataset\clean\Pu\Pu_0008.wav
Pu_0009.wav,Pu,1.0,16000,0.066933,0.309509,D:\STUPEN\Heartz\data-science\dataset\clean\Pu\Pu_0009.wav
Pu_0010.wav,Pu,1.0,16000,0.061968,0.330505,D:\STUPEN\Heartz\data-science\dataset\clean\Pu\Pu_0010.wav
Pu_0011.wav,Pu,1.0,16000,0.064498,0.350494,D:\STUPEN\Heartz\data-science\dataset\clean\Pu\Pu_0011.wav
Pu_0012.wav,Pu,1.0,16000,0.064498,0.359253,D:\STUPEN\Heartz\data-science\dataset\clean\Pu\Pu_0012.wav
Pu_0013.wav,Pu,1.0,16000,0.066933,0.295288,D:\STUPEN\Heartz\data-science\dataset\clean\Pu\Pu_0013.wav
Pu_0014.wav,Pu,1.0,16000,0.064498,0.363251,D:\STUPEN\Heartz\data-science\dataset\clean\Pu\Pu_0014.wav
Pu_0015.wav,Pu,1.0,16000,0.066933,0.367126,D:\STUPEN\Heartz\data-science\dataset\clean\Pu\Pu_0015.wav
Pu_0016.wav,Pu,1.0,16000,0.066933,0.302185,D:\STUPEN\Heartz\data-science\dataset\clean\Pu\Pu_0016.wav
Pu_0017.wav,Pu,1.0,16000,0.064498,0.308289,D:\STUPEN\Heartz\data-science\dataset\clean\Pu\Pu_0017.wav
Pu_0018.wav,Pu,1.0,16000,0.066933,0.326355,D:\STUPEN\Heartz\data-science\dataset\clean\Pu\Pu_0018.wav
Pu_0019.wav,Pu,1.0,16000,0.066933,0.33551,D:\STUPEN\Heartz\data-science\dataset\clean\Pu\Pu_0019.wav
Pu_0020.wav,Pu,1.0,16000,0.061968,0.348358,D:\STUPEN\Heartz\data-science\dataset\clean\Pu\Pu_0020.wav
Pu_0021.wav,Pu,1.0,16000,0.066933,0.334625,D:\STUPEN\Heartz\data-science\dataset\clean\Pu\Pu_0021.wav
Pu_0022.wav,Pu,1.0,16000,0.061968,0.309723,D:\STUPEN\Heartz\data-science\dataset\clean\Pu\Pu_0022.wav
Pu_0023.wav,Pu,1.0,16000,0.064498,0.302856,D:\STUPEN\Heartz\data-science\dataset\clean\Pu\Pu_0023.wav
Pu_0024.wav,Pu,1.0,16000,0.064498,0.312317,D:\STUPEN\Heartz\data-science\dataset\clean\Pu\Pu_0024.wav
Pu_0025.wav,Pu,1.0,16000,0.066933,0.318024,D:\STUPEN\Heartz\data-science\dataset\clean\Pu\Pu_0025.wav
Pu_0026.wav,Pu,1.0,16000,0.064498,0.369293,D:\STUPEN\Heartz\data-science\dataset\clean\Pu\Pu_0026.wav
Pu_0027.wav,Pu,1.0,16000,0.066933,0.297974,D:\STUPEN\Heartz\data-science\dataset\clean\Pu\Pu_0027.wav
Pu_0028.wav,Pu,1.0,16000,0.066933,0.344055,D:\STUPEN\Heartz\data-science\dataset\clean\Pu\Pu_0028.wav
Pu_0029.wav,Pu,1.0,16000,0.069282,0.280212,D:\STUPEN\Heartz\data-science\dataset\clean\Pu\Pu_0029.wav
Pu_0030.wav,Pu,1.0,16000,0.073756,0.371063,D:\STUPEN\Heartz\data-science\dataset\clean\Pu\Pu_0030.wav
Pu_0031.wav,Pu,1.0,16000,0.073756,0.368896,D:\STUPEN\Heartz\data-science\dataset\clean\Pu\Pu_0031.wav
Pu_0032.wav,Pu,1.0,16000,0.071554,0.271393,D:\STUPEN\Heartz\data-science\dataset\clean\Pu\Pu_0032.wav
Pu_0033.wav,Pu,1.0,16000,0.071554,0.248016,D:\STUPEN\Heartz\data-science\dataset\clean\Pu\Pu_0033.wav
Pu_0034.wav,Pu,1.0,16000,0.073756,0.273407,D:\STUPEN\Heartz\data-science\dataset\clean\Pu\Pu_0034.wav
Pu_0035.wav,Pu,1.0,16000,0.073756,0.263916,D:\STUPEN\Heartz\data-science\dataset\clean\Pu\Pu_0035.wav
Pu_0036.wav,Pu,1.0,16000,0.073756,0.269043,D:\STUPEN\Heartz\data-science\dataset\clean\Pu\Pu_0036.wav
Pu_0037.wav,Pu,1.0,16000,0.071554,0.258392,D:\STUPEN\Heartz\data-science\dataset\clean\Pu\Pu_0037.wav
Pu_0038.wav,Pu,1.0,16000,0.077974,0.296265,D:\STUPEN\Heartz\data-science\dataset\clean\Pu\Pu_0038.wav
Pu_0039.wav,Pu,1.0,16000,0.075895,0.272491,D:\STUPEN\Heartz\data-science\dataset\clean\Pu\Pu_0039.wav
Pu_0040.wav,Pu,1.0,16000,0.066933,0.281525,D:\STUPEN\Heartz\data-science\dataset\clean\Pu\Pu_0040.wav
Pu_0041.wav,Pu,1.0,16000,0.069282,0.26767,D:\STUPEN\Heartz\data-science\dataset\clean\Pu\Pu_0041.wav
Pu_0042.wav,Pu,1.0,16000,0.069282,0.279053,D:\STUPEN\Heartz\data-science\dataset\clean\Pu\Pu_0042.wav
Pu_0043.wav,Pu,1.0,16000,0.069282,0.279053,D:\STUPEN\Heartz\data-science\dataset\clean\Pu\Pu_0043.wav
Pu_0044.wav,Pu,1.0,16000,0.071554,0.251953,D:\STUPEN\Heartz\data-science\dataset\clean\Pu\Pu_0044.wav
Pu_0045.wav,Pu,1.0,16000,0.071554,0.261414,D:\STUPEN\Heartz\data-science\dataset\clean\Pu\Pu_0045.wav
Pu_0046.wav,Pu,1.0,16000,0.069282,0.242706,D:\STUPEN\Heartz\data-science\dataset\clean\Pu\Pu_0046.wav
Pu_0047.wav,Pu,1.0,16000,0.071554,0.253754,D:\STUPEN\Heartz\data-science\dataset\clean\Pu\Pu_0047.wav
Pu_0048.wav,Pu,1.0,16000,0.066933,0.280853,D:\STUPEN\Heartz\data-science\dataset\clean\Pu\Pu_0048.wav
Pu_0049.wav,Pu,1.0,16000,0.066933,0.264679,D:\STUPEN\Heartz\data-science\dataset\clean\Pu\Pu_0049.wav
Pu_0050.wav,Pu,1.0,16000,0.069282,0.290894,D:\STUPEN\Heartz\data-science\dataset\clean\Pu\Pu_0050.wav
Pu_0051.wav,Pu,1.0,16000,0.073756,0.258362,D:\STUPEN\Heartz\data-science\dataset\clean\Pu\Pu_0051.wav
Pu_0052.wav,Pu,1.0,16000,0.071554,0.319153,D:\STUPEN\Heartz\data-science\dataset\clean\Pu\Pu_0052.wav
Pu_0053.wav,Pu,1.0,16000,0.073756,0.264923,D:\STUPEN\Heartz\data-science\dataset\clean\Pu\Pu_0053.wav
Pu_0054.wav,Pu,1.0,16000,0.08,0.299103,D:\STUPEN\Heartz\data-science\dataset\clean\Pu\Pu_0054.wav
Pu_0055.wav,Pu,1.0,16000,0.073756,0.269135,D:\STUPEN\Heartz\data-science\dataset\clean\Pu\Pu_0055.wav
Pu_0056.wav,Pu,1.0,16000,0.066933,0.37619,D:\STUPEN\Heartz\data-science\dataset\clean\Pu\Pu_0056.wav
Pu_0057.wav,Pu,1.0,16000,0.071554,0.295471,D:\STUPEN\Heartz\data-science\dataset\clean\Pu\Pu_0057.wav
Pu_0058.wav,Pu,1.0,16000,0.066933,0.2883,D:\STUPEN\Heartz\data-science\dataset\clean\Pu\Pu_0058.wav
Pu_0059.wav,Pu,1.0,16000,0.069282,0.273499,D:\STUPEN\Heartz\data-science\dataset\clean\Pu\Pu_0059.wav
Pu_0060.wav,Pu,1.0,16000,0.066933,0.256714,D:\STUPEN\Heartz\data-science\dataset\clean\Pu\Pu_0060.wav
Pu_0061.wav,Pu,1.0,16000,0.066933,0.316803,D:\STUPEN\Heartz\data-science\dataset\clean\Pu\Pu_0061.wav
Pu_0062.wav,Pu,1.0,16000,0.066933,0.285706,D:\STUPEN\Heartz\data-science\dataset\clean\Pu\Pu_0062.wav
Pu_0063.wav,Pu,1.0,16000,0.071554,0.321899,D:\STUPEN\Heartz\data-science\dataset\clean\Pu\Pu_0063.wav
Pu_0064.wav,Pu,1.0,16000,0.064498,0.271454,D:\STUPEN\Heartz\data-science\dataset\clean\Pu\Pu_0064.wav
Pu_0065.wav,Pu,1.0,16000,0.066933,0.268677,D:\STUPEN\Heartz\data-science\dataset\clean\Pu\Pu_0065.wav
Pu_0066.wav,Pu,1.0,16000,0.064498,0.28241,D:\STUPEN\Heartz\data-science\dataset\clean\Pu\Pu_0066.wav
Pu_0067.wav,Pu,1.0,16000,0.061968,0.258789,D:\STUPEN\Heartz\data-science\dataset\clean\Pu\Pu_0067.wav
Pu_0068.wav,Pu,1.0,16000,0.069282,0.271545,D:\STUPEN\Heartz\data-science\dataset\clean\Pu\Pu_0068.wav
Pu_0069.wav,Pu,1.0,16000,0.069282,0.256439,D:\STUPEN\Heartz\data-science\dataset\clean\Pu\Pu_0069.wav
Pu_0070.wav,Pu,1.0,16000,0.066933,0.291992,D:\STUPEN\Heartz\data-science\dataset\clean\Pu\Pu_0070.wav
Pu_0071.wav,Pu,1.0,16000,0.066933,0.278931,D:\STUPEN\Heartz\data-science\dataset\clean\Pu\Pu_0071.wav
Pu_0072.wav,Pu,1.0,16000,0.066933,0.269196,D:\STUPEN\Heartz\data-science\dataset\clean\Pu\Pu_0072.wav
Pu_0073.wav,Pu,1.0,16000,0.069282,0.278656,D:\STUPEN\Heartz\data-science\dataset\clean\Pu\Pu_0073.wav
Pu_0074.wav,Pu,1.0,16000,0.069282,0.255157,D:\STUPEN\Heartz\data-science\dataset\clean\Pu\Pu_0074.wav
Pu_0075.wav,Pu,1.0,16000,0.066933,0.249268,D:\STUPEN\Heartz\data-science\dataset\clean\Pu\Pu_0075.wav
Pu_0076.wav,Pu,1.0,16000,0.066933,0.261841,D:\STUPEN\Heartz\data-science\dataset\clean\Pu\Pu_0076.wav
Pu_0077.wav,Pu,1.0,16000,0.069282,0.279785,D:\STUPEN\Heartz\data-science\dataset\clean\Pu\Pu_0077.wav
Pu_0078.wav,Pu,1.0,16000,0.066933,0.264587,D:\STUPEN\Heartz\data-science\dataset\clean\Pu\Pu_0078.wav
Pu_0079.wav,Pu,1.0,16000,0.066933,0.240509,D:\STUPEN\Heartz\data-science\dataset\clean\Pu\Pu_0079.wav
Pu_0080.wav,Pu,1.0,16000,0.066933,0.249603,D:\STUPEN\Heartz\data-science\dataset\clean\Pu\Pu_0080.wav
Pu_0081.wav,Pu,1.0,16000,0.066933,0.267365,D:\STUPEN\Heartz\data-science\dataset\clean\Pu\Pu_0081.wav
Pu_0082.wav,Pu,1.0,16000,0.066933,0.257294,D:\STUPEN\Heartz\data-science\dataset\clean\Pu\Pu_0082.wav
Pu_0083.wav,Pu,1.0,16000,0.066933,0.275513,D:\STUPEN\Heartz\data-science\dataset\clean\Pu\Pu_0083.wav
Pu_0084.wav,Pu,1.0,16000,0.069282,0.276642,D:\STUPEN\Heartz\data-science\dataset\clean\Pu\Pu_0084.wav
Pu_0085.wav,Pu,1.0,16000,0.071554,0.271576,D:\STUPEN\Heartz\data-science\dataset\clean\Pu\Pu_0085.wav
Pu_0086.wav,Pu,1.0,16000,0.069282,0.286011,D:\STUPEN\Heartz\data-science\dataset\clean\Pu\Pu_0086.wav
Pu_0087.wav,Pu,1.0,16000,0.069282,0.272705,D:\STUPEN\Heartz\data-science\dataset\clean\Pu\Pu_0087.wav
Pu_0088.wav,Pu,1.0,16000,0.069282,0.270782,D:\STUPEN\Heartz\data-science\dataset\clean\Pu\Pu_0088.wav
Pu_0089.wav,Pu,1.0,16000,0.071554,0.254944,D:\STUPEN\Heartz\data-science\dataset\clean\Pu\Pu_0089.wav
Pu_0090.wav,Pu,1.0,16000,0.069282,0.261505,D:\STUPEN\Heartz\data-science\dataset\clean\Pu\Pu_0090.wav
Pu_0091.wav,Pu,1.0,16000,0.066933,0.269531,D:\STUPEN\Heartz\data-science\dataset\clean\Pu\Pu_0091.wav
Pu_0092.wav,Pu,1.0,16000,0.069282,0.241302,D:\STUPEN\Heartz\data-science\dataset\clean\Pu\Pu_0092.wav
Pu_0093.wav,Pu,1.0,16000,0.071554,0.254761,D:\STUPEN\Heartz\data-science\dataset\clean\Pu\Pu_0093.wav
Pu_0094.wav,Pu,1.0,16000,0.069282,0.236053,D:\STUPEN\Heartz\data-science\dataset\clean\Pu\Pu_0094.wav
Pu_0095.wav,Pu,1.0,16000,0.069282,0.239624,D:\STUPEN\Heartz\data-science\dataset\clean\Pu\Pu_0095.wav
Pu_0096.wav,Pu,1.0,16000,0.071554,0.279633,D:\STUPEN\Heartz\data-science\dataset\clean\Pu\Pu_0096.wav
Pu_0097.wav,Pu,1.0,16000,0.071554,0.24585,D:\STUPEN\Heartz\data-science\dataset\clean\Pu\Pu_0097.wav
Pu_0098.wav,Pu,1.0,16000,0.069282,0.240936,D:\STUPEN\Heartz\data-science\dataset\clean\Pu\Pu_0098.wav
Pu_0099.wav,Pu,1.0,16000,0.069282,0.234009,D:\STUPEN\Heartz\data-science\dataset\clean\Pu\Pu_0099.wav
Pu_0100.wav,Pu,1.0,16000,0.069282,0.221191,D:\STUPEN\Heartz\data-science\dataset\clean\Pu\Pu_0100.wav
Pu_0101.wav,Pu,1.0,16000,0.069282,0.243256,D:\STUPEN\Heartz\data-science\dataset\clean\Pu\Pu_0101.wav
Pu_0102.wav,Pu,1.0,16000,0.066933,0.237183,D:\STUPEN\Heartz\data-science\dataset\clean\Pu\Pu_0102.wav
Pu_0103.wav,Pu,1.0,16000,0.066933,0.227142,D:\STUPEN\Heartz\data-science\dataset\clean\Pu\Pu_0103.wav
Pu_0104.wav,Pu,1.0,16000,0.069282,0.261414,D:\STUPEN\Heartz\data-science\dataset\clean\Pu\Pu_0104.wav
Pu_0105.wav,Pu,1.0,16000,0.064498,0.243561,D:\STUPEN\Heartz\data-science\dataset\clean\Pu\Pu_0105.wav
Pu_0106.wav,Pu,1.0,16000,0.066933,0.273651,D:\STUPEN\Heartz\data-science\dataset\clean\Pu\Pu_0106.wav
Pu_0107.wav,Pu,1.0,16000,0.064498,0.290009,D:\STUPEN\Heartz\data-science\dataset\clean\Pu\Pu_0107.wav
Pu_0108.wav,Pu,1.0,16000,0.066933,0.312225,D:\STUPEN\Heartz\data-science\dataset\clean\Pu\Pu_0108.wav
Pu_0109.wav,Pu,1.0,16000,0.069282,0.27594,D:\STUPEN\Heartz\data-science\dataset\clean\Pu\Pu_0109.wav
Pu_0110.wav,Pu,1.0,16000,0.066933,0.265106,D:\STUPEN\Heartz\data-science\dataset\clean\Pu\Pu_0110.wav
Pu_0111.wav,Pu,1.0,16000,0.069282,0.236908,D:\STUPEN\Heartz\data-science\dataset\clean\Pu\Pu_0111.wav
Pu_0112.wav,Pu,1.0,16000,0.069282,0.26001,D:\STUPEN\Heartz\data-science\dataset\clean\Pu\Pu_0112.wav
Pu_0113.wav,Pu,1.0,16000,0.069282,0.23941,D:\STUPEN\Heartz\data-science\dataset\clean\Pu\Pu_0113.wav
Pu_0114.wav,Pu,1.0,16000,0.069282,0.273529,D:\STUPEN\Heartz\data-science\dataset\clean\Pu\Pu_0114.wav
Pu_0115.wav,Pu,1.0,16000,0.066933,0.263947,D:\STUPEN\Heartz\data-science\dataset\clean\Pu\Pu_0115.wav
Pu_0116.wav,Pu,1.0,16000,0.069282,0.287964,D:\STUPEN\Heartz\data-science\dataset\clean\Pu\Pu_0116.wav
Pu_0117.wav,Pu,1.0,16000,0.071554,0.279358,D:\STUPEN\Heartz\data-science\dataset\clean\Pu\Pu_0117.wav
Pu_0118.wav,Pu,1.0,16000,0.071554,0.293884,D:\STUPEN\Heartz\data-science\dataset\clean\Pu\Pu_0118.wav
Pu_0119.wav,Pu,1.0,16000,0.069282,0.263824,D:\STUPEN\Heartz\data-science\dataset\clean\Pu\Pu_0119.wav
Pu_0120.wav,Pu,1.0,16000,0.071554,0.247131,D:\STUPEN\Heartz\data-science\dataset\clean\Pu\Pu_0120.wav
Pu_0121.wav,Pu,1.0,16000,0.071554,0.258789,D:\STUPEN\Heartz\data-science\dataset\clean\Pu\Pu_0121.wav
Pu_0122.wav,Pu,1.0,16000,0.073757,0.252197,D:\STUPEN\Heartz\data-science\dataset\clean\Pu\Pu_0122.wav
Pu_0123.wav,Pu,1.0,16000,0.110545,0.246277,D:\STUPEN\Heartz\data-science\dataset\clean\Pu\Pu_0123.wav
Pu_0124.wav,Pu,1.0,16000,0.069282,0.295074,D:\STUPEN\Heartz\data-science\dataset\clean\Pu\Pu_0124.wav
Pu_0125.wav,Pu,1.0,16000,0.066933,0.347717,D:\STUPEN\Heartz\data-science\dataset\clean\Pu\Pu_0125.wav
Pu_0126.wav,Pu,1.0,16000,0.066933,0.342285,D:\STUPEN\Heartz\data-science\dataset\clean\Pu\Pu_0126.wav
Pu_0127.wav,Pu,1.0,16000,0.064498,0.301208,D:\STUPEN\Heartz\data-science\dataset\clean\Pu\Pu_0127.wav
Pu_0128.wav,Pu,1.0,16000,0.064498,0.267395,D:\STUPEN\Heartz\data-science\dataset\clean\Pu\Pu_0128.wav
Pu_0129.wav,Pu,1.0,16000,0.066933,0.362701,D:\STUPEN\Heartz\data-science\dataset\clean\Pu\Pu_0129.wav
Pu_0130.wav,Pu,1.0,16000,0.064498,0.285553,D:\STUPEN\Heartz\data-science\dataset\clean\Pu\Pu_0130.wav
Pu_0131.wav,Pu,1.0,16000,0.064498,0.339417,D:\STUPEN\Heartz\data-science\dataset\clean\Pu\Pu_0131.wav
Pu_0132.wav,Pu,1.0,16000,0.066933,0.309509,D:\STUPEN\Heartz\data-science\dataset\clean\Pu\Pu_0132.wav
Pu_0133.wav,Pu,1.0,16000,0.061968,0.330505,D:\STUPEN\Heartz\data-science\dataset\clean\Pu\Pu_0133.wav
Pu_0134.wav,Pu,1.0,16000,0.064498,0.350494,D:\STUPEN\Heartz\data-science\dataset\clean\Pu\Pu_0134.wav
Pu_0135.wav,Pu,1.0,16000,0.064498,0.359253,D:\STUPEN\Heartz\data-science\dataset\clean\Pu\Pu_0135.wav
Pu_0136.wav,Pu,1.0,16000,0.066933,0.295288,D:\STUPEN\Heartz\data-science\dataset\clean\Pu\Pu_0136.wav
Pu_0137.wav,Pu,1.0,16000,0.064498,0.363251,D:\STUPEN\Heartz\data-science\dataset\clean\Pu\Pu_0137.wav
Pu_0138.wav,Pu,1.0,16000,0.066933,0.367126,D:\STUPEN\Heartz\data-science\dataset\clean\Pu\Pu_0138.wav
Pu_0139.wav,Pu,1.0,16000,0.066933,0.302185,D:\STUPEN\Heartz\data-science\dataset\clean\Pu\Pu_0139.wav
Pu_0140.wav,Pu,1.0,16000,0.064498,0.308289,D:\STUPEN\Heartz\data-science\dataset\clean\Pu\Pu_0140.wav
Pu_0141.wav,Pu,1.0,16000,0.066933,0.326355,D:\STUPEN\Heartz\data-science\dataset\clean\Pu\Pu_0141.wav
Pu_0142.wav,Pu,1.0,16000,0.066933,0.33551,D:\STUPEN\Heartz\data-science\dataset\clean\Pu\Pu_0142.wav
Pu_0143.wav,Pu,1.0,16000,0.061968,0.348358,D:\STUPEN\Heartz\data-science\dataset\clean\Pu\Pu_0143.wav
Pu_0144.wav,Pu,1.0,16000,0.066933,0.334625,D:\STUPEN\Heartz\data-science\dataset\clean\Pu\Pu_0144.wav
Pu_0145.wav,Pu,1.0,16000,0.061968,0.309723,D:\STUPEN\Heartz\data-science\dataset\clean\Pu\Pu_0145.wav
Pu_0146.wav,Pu,1.0,16000,0.064498,0.302856,D:\STUPEN\Heartz\data-science\dataset\clean\Pu\Pu_0146.wav
Pu_0147.wav,Pu,1.0,16000,0.064498,0.312317,D:\STUPEN\Heartz\data-science\dataset\clean\Pu\Pu_0147.wav
Pu_0148.wav,Pu,1.0,16000,0.066933,0.318024,D:\STUPEN\Heartz\data-science\dataset\clean\Pu\Pu_0148.wav
Pu_0149.wav,Pu,1.0,16000,0.064498,0.369293,D:\STUPEN\Heartz\data-science\dataset\clean\Pu\Pu_0149.wav
Pu_0150.wav,Pu,1.0,16000,0.066933,0.297974,D:\STUPEN\Heartz\data-science\dataset\clean\Pu\Pu_0150.wav
Pu_0151.wav,Pu,1.0,16000,0.066933,0.344055,D:\STUPEN\Heartz\data-science\dataset\clean\Pu\Pu_0151.wav
Pu_0152.wav,Pu,1.0,16000,0.069282,0.280212,D:\STUPEN\Heartz\data-science\dataset\clean\Pu\Pu_0152.wav
Pu_0153.wav,Pu,1.0,16000,0.073756,0.371063,D:\STUPEN\Heartz\data-science\dataset\clean\Pu\Pu_0153.wav
Pu_0154.wav,Pu,1.0,16000,0.073756,0.368896,D:\STUPEN\Heartz\data-science\dataset\clean\Pu\Pu_0154.wav
Pu_0155.wav,Pu,1.0,16000,0.071554,0.271393,D:\STUPEN\Heartz\data-science\dataset\clean\Pu\Pu_0155.wav
Pu_0156.wav,Pu,1.0,16000,0.071554,0.248016,D:\STUPEN\Heartz\data-science\dataset\clean\Pu\Pu_0156.wav
Pu_0157.wav,Pu,1.0,16000,0.073756,0.273407,D:\STUPEN\Heartz\data-science\dataset\clean\Pu\Pu_0157.wav
Pu_0158.wav,Pu,1.0,16000,0.073756,0.263916,D:\STUPEN\Heartz\data-science\dataset\clean\Pu\Pu_0158.wav
Pu_0159.wav,Pu,1.0,16000,0.073756,0.269043,D:\STUPEN\Heartz\data-science\dataset\clean\Pu\Pu_0159.wav
Pu_0160.wav,Pu,1.0,16000,0.071554,0.258392,D:\STUPEN\Heartz\data-science\dataset\clean\Pu\Pu_0160.wav
Pu_0161.wav,Pu,1.0,16000,0.077974,0.296265,D:\STUPEN\Heartz\data-science\dataset\clean\Pu\Pu_0161.wav
Pu_0162.wav,Pu,1.0,16000,0.075895,0.272491,D:\STUPEN\Heartz\data-science\dataset\clean\Pu\Pu_0162.wav
Pu_0163.wav,Pu,1.0,16000,0.066933,0.281525,D:\STUPEN\Heartz\data-science\dataset\clean\Pu\Pu_0163.wav
Pu_0164.wav,Pu,1.0,16000,0.069282,0.26767,D:\STUPEN\Heartz\data-science\dataset\clean\Pu\Pu_0164.wav
Pu_0165.wav,Pu,1.0,16000,0.069282,0.279053,D:\STUPEN\Heartz\data-science\dataset\clean\Pu\Pu_0165.wav
Pu_0166.wav,Pu,1.0,16000,0.069282,0.279053,D:\STUPEN\Heartz\data-science\dataset\clean\Pu\Pu_0166.wav
Pu_0167.wav,Pu,1.0,16000,0.071554,0.251953,D:\STUPEN\Heartz\data-science\dataset\clean\Pu\Pu_0167.wav
Pu_0168.wav,Pu,1.0,16000,0.071554,0.261414,D:\STUPEN\Heartz\data-science\dataset\clean\Pu\Pu_0168.wav
Pu_0169.wav,Pu,1.0,16000,0.069282,0.242706,D:\STUPEN\Heartz\data-science\dataset\clean\Pu\Pu_0169.wav
Pu_0170.wav,Pu,1.0,16000,0.071554,0.253754,D:\STUPEN\Heartz\data-science\dataset\clean\Pu\Pu_0170.wav
Pu_0171.wav,Pu,1.0,16000,0.066933,0.280853,D:\STUPEN\Heartz\data-science\dataset\clean\Pu\Pu_0171.wav
Pu_0172.wav,Pu,1.0,16000,0.066933,0.264679,D:\STUPEN\Heartz\data-science\dataset\clean\Pu\Pu_0172.wav
Pu_0173.wav,Pu,1.0,16000,0.069282,0.290894,D:\STUPEN\Heartz\data-science\dataset\clean\Pu\Pu_0173.wav
Pu_0174.wav,Pu,1.0,16000,0.073756,0.258362,D:\STUPEN\Heartz\data-science\dataset\clean\Pu\Pu_0174.wav
Pu_0175.wav,Pu,1.0,16000,0.071554,0.319153,D:\STUPEN\Heartz\data-science\dataset\clean\Pu\Pu_0175.wav
Pu_0176.wav,Pu,1.0,16000,0.073756,0.264923,D:\STUPEN\Heartz\data-science\dataset\clean\Pu\Pu_0176.wav
Pu_0177.wav,Pu,1.0,16000,0.08,0.299103,D:\STUPEN\Heartz\data-science\dataset\clean\Pu\Pu_0177.wav
Pu_0178.wav,Pu,1.0,16000,0.073756,0.269135,D:\STUPEN\Heartz\data-science\dataset\clean\Pu\Pu_0178.wav
Pu_0179.wav,Pu,1.0,16000,0.066933,0.37619,D:\STUPEN\Heartz\data-science\dataset\clean\Pu\Pu_0179.wav
Pu_0180.wav,Pu,1.0,16000,0.071554,0.295471,D:\STUPEN\Heartz\data-science\dataset\clean\Pu\Pu_0180.wav
Pu_0181.wav,Pu,1.0,16000,0.066933,0.2883,D:\STUPEN\Heartz\data-science\dataset\clean\Pu\Pu_0181.wav
Pu_0182.wav,Pu,1.0,16000,0.069282,0.273499,D:\STUPEN\Heartz\data-science\dataset\clean\Pu\Pu_0182.wav
Pu_0183.wav,Pu,1.0,16000,0.066933,0.256714,D:\STUPEN\Heartz\data-science\dataset\clean\Pu\Pu_0183.wav
Pu_0184.wav,Pu,1.0,16000,0.066933,0.316803,D:\STUPEN\Heartz\data-science\dataset\clean\Pu\Pu_0184.wav
Pu_0185.wav,Pu,1.0,16000,0.066933,0.285706,D:\STUPEN\Heartz\data-science\dataset\clean\Pu\Pu_0185.wav
Pu_0186.wav,Pu,1.0,16000,0.071554,0.321899,D:\STUPEN\Heartz\data-science\dataset\clean\Pu\Pu_0186.wav
Pu_0187.wav,Pu,1.0,16000,0.064498,0.271454,D:\STUPEN\Heartz\data-science\dataset\clean\Pu\Pu_0187.wav
Pu_0188.wav,Pu,1.0,16000,0.066933,0.268677,D:\STUPEN\Heartz\data-science\dataset\clean\Pu\Pu_0188.wav
Pu_0189.wav,Pu,1.0,16000,0.064498,0.28241,D:\STUPEN\Heartz\data-science\dataset\clean\Pu\Pu_0189.wav
Pu_0190.wav,Pu,1.0,16000,0.061968,0.258789,D:\STUPEN\Heartz\data-science\dataset\clean\Pu\Pu_0190.wav
Pu_0191.wav,Pu,1.0,16000,0.069282,0.271545,D:\STUPEN\Heartz\data-science\dataset\clean\Pu\Pu_0191.wav
Pu_0192.wav,Pu,1.0,16000,0.069282,0.256439,D:\STUPEN\Heartz\data-science\dataset\clean\Pu\Pu_0192.wav
Pu_0193.wav,Pu,1.0,16000,0.066933,0.291992,D:\STUPEN\Heartz\data-science\dataset\clean\Pu\Pu_0193.wav
Pu_0194.wav,Pu,1.0,16000,0.066933,0.278931,D:\STUPEN\Heartz\data-science\dataset\clean\Pu\Pu_0194.wav
Pu_0195.wav,Pu,1.0,16000,0.066933,0.269196,D:\STUPEN\Heartz\data-science\dataset\clean\Pu\Pu_0195.wav
Pu_0196.wav,Pu,1.0,16000,0.069282,0.278656,D:\STUPEN\Heartz\data-science\dataset\clean\Pu\Pu_0196.wav
Pu_0197.wav,Pu,1.0,16000,0.069282,0.255157,D:\STUPEN\Heartz\data-science\dataset\clean\Pu\Pu_0197.wav
Pu_0198.wav,Pu,1.0,16000,0.066933,0.249268,D:\STUPEN\Heartz\data-science\dataset\clean\Pu\Pu_0198.wav
Pu_0199.wav,Pu,1.0,16000,0.066933,0.261841,D:\STUPEN\Heartz\data-science\dataset\clean\Pu\Pu_0199.wav
Pu_0200.wav,Pu,1.0,16000,0.069282,0.279785,D:\STUPEN\Heartz\data-science\dataset\clean\Pu\Pu_0200.wav
Pu_0201.wav,Pu,1.0,16000,0.066933,0.264587,D:\STUPEN\Heartz\data-science\dataset\clean\Pu\Pu_0201.wav
Pu_0202.wav,Pu,1.0,16000,0.066933,0.240509,D:\STUPEN\Heartz\data-science\dataset\clean\Pu\Pu_0202.wav
Pu_0203.wav,Pu,1.0,16000,0.066933,0.249603,D:\STUPEN\Heartz\data-science\dataset\clean\Pu\Pu_0203.wav
Pu_0204.wav,Pu,1.0,16000,0.066933,0.267365,D:\STUPEN\Heartz\data-science\dataset\clean\Pu\Pu_0204.wav
Pu_0205.wav,Pu,1.0,16000,0.066933,0.257294,D:\STUPEN\Heartz\data-science\dataset\clean\Pu\Pu_0205.wav
Pu_0206.wav,Pu,1.0,16000,0.066933,0.275513,D:\STUPEN\Heartz\data-science\dataset\clean\Pu\Pu_0206.wav
Pu_0207.wav,Pu,1.0,16000,0.069282,0.276642,D:\STUPEN\Heartz\data-science\dataset\clean\Pu\Pu_0207.wav
Pu_0208.wav,Pu,1.0,16000,0.071554,0.271576,D:\STUPEN\Heartz\data-science\dataset\clean\Pu\Pu_0208.wav
Pu_0209.wav,Pu,1.0,16000,0.069282,0.286011,D:\STUPEN\Heartz\data-science\dataset\clean\Pu\Pu_0209.wav
Pu_0210.wav,Pu,1.0,16000,0.069282,0.272705,D:\STUPEN\Heartz\data-science\dataset\clean\Pu\Pu_0210.wav
Pu_0211.wav,Pu,1.0,16000,0.069282,0.270782,D:\STUPEN\Heartz\data-science\dataset\clean\Pu\Pu_0211.wav
Pu_0212.wav,Pu,1.0,16000,0.071554,0.254944,D:\STUPEN\Heartz\data-science\dataset\clean\Pu\Pu_0212.wav
Pu_0213.wav,Pu,1.0,16000,0.069282,0.261505,D:\STUPEN\Heartz\data-science\dataset\clean\Pu\Pu_0213.wav
Pu_0214.wav,Pu,1.0,16000,0.066933,0.269531,D:\STUPEN\Heartz\data-science\dataset\clean\Pu\Pu_0214.wav
Pu_0215.wav,Pu,1.0,16000,0.069282,0.241302,D:\STUPEN\Heartz\data-science\dataset\clean\Pu\Pu_0215.wav
Pu_0216.wav,Pu,1.0,16000,0.071554,0.254761,D:\STUPEN\Heartz\data-science\dataset\clean\Pu\Pu_0216.wav
Pu_0217.wav,Pu,1.0,16000,0.069282,0.236053,D:\STUPEN\Heartz\data-science\dataset\clean\Pu\Pu_0217.wav
Pu_0218.wav,Pu,1.0,16000,0.069282,0.239624,D:\STUPEN\Heartz\data-science\dataset\clean\Pu\Pu_0218.wav
Pu_0219.wav,Pu,1.0,16000,0.071554,0.279633,D:\STUPEN\Heartz\data-science\dataset\clean\Pu\Pu_0219.wav
Pu_0220.wav,Pu,1.0,16000,0.071554,0.24585,D:\STUPEN\Heartz\data-science\dataset\clean\Pu\Pu_0220.wav
Pu_0221.wav,Pu,1.0,16000,0.069282,0.240936,D:\STUPEN\Heartz\data-science\dataset\clean\Pu\Pu_0221.wav
Pu_0222.wav,Pu,1.0,16000,0.069282,0.234009,D:\STUPEN\Heartz\data-science\dataset\clean\Pu\Pu_0222.wav
Pu_0223.wav,Pu,1.0,16000,0.069282,0.221191,D:\STUPEN\Heartz\data-science\dataset\clean\Pu\Pu_0223.wav
Pu_0224.wav,Pu,1.0,16000,0.069282,0.243256,D:\STUPEN\Heartz\data-science\dataset\clean\Pu\Pu_0224.wav
Pu_0225.wav,Pu,1.0,16000,0.066933,0.237183,D:\STUPEN\Heartz\data-science\dataset\clean\Pu\Pu_0225.wav
Pu_0226.wav,Pu,1.0,16000,0.066933,0.227142,D:\STUPEN\Heartz\data-science\dataset\clean\Pu\Pu_0226.wav
Pu_0227.wav,Pu,1.0,16000,0.069282,0.261414,D:\STUPEN\Heartz\data-science\dataset\clean\Pu\Pu_0227.wav
Pu_0228.wav,Pu,1.0,16000,0.064498,0.243561,D:\STUPEN\Heartz\data-science\dataset\clean\Pu\Pu_0228.wav
Pu_0229.wav,Pu,1.0,16000,0.066933,0.273651,D:\STUPEN\Heartz\data-science\dataset\clean\Pu\Pu_0229.wav
Pu_0230.wav,Pu,1.0,16000,0.064498,0.290009,D:\STUPEN\Heartz\data-science\dataset\clean\Pu\Pu_0230.wav
Pu_0231.wav,Pu,1.0,16000,0.066933,0.312225,D:\STUPEN\Heartz\data-science\dataset\clean\Pu\Pu_0231.wav
Pu_0232.wav,Pu,1.0,16000,0.069282,0.27594,D:\STUPEN\Heartz\data-science\dataset\clean\Pu\Pu_0232.wav
Pu_0233.wav,Pu,1.0,16000,0.066933,0.265106,D:\STUPEN\Heartz\data-science\dataset\clean\Pu\Pu_0233.wav
Pu_0234.wav,Pu,1.0,16000,0.069282,0.236908,D:\STUPEN\Heartz\data-science\dataset\clean\Pu\Pu_0234.wav
Pu_0235.wav,Pu,1.0,16000,0.069282,0.26001,D:\STUPEN\Heartz\data-science\dataset\clean\Pu\Pu_0235.wav
Pu_0236.wav,Pu,1.0,16000,0.069282,0.23941,D:\STUPEN\Heartz\data-science\dataset\clean\Pu\Pu_0236.wav
Pu_0237.wav,Pu,1.0,16000,0.069282,0.273529,D:\STUPEN\Heartz\data-science\dataset\clean\Pu\Pu_0237.wav
Pu_0238.wav,Pu,1.0,16000,0.066933,0.263947,D:\STUPEN\Heartz\data-science\dataset\clean\Pu\Pu_0238.wav
Pu_0239.wav,Pu,1.0,16000,0.069282,0.287964,D:\STUPEN\Heartz\data-science\dataset\clean\Pu\Pu_0239.wav
Pu_0240.wav,Pu,1.0,16000,0.071554,0.279358,D:\STUPEN\Heartz\data-science\dataset\clean\Pu\Pu_0240.wav
Pu_0241.wav,Pu,1.0,16000,0.071554,0.293884,D:\STUPEN\Heartz\data-science\dataset\clean\Pu\Pu_0241.wav
Pu_0242.wav,Pu,1.0,16000,0.069282,0.263824,D:\STUPEN\Heartz\data-science\dataset\clean\Pu\Pu_0242.wav
Pu_0243.wav,Pu,1.0,16000,0.071554,0.247131,D:\STUPEN\Heartz\data-science\dataset\clean\Pu\Pu_0243.wav
Pu_0244.wav,Pu,1.0,16000,0.071554,0.258789,D:\STUPEN\Heartz\data-science\dataset\clean\Pu\Pu_0244.wav
Pu_0245.wav,Pu,1.0,16000,0.073757,0.252197,D:\STUPEN\Heartz\data-science\dataset\clean\Pu\Pu_0245.wav
Pu_0246.wav,Pu,1.0,16000,0.110545,0.246277,D:\STUPEN\Heartz\data-science\dataset\clean\Pu\Pu_0246.wav
Pu_0247.wav,Pu,1.0,16000,0.069282,0.295074,D:\STUPEN\Heartz\data-science\dataset\clean\Pu\Pu_0247.wav
Pu_0248.wav,Pu,1.0,16000,0.066933,0.347717,D:\STUPEN\Heartz\data-science\dataset\clean\Pu\Pu_0248.wav
Pu_0249.wav,Pu,1.0,16000,0.066933,0.342285,D:\STUPEN\Heartz\data-science\dataset\clean\Pu\Pu_0249.wav
Pu_0250.wav,Pu,1.0,16000,0.064498,0.301208,D:\STUPEN\Heartz\data-science\dataset\clean\Pu\Pu_0250.wav
Pu_0251.wav,Pu,1.0,16000,0.064498,0.267395,D:\STUPEN\Heartz\data-science\dataset\clean\Pu\Pu_0251.wav
Pu_0252.wav,Pu,1.0,16000,0.066933,0.362701,D:\STUPEN\Heartz\data-science\dataset\clean\Pu\Pu_0252.wav
Pu_0253.wav,Pu,1.0,16000,0.064498,0.285553,D:\STUPEN\Heartz\data-science\dataset\clean\Pu\Pu_0253.wav
Pu_0254.wav,Pu,1.0,16000,0.064498,0.339417,D:\STUPEN\Heartz\data-science\dataset\clean\Pu\Pu_0254.wav
Pu_0255.wav,Pu,1.0,16000,0.066933,0.309509,D:\STUPEN\Heartz\data-science\dataset\clean\Pu\Pu_0255.wav
Pu_0256.wav,Pu,1.0,16000,0.061968,0.330505,D:\STUPEN\Heartz\data-science\dataset\clean\Pu\Pu_0256.wav
Pu_0257.wav,Pu,1.0,16000,0.064498,0.350494,D:\STUPEN\Heartz\data-science\dataset\clean\Pu\Pu_0257.wav
Pu_0258.wav,Pu,1.0,16000,0.064498,0.359253,D:\STUPEN\Heartz\data-science\dataset\clean\Pu\Pu_0258.wav
Pu_0259.wav,Pu,1.0,16000,0.066933,0.295288,D:\STUPEN\Heartz\data-science\dataset\clean\Pu\Pu_0259.wav
Pu_0260.wav,Pu,1.0,16000,0.064498,0.363251,D:\STUPEN\Heartz\data-science\dataset\clean\Pu\Pu_0260.wav
Pu_0261.wav,Pu,1.0,16000,0.066933,0.367126,D:\STUPEN\Heartz\data-science\dataset\clean\Pu\Pu_0261.wav
Pu_0262.wav,Pu,1.0,16000,0.066933,0.302185,D:\STUPEN\Heartz\data-science\dataset\clean\Pu\Pu_0262.wav
Pu_0263.wav,Pu,1.0,16000,0.064498,0.308289,D:\STUPEN\Heartz\data-science\dataset\clean\Pu\Pu_0263.wav
Pu_0264.wav,Pu,1.0,16000,0.066933,0.326355,D:\STUPEN\Heartz\data-science\dataset\clean\Pu\Pu_0264.wav
Pu_0265.wav,Pu,1.0,16000,0.066933,0.33551,D:\STUPEN\Heartz\data-science\dataset\clean\Pu\Pu_0265.wav
Pu_0266.wav,Pu,1.0,16000,0.061968,0.348358,D:\STUPEN\Heartz\data-science\dataset\clean\Pu\Pu_0266.wav
Pu_0267.wav,Pu,1.0,16000,0.066933,0.334625,D:\STUPEN\Heartz\data-science\dataset\clean\Pu\Pu_0267.wav
Pu_0268.wav,Pu,1.0,16000,0.061968,0.309723,D:\STUPEN\Heartz\data-science\dataset\clean\Pu\Pu_0268.wav
Pu_0269.wav,Pu,1.0,16000,0.064498,0.302856,D:\STUPEN\Heartz\data-science\dataset\clean\Pu\Pu_0269.wav
Pu_0270.wav,Pu,1.0,16000,0.064498,0.312317,D:\STUPEN\Heartz\data-science\dataset\clean\Pu\Pu_0270.wav
Pu_0271.wav,Pu,1.0,16000,0.066933,0.318024,D:\STUPEN\Heartz\data-science\dataset\clean\Pu\Pu_0271.wav
Pu_0272.wav,Pu,1.0,16000,0.064498,0.369293,D:\STUPEN\Heartz\data-science\dataset\clean\Pu\Pu_0272.wav
Pu_0273.wav,Pu,1.0,16000,0.066933,0.297974,D:\STUPEN\Heartz\data-science\dataset\clean\Pu\Pu_0273.wav
Pu_0274.wav,Pu,1.0,16000,0.066933,0.344055,D:\STUPEN\Heartz\data-science\dataset\clean\Pu\Pu_0274.wav
Pu_0275.wav,Pu,1.0,16000,0.069282,0.280212,D:\STUPEN\Heartz\data-science\dataset\clean\Pu\Pu_0275.wav
Pu_0276.wav,Pu,1.0,16000,0.073756,0.371063,D:\STUPEN\Heartz\data-science\dataset\clean\Pu\Pu_0276.wav
Pu_0277.wav,Pu,1.0,16000,0.073756,0.368896,D:\STUPEN\Heartz\data-science\dataset\clean\Pu\Pu_0277.wav
Pu_0278.wav,Pu,1.0,16000,0.071554,0.271393,D:\STUPEN\Heartz\data-science\dataset\clean\Pu\Pu_0278.wav
Pu_0279.wav,Pu,1.0,16000,0.071554,0.248016,D:\STUPEN\Heartz\data-science\dataset\clean\Pu\Pu_0279.wav
Pu_0280.wav,Pu,1.0,16000,0.073756,0.273407,D:\STUPEN\Heartz\data-science\dataset\clean\Pu\Pu_0280.wav
Pu_0281.wav,Pu,1.0,16000,0.073756,0.263916,D:\STUPEN\Heartz\data-science\dataset\clean\Pu\Pu_0281.wav
Pu_0282.wav,Pu,1.0,16000,0.073756,0.269043,D:\STUPEN\Heartz\data-science\dataset\clean\Pu\Pu_0282.wav
Pu_0283.wav,Pu,1.0,16000,0.071554,0.258392,D:\STUPEN\Heartz\data-science\dataset\clean\Pu\Pu_0283.wav
Pu_0284.wav,Pu,1.0,16000,0.077974,0.296265,D:\STUPEN\Heartz\data-science\dataset\clean\Pu\Pu_0284.wav
Pu_0285.wav,Pu,1.0,16000,0.075895,0.272491,D:\STUPEN\Heartz\data-science\dataset\clean\Pu\Pu_0285.wav
Pu_0286.wav,Pu,1.0,16000,0.066933,0.281525,D:\STUPEN\Heartz\data-science\dataset\clean\Pu\Pu_0286.wav
Pu_0287.wav,Pu,1.0,16000,0.069282,0.26767,D:\STUPEN\Heartz\data-science\dataset\clean\Pu\Pu_0287.wav
Pu_0288.wav,Pu,1.0,16000,0.069282,0.279053,D:\STUPEN\Heartz\data-science\dataset\clean\Pu\Pu_0288.wav
Pu_0289.wav,Pu,1.0,16000,0.069282,0.279053,D:\STUPEN\Heartz\data-science\dataset\clean\Pu\Pu_0289.wav
Pu_0290.wav,Pu,1.0,16000,0.071554,0.251953,D:\STUPEN\Heartz\data-science\dataset\clean\Pu\Pu_0290.wav
Pu_0291.wav,Pu,1.0,16000,0.071554,0.261414,D:\STUPEN\Heartz\data-science\dataset\clean\Pu\Pu_0291.wav
Pu_0292.wav,Pu,1.0,16000,0.069282,0.242706,D:\STUPEN\Heartz\data-science\dataset\clean\Pu\Pu_0292.wav
Pu_0293.wav,Pu,1.0,16000,0.071554,0.253754,D:\STUPEN\Heartz\data-science\dataset\clean\Pu\Pu_0293.wav
Pu_0294.wav,Pu,1.0,16000,0.066933,0.280853,D:\STUPEN\Heartz\data-science\dataset\clean\Pu\Pu_0294.wav
Pu_0295.wav,Pu,1.0,16000,0.066933,0.264679,D:\STUPEN\Heartz\data-science\dataset\clean\Pu\Pu_0295.wav
Pu_0296.wav,Pu,1.0,16000,0.069282,0.290894,D:\STUPEN\Heartz\data-science\dataset\clean\Pu\Pu_0296.wav
Pu_0297.wav,Pu,1.0,16000,0.073756,0.258362,D:\STUPEN\Heartz\data-science\dataset\clean\Pu\Pu_0297.wav
Pu_0298.wav,Pu,1.0,16000,0.071554,0.319153,D:\STUPEN\Heartz\data-science\dataset\clean\Pu\Pu_0298.wav
Pu_0299.wav,Pu,1.0,16000,0.073756,0.264923,D:\STUPEN\Heartz\data-science\dataset\clean\Pu\Pu_0299.wav
Pu_0300.wav,Pu,1.0,16000,0.08,0.299103,D:\STUPEN\Heartz\data-science\dataset\clean\Pu\Pu_0300.wav
Pu_0301.wav,Pu,1.0,16000,0.073756,0.269135,D:\STUPEN\Heartz\data-science\dataset\clean\Pu\Pu_0301.wav
Pu_0302.wav,Pu,1.0,16000,0.066933,0.37619,D:\STUPEN\Heartz\data-science\dataset\clean\Pu\Pu_0302.wav
Pu_0303.wav,Pu,1.0,16000,0.071554,0.295471,D:\STUPEN\Heartz\data-science\dataset\clean\Pu\Pu_0303.wav
Pu_0304.wav,Pu,1.0,16000,0.066933,0.2883,D:\STUPEN\Heartz\data-science\dataset\clean\Pu\Pu_0304.wav
Pu_0305.wav,Pu,1.0,16000,0.069282,0.273499,D:\STUPEN\Heartz\data-science\dataset\clean\Pu\Pu_0305.wav
Pu_0306.wav,Pu,1.0,16000,0.066933,0.256714,D:\STUPEN\Heartz\data-science\dataset\clean\Pu\Pu_0306.wav
Pu_0307.wav,Pu,1.0,16000,0.066933,0.316803,D:\STUPEN\Heartz\data-science\dataset\clean\Pu\Pu_0307.wav
Pu_0308.wav,Pu,1.0,16000,0.066933,0.285706,D:\STUPEN\Heartz\data-science\dataset\clean\Pu\Pu_0308.wav
Pu_0309.wav,Pu,1.0,16000,0.071554,0.321899,D:\STUPEN\Heartz\data-science\dataset\clean\Pu\Pu_0309.wav
Pu_0310.wav,Pu,1.0,16000,0.064498,0.271454,D:\STUPEN\Heartz\data-science\dataset\clean\Pu\Pu_0310.wav
Pu_0311.wav,Pu,1.0,16000,0.066933,0.268677,D:\STUPEN\Heartz\data-science\dataset\clean\Pu\Pu_0311.wav
Pu_0312.wav,Pu,1.0,16000,0.064498,0.28241,D:\STUPEN\Heartz\data-science\dataset\clean\Pu\Pu_0312.wav
Pu_0313.wav,Pu,1.0,16000,0.061968,0.258789,D:\STUPEN\Heartz\data-science\dataset\clean\Pu\Pu_0313.wav
Pu_0314.wav,Pu,1.0,16000,0.069282,0.271545,D:\STUPEN\Heartz\data-science\dataset\clean\Pu\Pu_0314.wav
Pu_0315.wav,Pu,1.0,16000,0.069282,0.256439,D:\STUPEN\Heartz\data-science\dataset\clean\Pu\Pu_0315.wav
Pu_0316.wav,Pu,1.0,16000,0.066933,0.291992,D:\STUPEN\Heartz\data-science\dataset\clean\Pu\Pu_0316.wav
Pu_0317.wav,Pu,1.0,16000,0.066933,0.278931,D:\STUPEN\Heartz\data-science\dataset\clean\Pu\Pu_0317.wav
Pu_0318.wav,Pu,1.0,16000,0.066933,0.269196,D:\STUPEN\Heartz\data-science\dataset\clean\Pu\Pu_0318.wav
Pu_0319.wav,Pu,1.0,16000,0.069282,0.278656,D:\STUPEN\Heartz\data-science\dataset\clean\Pu\Pu_0319.wav
Pu_0320.wav,Pu,1.0,16000,0.069282,0.255157,D:\STUPEN\Heartz\data-science\dataset\clean\Pu\Pu_0320.wav
Pu_0321.wav,Pu,1.0,16000,0.066933,0.249268,D:\STUPEN\Heartz\data-science\dataset\clean\Pu\Pu_0321.wav
Pu_0322.wav,Pu,1.0,16000,0.066933,0.261841,D:\STUPEN\Heartz\data-science\dataset\clean\Pu\Pu_0322.wav
Pu_0323.wav,Pu,1.0,16000,0.069282,0.279785,D:\STUPEN\Heartz\data-science\dataset\clean\Pu\Pu_0323.wav
Pu_0324.wav,Pu,1.0,16000,0.066933,0.264587,D:\STUPEN\Heartz\data-science\dataset\clean\Pu\Pu_0324.wav
Pu_0325.wav,Pu,1.0,16000,0.066933,0.240509,D:\STUPEN\Heartz\data-science\dataset\clean\Pu\Pu_0325.wav
Pu_0326.wav,Pu,1.0,16000,0.066933,0.249603,D:\STUPEN\Heartz\data-science\dataset\clean\Pu\Pu_0326.wav
Pu_0327.wav,Pu,1.0,16000,0.066933,0.267365,D:\STUPEN\Heartz\data-science\dataset\clean\Pu\Pu_0327.wav
Pu_0328.wav,Pu,1.0,16000,0.066933,0.257294,D:\STUPEN\Heartz\data-science\dataset\clean\Pu\Pu_0328.wav
Pu_0329.wav,Pu,1.0,16000,0.066933,0.275513,D:\STUPEN\Heartz\data-science\dataset\clean\Pu\Pu_0329.wav
Pu_0330.wav,Pu,1.0,16000,0.069282,0.276642,D:\STUPEN\Heartz\data-science\dataset\clean\Pu\Pu_0330.wav
Pu_0331.wav,Pu,1.0,16000,0.071554,0.271576,D:\STUPEN\Heartz\data-science\dataset\clean\Pu\Pu_0331.wav
Pu_0332.wav,Pu,1.0,16000,0.069282,0.286011,D:\STUPEN\Heartz\data-science\dataset\clean\Pu\Pu_0332.wav
Pu_0333.wav,Pu,1.0,16000,0.069282,0.272705,D:\STUPEN\Heartz\data-science\dataset\clean\Pu\Pu_0333.wav
Pu_0334.wav,Pu,1.0,16000,0.069282,0.270782,D:\STUPEN\Heartz\data-science\dataset\clean\Pu\Pu_0334.wav
Pu_0335.wav,Pu,1.0,16000,0.071554,0.254944,D:\STUPEN\Heartz\data-science\dataset\clean\Pu\Pu_0335.wav
Pu_0336.wav,Pu,1.0,16000,0.069282,0.261505,D:\STUPEN\Heartz\data-science\dataset\clean\Pu\Pu_0336.wav
Pu_0337.wav,Pu,1.0,16000,0.066933,0.269531,D:\STUPEN\Heartz\data-science\dataset\clean\Pu\Pu_0337.wav
Pu_0338.wav,Pu,1.0,16000,0.069282,0.241302,D:\STUPEN\Heartz\data-science\dataset\clean\Pu\Pu_0338.wav
Pu_0339.wav,Pu,1.0,16000,0.071554,0.254761,D:\STUPEN\Heartz\data-science\dataset\clean\Pu\Pu_0339.wav
Pu_0340.wav,Pu,1.0,16000,0.069282,0.236053,D:\STUPEN\Heartz\data-science\dataset\clean\Pu\Pu_0340.wav
Pu_0341.wav,Pu,1.0,16000,0.069282,0.239624,D:\STUPEN\Heartz\data-science\dataset\clean\Pu\Pu_0341.wav
Pu_0342.wav,Pu,1.0,16000,0.071554,0.279633,D:\STUPEN\Heartz\data-science\dataset\clean\Pu\Pu_0342.wav
Pu_0343.wav,Pu,1.0,16000,0.071554,0.24585,D:\STUPEN\Heartz\data-science\dataset\clean\Pu\Pu_0343.wav
Pu_0344.wav,Pu,1.0,16000,0.069282,0.240936,D:\STUPEN\Heartz\data-science\dataset\clean\Pu\Pu_0344.wav
Pu_0345.wav,Pu,1.0,16000,0.069282,0.234009,D:\STUPEN\Heartz\data-science\dataset\clean\Pu\Pu_0345.wav
Pu_0346.wav,Pu,1.0,16000,0.069282,0.221191,D:\STUPEN\Heartz\data-science\dataset\clean\Pu\Pu_0346.wav
Pu_0347.wav,Pu,1.0,16000,0.069282,0.243256,D:\STUPEN\Heartz\data-science\dataset\clean\Pu\Pu_0347.wav
Pu_0348.wav,Pu,1.0,16000,0.066933,0.237183,D:\STUPEN\Heartz\data-science\dataset\clean\Pu\Pu_0348.wav
Pu_0349.wav,Pu,1.0,16000,0.066933,0.227142,D:\STUPEN\Heartz\data-science\dataset\clean\Pu\Pu_0349.wav
Pu_0350.wav,Pu,1.0,16000,0.069282,0.261414,D:\STUPEN\Heartz\data-science\dataset\clean\Pu\Pu_0350.wav
Pu_0351.wav,Pu,1.0,16000,0.064498,0.243561,D:\STUPEN\Heartz\data-science\dataset\clean\Pu\Pu_0351.wav
Pu_0352.wav,Pu,1.0,16000,0.066933,0.273651,D:\STUPEN\Heartz\data-science\dataset\clean\Pu\Pu_0352.wav
Pu_0353.wav,Pu,1.0,16000,0.064498,0.290009,D:\STUPEN\Heartz\data-science\dataset\clean\Pu\Pu_0353.wav
Pu_0354.wav,Pu,1.0,16000,0.066933,0.312225,D:\STUPEN\Heartz\data-science\dataset\clean\Pu\Pu_0354.wav
Pu_0355.wav,Pu,1.0,16000,0.069282,0.27594,D:\STUPEN\Heartz\data-science\dataset\clean\Pu\Pu_0355.wav
Pu_0356.wav,Pu,1.0,16000,0.066933,0.265106,D:\STUPEN\Heartz\data-science\dataset\clean\Pu\Pu_0356.wav
Pu_0357.wav,Pu,1.0,16000,0.069282,0.236908,D:\STUPEN\Heartz\data-science\dataset\clean\Pu\Pu_0357.wav
Pu_0358.wav,Pu,1.0,16000,0.069282,0.26001,D:\STUPEN\Heartz\data-science\dataset\clean\Pu\Pu_0358.wav
Pu_0359.wav,Pu,1.0,16000,0.069282,0.23941,D:\STUPEN\Heartz\data-science\dataset\clean\Pu\Pu_0359.wav
Pu_0360.wav,Pu,1.0,16000,0.069282,0.273529,D:\STUPEN\Heartz\data-science\dataset\clean\Pu\Pu_0360.wav
Pu_0361.wav,Pu,1.0,16000,0.066933,0.263947,D:\STUPEN\Heartz\data-science\dataset\clean\Pu\Pu_0361.wav
Pu_0362.wav,Pu,1.0,16000,0.069282,0.287964,D:\STUPEN\Heartz\data-science\dataset\clean\Pu\Pu_0362.wav
Pu_0363.wav,Pu,1.0,16000,0.071554,0.279358,D:\STUPEN\Heartz\data-science\dataset\clean\Pu\Pu_0363.wav
Pu_0364.wav,Pu,1.0,16000,0.071554,0.293884,D:\STUPEN\Heartz\data-science\dataset\clean\Pu\Pu_0364.wav
Pu_0365.wav,Pu,1.0,16000,0.069282,0.263824,D:\STUPEN\Heartz\data-science\dataset\clean\Pu\Pu_0365.wav
Pu_0366.wav,Pu,1.0,16000,0.071554,0.247131,D:\STUPEN\Heartz\data-science\dataset\clean\Pu\Pu_0366.wav
Pu_0367.wav,Pu,1.0,16000,0.071554,0.258789,D:\STUPEN\Heartz\data-science\dataset\clean\Pu\Pu_0367.wav
Pu_0368.wav,Pu,1.0,16000,0.073757,0.252197,D:\STUPEN\Heartz\data-science\dataset\clean\Pu\Pu_0368.wav
Pu_0369.wav,Pu,1.0,16000,0.110545,0.246277,D:\STUPEN\Heartz\data-science\dataset\clean\Pu\Pu_0369.wav
Pu_0370.wav,Pu,1.0,16000,0.069282,0.295074,D:\STUPEN\Heartz\data-science\dataset\clean\Pu\Pu_0370.wav
Pu_0371.wav,Pu,1.0,16000,0.066933,0.347717,D:\STUPEN\Heartz\data-science\dataset\clean\Pu\Pu_0371.wav
Pu_0372.wav,Pu,1.0,16000,0.066933,0.342285,D:\STUPEN\Heartz\data-science\dataset\clean\Pu\Pu_0372.wav
Pu_0373.wav,Pu,1.0,16000,0.064498,0.301208,D:\STUPEN\Heartz\data-science\dataset\clean\Pu\Pu_0373.wav
Pu_0374.wav,Pu,1.0,16000,0.064498,0.267395,D:\STUPEN\Heartz\data-science\dataset\clean\Pu\Pu_0374.wav
Pu_0375.wav,Pu,1.0,16000,0.066933,0.362701,D:\STUPEN\Heartz\data-science\dataset\clean\Pu\Pu_0375.wav
Pu_0376.wav,Pu,1.0,16000,0.064498,0.285553,D:\STUPEN\Heartz\data-science\dataset\clean\Pu\Pu_0376.wav
Pu_0377.wav,Pu,1.0,16000,0.064498,0.339417,D:\STUPEN\Heartz\data-science\dataset\clean\Pu\Pu_0377.wav
Pu_0378.wav,Pu,1.0,16000,0.066933,0.309509,D:\STUPEN\Heartz\data-science\dataset\clean\Pu\Pu_0378.wav
Pu_0379.wav,Pu,1.0,16000,0.061968,0.330505,D:\STUPEN\Heartz\data-science\dataset\clean\Pu\Pu_0379.wav
Pu_0380.wav,Pu,1.0,16000,0.064498,0.350494,D:\STUPEN\Heartz\data-science\dataset\clean\Pu\Pu_0380.wav
Pu_0381.wav,Pu,1.0,16000,0.064498,0.359253,D:\STUPEN\Heartz\data-science\dataset\clean\Pu\Pu_0381.wav
Pu_0382.wav,Pu,1.0,16000,0.066933,0.295288,D:\STUPEN\Heartz\data-science\dataset\clean\Pu\Pu_0382.wav
Pu_0383.wav,Pu,1.0,16000,0.064498,0.363251,D:\STUPEN\Heartz\data-science\dataset\clean\Pu\Pu_0383.wav
Pu_0384.wav,Pu,1.0,16000,0.066933,0.367126,D:\STUPEN\Heartz\data-science\dataset\clean\Pu\Pu_0384.wav
Pu_0385.wav,Pu,1.0,16000,0.066933,0.302185,D:\STUPEN\Heartz\data-science\dataset\clean\Pu\Pu_0385.wav
Pu_0386.wav,Pu,1.0,16000,0.064498,0.308289,D:\STUPEN\Heartz\data-science\dataset\clean\Pu\Pu_0386.wav
Pu_0387.wav,Pu,1.0,16000,0.066933,0.326355,D:\STUPEN\Heartz\data-science\dataset\clean\Pu\Pu_0387.wav
Pu_0388.wav,Pu,1.0,16000,0.066933,0.33551,D:\STUPEN\Heartz\data-science\dataset\clean\Pu\Pu_0388.wav
Pu_0389.wav,Pu,1.0,16000,0.061968,0.348358,D:\STUPEN\Heartz\data-science\dataset\clean\Pu\Pu_0389.wav
Pu_0390.wav,Pu,1.0,16000,0.066933,0.334625,D:\STUPEN\Heartz\data-science\dataset\clean\Pu\Pu_0390.wav
Pu_0391.wav,Pu,1.0,16000,0.061968,0.309723,D:\STUPEN\Heartz\data-science\dataset\clean\Pu\Pu_0391.wav
Pu_0392.wav,Pu,1.0,16000,0.064498,0.302856,D:\STUPEN\Heartz\data-science\dataset\clean\Pu\Pu_0392.wav
Pu_0393.wav,Pu,1.0,16000,0.064498,0.312317,D:\STUPEN\Heartz\data-science\dataset\clean\Pu\Pu_0393.wav
Pu_0394.wav,Pu,1.0,16000,0.066933,0.318024,D:\STUPEN\Heartz\data-science\dataset\clean\Pu\Pu_0394.wav
Pu_0395.wav,Pu,1.0,16000,0.064498,0.369293,D:\STUPEN\Heartz\data-science\dataset\clean\Pu\Pu_0395.wav
Pu_0396.wav,Pu,1.0,16000,0.066933,0.297974,D:\STUPEN\Heartz\data-science\dataset\clean\Pu\Pu_0396.wav
Pu_0397.wav,Pu,1.0,16000,0.066933,0.344055,D:\STUPEN\Heartz\data-science\dataset\clean\Pu\Pu_0397.wav
Pu_0398.wav,Pu,1.0,16000,0.069282,0.280212,D:\STUPEN\Heartz\data-science\dataset\clean\Pu\Pu_0398.wav
Pu_0399.wav,Pu,1.0,16000,0.073756,0.371063,D:\STUPEN\Heartz\data-science\dataset\clean\Pu\Pu_0399.wav
Pu_0400.wav,Pu,1.0,16000,0.073756,0.368896,D:\STUPEN\Heartz\data-science\dataset\clean\Pu\Pu_0400.wav
Pu_0401.wav,Pu,1.0,16000,0.071554,0.271393,D:\STUPEN\Heartz\data-science\dataset\clean\Pu\Pu_0401.wav
Pu_0402.wav,Pu,1.0,16000,0.071554,0.248016,D:\STUPEN\Heartz\data-science\dataset\clean\Pu\Pu_0402.wav
Pu_0403.wav,Pu,1.0,16000,0.073756,0.273407,D:\STUPEN\Heartz\data-science\dataset\clean\Pu\Pu_0403.wav
Pu_0404.wav,Pu,1.0,16000,0.073756,0.263916,D:\STUPEN\Heartz\data-science\dataset\clean\Pu\Pu_0404.wav
Pu_0405.wav,Pu,1.0,16000,0.073756,0.269043,D:\STUPEN\Heartz\data-science\dataset\clean\Pu\Pu_0405.wav
Pu_0406.wav,Pu,1.0,16000,0.071554,0.258392,D:\STUPEN\Heartz\data-science\dataset\clean\Pu\Pu_0406.wav
Pu_0407.wav,Pu,1.0,16000,0.077974,0.296265,D:\STUPEN\Heartz\data-science\dataset\clean\Pu\Pu_0407.wav
Pu_0408.wav,Pu,1.0,16000,0.075895,0.272491,D:\STUPEN\Heartz\data-science\dataset\clean\Pu\Pu_0408.wav
Pu_0409.wav,Pu,1.0,16000,0.066933,0.281525,D:\STUPEN\Heartz\data-science\dataset\clean\Pu\Pu_0409.wav
Pu_0410.wav,Pu,1.0,16000,0.069282,0.26767,D:\STUPEN\Heartz\data-science\dataset\clean\Pu\Pu_0410.wav
Pu_0411.wav,Pu,1.0,16000,0.069282,0.279053,D:\STUPEN\Heartz\data-science\dataset\clean\Pu\Pu_0411.wav
Pu_0412.wav,Pu,1.0,16000,0.069282,0.279053,D:\STUPEN\Heartz\data-science\dataset\clean\Pu\Pu_0412.wav
Pu_0413.wav,Pu,1.0,16000,0.071554,0.251953,D:\STUPEN\Heartz\data-science\dataset\clean\Pu\Pu_0413.wav
Pu_0414.wav,Pu,1.0,16000,0.071554,0.261414,D:\STUPEN\Heartz\data-science\dataset\clean\Pu\Pu_0414.wav
Pu_0415.wav,Pu,1.0,16000,0.069282,0.242706,D:\STUPEN\Heartz\data-science\dataset\clean\Pu\Pu_0415.wav
Pu_0416.wav,Pu,1.0,16000,0.071554,0.253754,D:\STUPEN\Heartz\data-science\dataset\clean\Pu\Pu_0416.wav
Pu_0417.wav,Pu,1.0,16000,0.066933,0.280853,D:\STUPEN\Heartz\data-science\dataset\clean\Pu\Pu_0417.wav
Pu_0418.wav,Pu,1.0,16000,0.066933,0.264679,D:\STUPEN\Heartz\data-science\dataset\clean\Pu\Pu_0418.wav
Pu_0419.wav,Pu,1.0,16000,0.069282,0.290894,D:\STUPEN\Heartz\data-science\dataset\clean\Pu\Pu_0419.wav
Pu_0420.wav,Pu,1.0,16000,0.073756,0.258362,D:\STUPEN\Heartz\data-science\dataset\clean\Pu\Pu_0420.wav
Pu_0421.wav,Pu,1.0,16000,0.071554,0.319153,D:\STUPEN\Heartz\data-science\dataset\clean\Pu\Pu_0421.wav
Pu_0422.wav,Pu,1.0,16000,0.073756,0.264923,D:\STUPEN\Heartz\data-science\dataset\clean\Pu\Pu_0422.wav
Pu_0423.wav,Pu,1.0,16000,0.08,0.299103,D:\STUPEN\Heartz\data-science\dataset\clean\Pu\Pu_0423.wav
Pu_0424.wav,Pu,1.0,16000,0.073756,0.269135,D:\STUPEN\Heartz\data-science\dataset\clean\Pu\Pu_0424.wav
Pu_0425.wav,Pu,1.0,16000,0.066933,0.37619,D:\STUPEN\Heartz\data-science\dataset\clean\Pu\Pu_0425.wav
Pu_0426.wav,Pu,1.0,16000,0.071554,0.295471,D:\STUPEN\Heartz\data-science\dataset\clean\Pu\Pu_0426.wav
Pu_0427.wav,Pu,1.0,16000,0.066933,0.2883,D:\STUPEN\Heartz\data-science\dataset\clean\Pu\Pu_0427.wav
Pu_0428.wav,Pu,1.0,16000,0.069282,0.273499,D:\STUPEN\Heartz\data-science\dataset\clean\Pu\Pu_0428.wav
Pu_0429.wav,Pu,1.0,16000,0.066933,0.256714,D:\STUPEN\Heartz\data-science\dataset\clean\Pu\Pu_0429.wav
Pu_0430.wav,Pu,1.0,16000,0.066933,0.316803,D:\STUPEN\Heartz\data-science\dataset\clean\Pu\Pu_0430.wav
Pu_0431.wav,Pu,1.0,16000,0.066933,0.285706,D:\STUPEN\Heartz\data-science\dataset\clean\Pu\Pu_0431.wav
Pu_0432.wav,Pu,1.0,16000,0.071554,0.321899,D:\STUPEN\Heartz\data-science\dataset\clean\Pu\Pu_0432.wav
Pu_0433.wav,Pu,1.0,16000,0.064498,0.271454,D:\STUPEN\Heartz\data-science\dataset\clean\Pu\Pu_0433.wav
Pu_0434.wav,Pu,1.0,16000,0.066933,0.268677,D:\STUPEN\Heartz\data-science\dataset\clean\Pu\Pu_0434.wav
Pu_0435.wav,Pu,1.0,16000,0.064498,0.28241,D:\STUPEN\Heartz\data-science\dataset\clean\Pu\Pu_0435.wav
Pu_0436.wav,Pu,1.0,16000,0.061968,0.258789,D:\STUPEN\Heartz\data-science\dataset\clean\Pu\Pu_0436.wav
Pu_0437.wav,Pu,1.0,16000,0.069282,0.271545,D:\STUPEN\Heartz\data-science\dataset\clean\Pu\Pu_0437.wav
Pu_0438.wav,Pu,1.0,16000,0.069282,0.256439,D:\STUPEN\Heartz\data-science\dataset\clean\Pu\Pu_0438.wav
Pu_0439.wav,Pu,1.0,16000,0.066933,0.291992,D:\STUPEN\Heartz\data-science\dataset\clean\Pu\Pu_0439.wav
Pu_0440.wav,Pu,1.0,16000,0.066933,0.278931,D:\STUPEN\Heartz\data-science\dataset\clean\Pu\Pu_0440.wav
Pu_0441.wav,Pu,1.0,16000,0.066933,0.269196,D:\STUPEN\Heartz\data-science\dataset\clean\Pu\Pu_0441.wav
Pu_0442.wav,Pu,1.0,16000,0.069282,0.278656,D:\STUPEN\Heartz\data-science\dataset\clean\Pu\Pu_0442.wav
Pu_0443.wav,Pu,1.0,16000,0.069282,0.255157,D:\STUPEN\Heartz\data-science\dataset\clean\Pu\Pu_0443.wav
Pu_0444.wav,Pu,1.0,16000,0.066933,0.249268,D:\STUPEN\Heartz\data-science\dataset\clean\Pu\Pu_0444.wav
Pu_0445.wav,Pu,1.0,16000,0.066933,0.261841,D:\STUPEN\Heartz\data-science\dataset\clean\Pu\Pu_0445.wav
Pu_0446.wav,Pu,1.0,16000,0.069282,0.279785,D:\STUPEN\Heartz\data-science\dataset\clean\Pu\Pu_0446.wav
Pu_0447.wav,Pu,1.0,16000,0.066933,0.264587,D:\STUPEN\Heartz\data-science\dataset\clean\Pu\Pu_0447.wav
Pu_0448.wav,Pu,1.0,16000,0.066933,0.240509,D:\STUPEN\Heartz\data-science\dataset\clean\Pu\Pu_0448.wav
Pu_0449.wav,Pu,1.0,16000,0.066933,0.249603,D:\STUPEN\Heartz\data-science\dataset\clean\Pu\Pu_0449.wav
Pu_0450.wav,Pu,1.0,16000,0.066933,0.267365,D:\STUPEN\Heartz\data-science\dataset\clean\Pu\Pu_0450.wav
Pu_0451.wav,Pu,1.0,16000,0.066933,0.257294,D:\STUPEN\Heartz\data-science\dataset\clean\Pu\Pu_0451.wav
Pu_0452.wav,Pu,1.0,16000,0.066933,0.275513,D:\STUPEN\Heartz\data-science\dataset\clean\Pu\Pu_0452.wav
Pu_0453.wav,Pu,1.0,16000,0.069282,0.276642,D:\STUPEN\Heartz\data-science\dataset\clean\Pu\Pu_0453.wav
Pu_0454.wav,Pu,1.0,16000,0.071554,0.271576,D:\STUPEN\Heartz\data-science\dataset\clean\Pu\Pu_0454.wav
Pu_0455.wav,Pu,1.0,16000,0.069282,0.286011,D:\STUPEN\Heartz\data-science\dataset\clean\Pu\Pu_0455.wav
Pu_0456.wav,Pu,1.0,16000,0.069282,0.272705,D:\STUPEN\Heartz\data-science\dataset\clean\Pu\Pu_0456.wav
Pu_0457.wav,Pu,1.0,16000,0.069282,0.270782,D:\STUPEN\Heartz\data-science\dataset\clean\Pu\Pu_0457.wav
Pu_0458.wav,Pu,1.0,16000,0.071554,0.254944,D:\STUPEN\Heartz\data-science\dataset\clean\Pu\Pu_0458.wav
Pu_0459.wav,Pu,1.0,16000,0.069282,0.261505,D:\STUPEN\Heartz\data-science\dataset\clean\Pu\Pu_0459.wav
Pu_0460.wav,Pu,1.0,16000,0.066933,0.269531,D:\STUPEN\Heartz\data-science\dataset\clean\Pu\Pu_0460.wav
Pu_0461.wav,Pu,1.0,16000,0.069282,0.241302,D:\STUPEN\Heartz\data-science\dataset\clean\Pu\Pu_0461.wav
Pu_0462.wav,Pu,1.0,16000,0.071554,0.254761,D:\STUPEN\Heartz\data-science\dataset\clean\Pu\Pu_0462.wav
Pu_0463.wav,Pu,1.0,16000,0.069282,0.236053,D:\STUPEN\Heartz\data-science\dataset\clean\Pu\Pu_0463.wav
Pu_0464.wav,Pu,1.0,16000,0.069282,0.239624,D:\STUPEN\Heartz\data-science\dataset\clean\Pu\Pu_0464.wav
Pu_0465.wav,Pu,1.0,16000,0.071554,0.279633,D:\STUPEN\Heartz\data-science\dataset\clean\Pu\Pu_0465.wav
Pu_0466.wav,Pu,1.0,16000,0.071554,0.24585,D:\STUPEN\Heartz\data-science\dataset\clean\Pu\Pu_0466.wav
Pu_0467.wav,Pu,1.0,16000,0.069282,0.240936,D:\STUPEN\Heartz\data-science\dataset\clean\Pu\Pu_0467.wav
Pu_0468.wav,Pu,1.0,16000,0.069282,0.234009,D:\STUPEN\Heartz\data-science\dataset\clean\Pu\Pu_0468.wav
Pu_0469.wav,Pu,1.0,16000,0.069282,0.221191,D:\STUPEN\Heartz\data-science\dataset\clean\Pu\Pu_0469.wav
Pu_0470.wav,Pu,1.0,16000,0.069282,0.243256,D:\STUPEN\Heartz\data-science\dataset\clean\Pu\Pu_0470.wav
Pu_0471.wav,Pu,1.0,16000,0.066933,0.237183,D:\STUPEN\Heartz\data-science\dataset\clean\Pu\Pu_0471.wav
Pu_0472.wav,Pu,1.0,16000,0.066933,0.227142,D:\STUPEN\Heartz\data-science\dataset\clean\Pu\Pu_0472.wav
Pu_0473.wav,Pu,1.0,16000,0.069282,0.261414,D:\STUPEN\Heartz\data-science\dataset\clean\Pu\Pu_0473.wav
Pu_0474.wav,Pu,1.0,16000,0.064498,0.243561,D:\STUPEN\Heartz\data-science\dataset\clean\Pu\Pu_0474.wav
Pu_0475.wav,Pu,1.0,16000,0.066933,0.273651,D:\STUPEN\Heartz\data-science\dataset\clean\Pu\Pu_0475.wav
Pu_0476.wav,Pu,1.0,16000,0.064498,0.290009,D:\STUPEN\Heartz\data-science\dataset\clean\Pu\Pu_0476.wav
Pu_0477.wav,Pu,1.0,16000,0.066933,0.312225,D:\STUPEN\Heartz\data-science\dataset\clean\Pu\Pu_0477.wav
Pu_0478.wav,Pu,1.0,16000,0.069282,0.27594,D:\STUPEN\Heartz\data-science\dataset\clean\Pu\Pu_0478.wav
Pu_0479.wav,Pu,1.0,16000,0.066933,0.265106,D:\STUPEN\Heartz\data-science\dataset\clean\Pu\Pu_0479.wav
Pu_0480.wav,Pu,1.0,16000,0.069282,0.236908,D:\STUPEN\Heartz\data-science\dataset\clean\Pu\Pu_0480.wav
Pu_0481.wav,Pu,1.0,16000,0.069282,0.26001,D:\STUPEN\Heartz\data-science\dataset\clean\Pu\Pu_0481.wav
Pu_0482.wav,Pu,1.0,16000,0.069282,0.23941,D:\STUPEN\Heartz\data-science\dataset\clean\Pu\Pu_0482.wav
Pu_0483.wav,Pu,1.0,16000,0.069282,0.273529,D:\STUPEN\Heartz\data-science\dataset\clean\Pu\Pu_0483.wav
Pu_0484.wav,Pu,1.0,16000,0.066933,0.263947,D:\STUPEN\Heartz\data-science\dataset\clean\Pu\Pu_0484.wav
Pu_0485.wav,Pu,1.0,16000,0.069282,0.287964,D:\STUPEN\Heartz\data-science\dataset\clean\Pu\Pu_0485.wav
Pu_0486.wav,Pu,1.0,16000,0.071554,0.279358,D:\STUPEN\Heartz\data-science\dataset\clean\Pu\Pu_0486.wav
Pu_0487.wav,Pu,1.0,16000,0.071554,0.293884,D:\STUPEN\Heartz\data-science\dataset\clean\Pu\Pu_0487.wav
Pu_0488.wav,Pu,1.0,16000,0.069282,0.263824,D:\STUPEN\Heartz\data-science\dataset\clean\Pu\Pu_0488.wav
Pu_0489.wav,Pu,1.0,16000,0.071554,0.247131,D:\STUPEN\Heartz\data-science\dataset\clean\Pu\Pu_0489.wav
Pu_0490.wav,Pu,1.0,16000,0.071554,0.258789,D:\STUPEN\Heartz\data-science\dataset\clean\Pu\Pu_0490.wav
Pu_0491.wav,Pu,1.0,16000,0.073757,0.252197,D:\STUPEN\Heartz\data-science\dataset\clean\Pu\Pu_0491.wav
Pu_0492.wav,Pu,1.0,16000,0.110545,0.246277,D:\STUPEN\Heartz\data-science\dataset\clean\Pu\Pu_0492.wav
U_0001.wav,U,1.0,16000,0.069282,0.375275,D:\STUPEN\Heartz\data-science\dataset\clean\U\U_0001.wav
U_0002.wav,U,1.0,16000,0.073756,0.400269,D:\STUPEN\Heartz\data-science\dataset\clean\U\U_0002.wav
U_0003.wav,U,1.0,16000,0.066933,0.354279,D:\STUPEN\Heartz\data-science\dataset\clean\U\U_0003.wav
U_0004.wav,U,1.0,16000,0.075895,0.353607,D:\STUPEN\Heartz\data-science\dataset\clean\U\U_0004.wav
U_0005.wav,U,1.0,16000,0.069282,0.364227,D:\STUPEN\Heartz\data-science\dataset\clean\U\U_0005.wav
U_0006.wav,U,1.0,16000,0.077974,0.722046,D:\STUPEN\Heartz\data-science\dataset\clean\U\U_0006.wav
U_0007.wav,U,1.0,16000,0.064498,0.351837,D:\STUPEN\Heartz\data-science\dataset\clean\U\U_0007.wav
U_0008.wav,U,1.0,16000,0.061968,0.363525,D:\STUPEN\Heartz\data-science\dataset\clean\U\U_0008.wav
U_0009.wav,U,1.0,16000,0.066933,0.295807,D:\STUPEN\Heartz\data-science\dataset\clean\U\U_0009.wav
U_0010.wav,U,1.0,16000,0.069282,0.298035,D:\STUPEN\Heartz\data-science\dataset\clean\U\U_0010.wav
U_0011.wav,U,1.0,16000,0.069282,0.30545,D:\STUPEN\Heartz\data-science\dataset\clean\U\U_0011.wav
U_0012.wav,U,1.0,16000,0.071554,0.341187,D:\STUPEN\Heartz\data-science\dataset\clean\U\U_0012.wav
U_0013.wav,U,1.0,16000,0.071554,0.344788,D:\STUPEN\Heartz\data-science\dataset\clean\U\U_0013.wav
U_0014.wav,U,1.0,16000,0.069282,0.33429,D:\STUPEN\Heartz\data-science\dataset\clean\U\U_0014.wav
U_0015.wav,U,1.0,16000,0.064498,0.375092,D:\STUPEN\Heartz\data-science\dataset\clean\U\U_0015.wav
U_0016.wav,U,1.0,16000,0.066933,0.368317,D:\STUPEN\Heartz\data-science\dataset\clean\U\U_0016.wav
U_0017.wav,U,1.0,16000,0.064498,0.323181,D:\STUPEN\Heartz\data-science\dataset\clean\U\U_0017.wav
U_0018.wav,U,1.0,16000,0.066933,0.295258,D:\STUPEN\Heartz\data-science\dataset\clean\U\U_0018.wav
U_0019.wav,U,1.0,16000,0.064498,0.312439,D:\STUPEN\Heartz\data-science\dataset\clean\U\U_0019.wav
U_0020.wav,U,1.0,16000,0.061968,0.33783,D:\STUPEN\Heartz\data-science\dataset\clean\U\U_0020.wav
U_0021.wav,U,1.0,16000,0.061968,0.335266,D:\STUPEN\Heartz\data-science\dataset\clean\U\U_0021.wav
U_0022.wav,U,1.0,16000,0.066933,0.312836,D:\STUPEN\Heartz\data-science\dataset\clean\U\U_0022.wav
U_0023.wav,U,1.0,16000,0.066933,0.337708,D:\STUPEN\Heartz\data-science\dataset\clean\U\U_0023.wav
U_0024.wav,U,1.0,16000,0.066933,0.308167,D:\STUPEN\Heartz\data-science\dataset\clean\U\U_0024.wav
U_0025.wav,U,1.0,16000,0.069282,0.315338,D:\STUPEN\Heartz\data-science\dataset\clean\U\U_0025.wav
U_0026.wav,U,1.0,16000,0.069282,0.284668,D:\STUPEN\Heartz\data-science\dataset\clean\U\U_0026.wav
U_0027.wav,U,1.0,16000,0.069282,0.315704,D:\STUPEN\Heartz\data-science\dataset\clean\U\U_0027.wav
U_0028.wav,U,1.0,16000,0.066933,0.308594,D:\STUPEN\Heartz\data-science\dataset\clean\U\U_0028.wav
U_0029.wav,U,1.0,16000,0.071554,0.301636,D:\STUPEN\Heartz\data-science\dataset\clean\U\U_0029.wav
U_0030.wav,U,1.0,16000,0.064498,0.332275,D:\STUPEN\Heartz\data-science\dataset\clean\U\U_0030.wav
U_0031.wav,U,1.0,16000,0.064498,0.284393,D:\STUPEN\Heartz\data-science\dataset\clean\U\U_0031.wav
U_0032.wav,U,1.0,16000,0.064498,0.282959,D:\STUPEN\Heartz\data-science\dataset\clean\U\U_0032.wav
U_0033.wav,U,1.0,16000,0.066933,0.334869,D:\STUPEN\Heartz\data-science\dataset\clean\U\U_0033.wav
U_0034.wav,U,1.0,16000,0.064498,0.33432,D:\STUPEN\Heartz\data-science\dataset\clean\U\U_0034.wav
U_0035.wav,U,1.0,16000,0.064498,0.295685,D:\STUPEN\Heartz\data-science\dataset\clean\U\U_0035.wav
U_0036.wav,U,1.0,16000,0.061968,0.293823,D:\STUPEN\Heartz\data-science\dataset\clean\U\U_0036.wav
U_0037.wav,U,1.0,16000,0.061968,0.307831,D:\STUPEN\Heartz\data-science\dataset\clean\U\U_0037.wav
U_0038.wav,U,1.0,16000,0.061968,0.305542,D:\STUPEN\Heartz\data-science\dataset\clean\U\U_0038.wav
U_0039.wav,U,1.0,16000,0.061968,0.311981,D:\STUPEN\Heartz\data-science\dataset\clean\U\U_0039.wav
U_0040.wav,U,1.0,16000,0.064498,0.283813,D:\STUPEN\Heartz\data-science\dataset\clean\U\U_0040.wav
U_0041.wav,U,1.0,16000,0.066933,0.306976,D:\STUPEN\Heartz\data-science\dataset\clean\U\U_0041.wav
U_0042.wav,U,1.0,16000,0.064498,0.324463,D:\STUPEN\Heartz\data-science\dataset\clean\U\U_0042.wav
U_0043.wav,U,1.0,16000,0.066933,0.333374,D:\STUPEN\Heartz\data-science\dataset\clean\U\U_0043.wav
U_0044.wav,U,1.0,16000,0.066933,0.327454,D:\STUPEN\Heartz\data-science\dataset\clean\U\U_0044.wav
U_0045.wav,U,1.0,16000,0.066933,0.279144,D:\STUPEN\Heartz\data-science\dataset\clean\U\U_0045.wav
U_0046.wav,U,1.0,16000,0.066933,0.310242,D:\STUPEN\Heartz\data-science\dataset\clean\U\U_0046.wav
U_0047.wav,U,1.0,16000,0.069282,0.308167,D:\STUPEN\Heartz\data-science\dataset\clean\U\U_0047.wav
U_0048.wav,U,1.0,16000,0.066933,0.296631,D:\STUPEN\Heartz\data-science\dataset\clean\U\U_0048.wav
U_0049.wav,U,1.0,16000,0.066933,0.333984,D:\STUPEN\Heartz\data-science\dataset\clean\U\U_0049.wav
U_0050.wav,U,1.0,16000,0.066933,0.314911,D:\STUPEN\Heartz\data-science\dataset\clean\U\U_0050.wav
U_0051.wav,U,1.0,16000,0.066933,0.301392,D:\STUPEN\Heartz\data-science\dataset\clean\U\U_0051.wav
U_0052.wav,U,1.0,16000,0.066933,0.282013,D:\STUPEN\Heartz\data-science\dataset\clean\U\U_0052.wav
U_0053.wav,U,1.0,16000,0.064498,0.280273,D:\STUPEN\Heartz\data-science\dataset\clean\U\U_0053.wav
U_0054.wav,U,1.0,16000,0.066933,0.39328,D:\STUPEN\Heartz\data-science\dataset\clean\U\U_0054.wav
U_0055.wav,U,1.0,16000,0.064498,0.400116,D:\STUPEN\Heartz\data-science\dataset\clean\U\U_0055.wav
U_0056.wav,U,1.0,16000,0.069282,0.356842,D:\STUPEN\Heartz\data-science\dataset\clean\U\U_0056.wav
U_0057.wav,U,1.0,16000,0.066933,0.296387,D:\STUPEN\Heartz\data-science\dataset\clean\U\U_0057.wav
U_0058.wav,U,1.0,16000,0.071554,0.274719,D:\STUPEN\Heartz\data-science\dataset\clean\U\U_0058.wav
U_0059.wav,U,1.0,16000,0.071554,0.291473,D:\STUPEN\Heartz\data-science\dataset\clean\U\U_0059.wav
U_0060.wav,U,1.0,16000,0.066933,0.300171,D:\STUPEN\Heartz\data-science\dataset\clean\U\U_0060.wav
U_0061.wav,U,1.0,16000,0.066933,0.286743,D:\STUPEN\Heartz\data-science\dataset\clean\U\U_0061.wav
U_0062.wav,U,1.0,16000,0.066933,0.283722,D:\STUPEN\Heartz\data-science\dataset\clean\U\U_0062.wav
U_0063.wav,U,1.0,16000,0.066933,0.286499,D:\STUPEN\Heartz\data-science\dataset\clean\U\U_0063.wav
U_0064.wav,U,1.0,16000,0.066933,0.285095,D:\STUPEN\Heartz\data-science\dataset\clean\U\U_0064.wav
U_0065.wav,U,1.0,16000,0.066933,0.268829,D:\STUPEN\Heartz\data-science\dataset\clean\U\U_0065.wav
U_0066.wav,U,1.0,16000,0.069282,0.321869,D:\STUPEN\Heartz\data-science\dataset\clean\U\U_0066.wav
U_0067.wav,U,1.0,16000,0.066933,0.304535,D:\STUPEN\Heartz\data-science\dataset\clean\U\U_0067.wav
U_0068.wav,U,1.0,16000,0.071554,0.370392,D:\STUPEN\Heartz\data-science\dataset\clean\U\U_0068.wav
U_0069.wav,U,1.0,16000,0.066933,0.349701,D:\STUPEN\Heartz\data-science\dataset\clean\U\U_0069.wav
U_0070.wav,U,1.0,16000,0.064498,0.364685,D:\STUPEN\Heartz\data-science\dataset\clean\U\U_0070.wav
U_0071.wav,U,1.0,16000,0.064498,0.311462,D:\STUPEN\Heartz\data-science\dataset\clean\U\U_0071.wav
U_0072.wav,U,1.0,16000,0.064498,0.29892,D:\STUPEN\Heartz\data-science\dataset\clean\U\U_0072.wav
U_0073.wav,U,1.0,16000,0.066933,0.329773,D:\STUPEN\Heartz\data-science\dataset\clean\U\U_0073.wav
U_0074.wav,U,1.0,16000,0.061968,0.348938,D:\STUPEN\Heartz\data-science\dataset\clean\U\U_0074.wav
U_0075.wav,U,1.0,16000,0.064498,0.332977,D:\STUPEN\Heartz\data-science\dataset\clean\U\U_0075.wav
U_0076.wav,U,1.0,16000,0.064498,0.293732,D:\STUPEN\Heartz\data-science\dataset\clean\U\U_0076.wav
U_0077.wav,U,1.0,16000,0.064498,0.350891,D:\STUPEN\Heartz\data-science\dataset\clean\U\U_0077.wav
U_0078.wav,U,1.0,16000,0.064498,0.318604,D:\STUPEN\Heartz\data-science\dataset\clean\U\U_0078.wav
U_0079.wav,U,1.0,16000,0.064498,0.325317,D:\STUPEN\Heartz\data-science\dataset\clean\U\U_0079.wav
U_0080.wav,U,1.0,16000,0.066933,0.325592,D:\STUPEN\Heartz\data-science\dataset\clean\U\U_0080.wav
U_0081.wav,U,1.0,16000,0.069282,0.308624,D:\STUPEN\Heartz\data-science\dataset\clean\U\U_0081.wav
U_0082.wav,U,1.0,16000,0.069282,0.304443,D:\STUPEN\Heartz\data-science\dataset\clean\U\U_0082.wav
U_0083.wav,U,1.0,16000,0.069282,0.349945,D:\STUPEN\Heartz\data-science\dataset\clean\U\U_0083.wav
U_0084.wav,U,1.0,16000,0.064498,0.362213,D:\STUPEN\Heartz\data-science\dataset\clean\U\U_0084.wav
U_0085.wav,U,1.0,16000,0.064498,0.354492,D:\STUPEN\Heartz\data-science\dataset\clean\U\U_0085.wav
U_0086.wav,U,1.0,16000,0.061968,0.334656,D:\STUPEN\Heartz\data-science\dataset\clean\U\U_0086.wav
U_0087.wav,U,1.0,16000,0.064498,0.338806,D:\STUPEN\Heartz\data-science\dataset\clean\U\U_0087.wav
U_0088.wav,U,1.0,16000,0.061968,0.391907,D:\STUPEN\Heartz\data-science\dataset\clean\U\U_0088.wav
U_0089.wav,U,1.0,16000,0.064498,0.367676,D:\STUPEN\Heartz\data-science\dataset\clean\U\U_0089.wav
U_0090.wav,U,1.0,16000,0.064498,0.379242,D:\STUPEN\Heartz\data-science\dataset\clean\U\U_0090.wav
U_0091.wav,U,1.0,16000,0.064498,0.311829,D:\STUPEN\Heartz\data-science\dataset\clean\U\U_0091.wav
U_0092.wav,U,1.0,16000,0.066933,0.348114,D:\STUPEN\Heartz\data-science\dataset\clean\U\U_0092.wav
U_0093.wav,U,1.0,16000,0.064498,0.346436,D:\STUPEN\Heartz\data-science\dataset\clean\U\U_0093.wav
U_0094.wav,U,1.0,16000,0.066933,0.342712,D:\STUPEN\Heartz\data-science\dataset\clean\U\U_0094.wav
U_0095.wav,U,1.0,16000,0.061968,0.354248,D:\STUPEN\Heartz\data-science\dataset\clean\U\U_0095.wav
U_0096.wav,U,1.0,16000,0.061968,0.34079,D:\STUPEN\Heartz\data-science\dataset\clean\U\U_0096.wav
U_0097.wav,U,1.0,16000,0.064498,0.361298,D:\STUPEN\Heartz\data-science\dataset\clean\U\U_0097.wav
U_0098.wav,U,1.0,16000,0.066933,0.328949,D:\STUPEN\Heartz\data-science\dataset\clean\U\U_0098.wav
U_0099.wav,U,1.0,16000,0.064498,0.338593,D:\STUPEN\Heartz\data-science\dataset\clean\U\U_0099.wav
U_0100.wav,U,1.0,16000,0.061968,0.291473,D:\STUPEN\Heartz\data-science\dataset\clean\U\U_0100.wav
U_0101.wav,U,1.0,16000,0.064498,0.307007,D:\STUPEN\Heartz\data-science\dataset\clean\U\U_0101.wav
U_0102.wav,U,1.0,16000,0.066933,0.315643,D:\STUPEN\Heartz\data-science\dataset\clean\U\U_0102.wav
U_0103.wav,U,1.0,16000,0.064498,0.307495,D:\STUPEN\Heartz\data-science\dataset\clean\U\U_0103.wav
U_0104.wav,U,1.0,16000,0.069282,0.336029,D:\STUPEN\Heartz\data-science\dataset\clean\U\U_0104.wav
U_0105.wav,U,1.0,16000,0.064498,0.319489,D:\STUPEN\Heartz\data-science\dataset\clean\U\U_0105.wav
U_0106.wav,U,1.0,16000,0.064498,0.289429,D:\STUPEN\Heartz\data-science\dataset\clean\U\U_0106.wav
U_0107.wav,U,1.0,16000,0.061968,0.275208,D:\STUPEN\Heartz\data-science\dataset\clean\U\U_0107.wav
U_0108.wav,U,1.0,16000,0.066933,0.311249,D:\STUPEN\Heartz\data-science\dataset\clean\U\U_0108.wav
U_0109.wav,U,1.0,16000,0.066933,0.289978,D:\STUPEN\Heartz\data-science\dataset\clean\U\U_0109.wav
U_0110.wav,U,1.0,16000,0.064498,0.290527,D:\STUPEN\Heartz\data-science\dataset\clean\U\U_0110.wav
U_0111.wav,U,1.0,16000,0.069282,0.375275,D:\STUPEN\Heartz\data-science\dataset\clean\U\U_0111.wav
U_0112.wav,U,1.0,16000,0.073756,0.400269,D:\STUPEN\Heartz\data-science\dataset\clean\U\U_0112.wav
U_0113.wav,U,1.0,16000,0.066933,0.354279,D:\STUPEN\Heartz\data-science\dataset\clean\U\U_0113.wav
U_0114.wav,U,1.0,16000,0.075895,0.353607,D:\STUPEN\Heartz\data-science\dataset\clean\U\U_0114.wav
U_0115.wav,U,1.0,16000,0.069282,0.364227,D:\STUPEN\Heartz\data-science\dataset\clean\U\U_0115.wav
U_0116.wav,U,1.0,16000,0.077974,0.722046,D:\STUPEN\Heartz\data-science\dataset\clean\U\U_0116.wav
U_0117.wav,U,1.0,16000,0.064498,0.351837,D:\STUPEN\Heartz\data-science\dataset\clean\U\U_0117.wav
U_0118.wav,U,1.0,16000,0.061968,0.363525,D:\STUPEN\Heartz\data-science\dataset\clean\U\U_0118.wav
U_0119.wav,U,1.0,16000,0.066933,0.295807,D:\STUPEN\Heartz\data-science\dataset\clean\U\U_0119.wav
U_0120.wav,U,1.0,16000,0.069282,0.298035,D:\STUPEN\Heartz\data-science\dataset\clean\U\U_0120.wav
U_0121.wav,U,1.0,16000,0.069282,0.30545,D:\STUPEN\Heartz\data-science\dataset\clean\U\U_0121.wav
U_0122.wav,U,1.0,16000,0.071554,0.341187,D:\STUPEN\Heartz\data-science\dataset\clean\U\U_0122.wav
U_0123.wav,U,1.0,16000,0.071554,0.344788,D:\STUPEN\Heartz\data-science\dataset\clean\U\U_0123.wav
U_0124.wav,U,1.0,16000,0.069282,0.33429,D:\STUPEN\Heartz\data-science\dataset\clean\U\U_0124.wav
U_0125.wav,U,1.0,16000,0.064498,0.375092,D:\STUPEN\Heartz\data-science\dataset\clean\U\U_0125.wav
U_0126.wav,U,1.0,16000,0.066933,0.368317,D:\STUPEN\Heartz\data-science\dataset\clean\U\U_0126.wav
U_0127.wav,U,1.0,16000,0.064498,0.323181,D:\STUPEN\Heartz\data-science\dataset\clean\U\U_0127.wav
U_0128.wav,U,1.0,16000,0.066933,0.295258,D:\STUPEN\Heartz\data-science\dataset\clean\U\U_0128.wav
U_0129.wav,U,1.0,16000,0.064498,0.312439,D:\STUPEN\Heartz\data-science\dataset\clean\U\U_0129.wav
U_0130.wav,U,1.0,16000,0.061968,0.33783,D:\STUPEN\Heartz\data-science\dataset\clean\U\U_0130.wav
U_0131.wav,U,1.0,16000,0.061968,0.335266,D:\STUPEN\Heartz\data-science\dataset\clean\U\U_0131.wav
U_0132.wav,U,1.0,16000,0.066933,0.312836,D:\STUPEN\Heartz\data-science\dataset\clean\U\U_0132.wav
U_0133.wav,U,1.0,16000,0.066933,0.337708,D:\STUPEN\Heartz\data-science\dataset\clean\U\U_0133.wav
U_0134.wav,U,1.0,16000,0.066933,0.308167,D:\STUPEN\Heartz\data-science\dataset\clean\U\U_0134.wav
U_0135.wav,U,1.0,16000,0.069282,0.315338,D:\STUPEN\Heartz\data-science\dataset\clean\U\U_0135.wav
U_0136.wav,U,1.0,16000,0.069282,0.284668,D:\STUPEN\Heartz\data-science\dataset\clean\U\U_0136.wav
U_0137.wav,U,1.0,16000,0.069282,0.315704,D:\STUPEN\Heartz\data-science\dataset\clean\U\U_0137.wav
U_0138.wav,U,1.0,16000,0.066933,0.308594,D:\STUPEN\Heartz\data-science\dataset\clean\U\U_0138.wav
U_0139.wav,U,1.0,16000,0.071554,0.301636,D:\STUPEN\Heartz\data-science\dataset\clean\U\U_0139.wav
U_0140.wav,U,1.0,16000,0.064498,0.332275,D:\STUPEN\Heartz\data-science\dataset\clean\U\U_0140.wav
U_0141.wav,U,1.0,16000,0.064498,0.284393,D:\STUPEN\Heartz\data-science\dataset\clean\U\U_0141.wav
U_0142.wav,U,1.0,16000,0.064498,0.282959,D:\STUPEN\Heartz\data-science\dataset\clean\U\U_0142.wav
U_0143.wav,U,1.0,16000,0.066933,0.334869,D:\STUPEN\Heartz\data-science\dataset\clean\U\U_0143.wav
U_0144.wav,U,1.0,16000,0.064498,0.33432,D:\STUPEN\Heartz\data-science\dataset\clean\U\U_0144.wav
U_0145.wav,U,1.0,16000,0.064498,0.295685,D:\STUPEN\Heartz\data-science\dataset\clean\U\U_0145.wav
U_0146.wav,U,1.0,16000,0.061968,0.293823,D:\STUPEN\Heartz\data-science\dataset\clean\U\U_0146.wav
U_0147.wav,U,1.0,16000,0.061968,0.307831,D:\STUPEN\Heartz\data-science\dataset\clean\U\U_0147.wav
U_0148.wav,U,1.0,16000,0.061968,0.305542,D:\STUPEN\Heartz\data-science\dataset\clean\U\U_0148.wav
U_0149.wav,U,1.0,16000,0.061968,0.311981,D:\STUPEN\Heartz\data-science\dataset\clean\U\U_0149.wav
U_0150.wav,U,1.0,16000,0.064498,0.283813,D:\STUPEN\Heartz\data-science\dataset\clean\U\U_0150.wav
U_0151.wav,U,1.0,16000,0.066933,0.306976,D:\STUPEN\Heartz\data-science\dataset\clean\U\U_0151.wav
U_0152.wav,U,1.0,16000,0.064498,0.324463,D:\STUPEN\Heartz\data-science\dataset\clean\U\U_0152.wav
U_0153.wav,U,1.0,16000,0.066933,0.333374,D:\STUPEN\Heartz\data-science\dataset\clean\U\U_0153.wav
U_0154.wav,U,1.0,16000,0.066933,0.327454,D:\STUPEN\Heartz\data-science\dataset\clean\U\U_0154.wav
U_0155.wav,U,1.0,16000,0.066933,0.279144,D:\STUPEN\Heartz\data-science\dataset\clean\U\U_0155.wav
U_0156.wav,U,1.0,16000,0.066933,0.310242,D:\STUPEN\Heartz\data-science\dataset\clean\U\U_0156.wav
U_0157.wav,U,1.0,16000,0.069282,0.308167,D:\STUPEN\Heartz\data-science\dataset\clean\U\U_0157.wav
U_0158.wav,U,1.0,16000,0.066933,0.296631,D:\STUPEN\Heartz\data-science\dataset\clean\U\U_0158.wav
U_0159.wav,U,1.0,16000,0.066933,0.333984,D:\STUPEN\Heartz\data-science\dataset\clean\U\U_0159.wav
U_0160.wav,U,1.0,16000,0.066933,0.314911,D:\STUPEN\Heartz\data-science\dataset\clean\U\U_0160.wav
U_0161.wav,U,1.0,16000,0.066933,0.301392,D:\STUPEN\Heartz\data-science\dataset\clean\U\U_0161.wav
U_0162.wav,U,1.0,16000,0.066933,0.282013,D:\STUPEN\Heartz\data-science\dataset\clean\U\U_0162.wav
U_0163.wav,U,1.0,16000,0.064498,0.280273,D:\STUPEN\Heartz\data-science\dataset\clean\U\U_0163.wav
U_0164.wav,U,1.0,16000,0.066933,0.39328,D:\STUPEN\Heartz\data-science\dataset\clean\U\U_0164.wav
U_0165.wav,U,1.0,16000,0.064498,0.400116,D:\STUPEN\Heartz\data-science\dataset\clean\U\U_0165.wav
U_0166.wav,U,1.0,16000,0.069282,0.356842,D:\STUPEN\Heartz\data-science\dataset\clean\U\U_0166.wav
U_0167.wav,U,1.0,16000,0.066933,0.296387,D:\STUPEN\Heartz\data-science\dataset\clean\U\U_0167.wav
U_0168.wav,U,1.0,16000,0.071554,0.274719,D:\STUPEN\Heartz\data-science\dataset\clean\U\U_0168.wav
U_0169.wav,U,1.0,16000,0.071554,0.291473,D:\STUPEN\Heartz\data-science\dataset\clean\U\U_0169.wav
U_0170.wav,U,1.0,16000,0.066933,0.300171,D:\STUPEN\Heartz\data-science\dataset\clean\U\U_0170.wav
U_0171.wav,U,1.0,16000,0.066933,0.286743,D:\STUPEN\Heartz\data-science\dataset\clean\U\U_0171.wav
U_0172.wav,U,1.0,16000,0.066933,0.283722,D:\STUPEN\Heartz\data-science\dataset\clean\U\U_0172.wav
U_0173.wav,U,1.0,16000,0.066933,0.286499,D:\STUPEN\Heartz\data-science\dataset\clean\U\U_0173.wav
U_0174.wav,U,1.0,16000,0.066933,0.285095,D:\STUPEN\Heartz\data-science\dataset\clean\U\U_0174.wav
U_0175.wav,U,1.0,16000,0.066933,0.268829,D:\STUPEN\Heartz\data-science\dataset\clean\U\U_0175.wav
U_0176.wav,U,1.0,16000,0.069282,0.321869,D:\STUPEN\Heartz\data-science\dataset\clean\U\U_0176.wav
U_0177.wav,U,1.0,16000,0.066933,0.304535,D:\STUPEN\Heartz\data-science\dataset\clean\U\U_0177.wav
U_0178.wav,U,1.0,16000,0.071554,0.370392,D:\STUPEN\Heartz\data-science\dataset\clean\U\U_0178.wav
U_0179.wav,U,1.0,16000,0.066933,0.349701,D:\STUPEN\Heartz\data-science\dataset\clean\U\U_0179.wav
U_0180.wav,U,1.0,16000,0.064498,0.364685,D:\STUPEN\Heartz\data-science\dataset\clean\U\U_0180.wav
U_0181.wav,U,1.0,16000,0.064498,0.311462,D:\STUPEN\Heartz\data-science\dataset\clean\U\U_0181.wav
U_0182.wav,U,1.0,16000,0.064498,0.29892,D:\STUPEN\Heartz\data-science\dataset\clean\U\U_0182.wav
U_0183.wav,U,1.0,16000,0.066933,0.329773,D:\STUPEN\Heartz\data-science\dataset\clean\U\U_0183.wav
U_0184.wav,U,1.0,16000,0.061968,0.348938,D:\STUPEN\Heartz\data-science\dataset\clean\U\U_0184.wav
U_0185.wav,U,1.0,16000,0.064498,0.332977,D:\STUPEN\Heartz\data-science\dataset\clean\U\U_0185.wav
U_0186.wav,U,1.0,16000,0.064498,0.293732,D:\STUPEN\Heartz\data-science\dataset\clean\U\U_0186.wav
U_0187.wav,U,1.0,16000,0.064498,0.350891,D:\STUPEN\Heartz\data-science\dataset\clean\U\U_0187.wav
U_0188.wav,U,1.0,16000,0.064498,0.318604,D:\STUPEN\Heartz\data-science\dataset\clean\U\U_0188.wav
U_0189.wav,U,1.0,16000,0.064498,0.325317,D:\STUPEN\Heartz\data-science\dataset\clean\U\U_0189.wav
U_0190.wav,U,1.0,16000,0.066933,0.325592,D:\STUPEN\Heartz\data-science\dataset\clean\U\U_0190.wav
U_0191.wav,U,1.0,16000,0.069282,0.308624,D:\STUPEN\Heartz\data-science\dataset\clean\U\U_0191.wav
U_0192.wav,U,1.0,16000,0.069282,0.304443,D:\STUPEN\Heartz\data-science\dataset\clean\U\U_0192.wav
U_0193.wav,U,1.0,16000,0.069282,0.349945,D:\STUPEN\Heartz\data-science\dataset\clean\U\U_0193.wav
U_0194.wav,U,1.0,16000,0.064498,0.362213,D:\STUPEN\Heartz\data-science\dataset\clean\U\U_0194.wav
U_0195.wav,U,1.0,16000,0.064498,0.354492,D:\STUPEN\Heartz\data-science\dataset\clean\U\U_0195.wav
U_0196.wav,U,1.0,16000,0.061968,0.334656,D:\STUPEN\Heartz\data-science\dataset\clean\U\U_0196.wav
U_0197.wav,U,1.0,16000,0.064498,0.338806,D:\STUPEN\Heartz\data-science\dataset\clean\U\U_0197.wav
U_0198.wav,U,1.0,16000,0.061968,0.391907,D:\STUPEN\Heartz\data-science\dataset\clean\U\U_0198.wav
U_0199.wav,U,1.0,16000,0.064498,0.367676,D:\STUPEN\Heartz\data-science\dataset\clean\U\U_0199.wav
U_0200.wav,U,1.0,16000,0.064498,0.379242,D:\STUPEN\Heartz\data-science\dataset\clean\U\U_0200.wav
U_0201.wav,U,1.0,16000,0.064498,0.311829,D:\STUPEN\Heartz\data-science\dataset\clean\U\U_0201.wav
U_0202.wav,U,1.0,16000,0.066933,0.348114,D:\STUPEN\Heartz\data-science\dataset\clean\U\U_0202.wav
U_0203.wav,U,1.0,16000,0.064498,0.346436,D:\STUPEN\Heartz\data-science\dataset\clean\U\U_0203.wav
U_0204.wav,U,1.0,16000,0.066933,0.342712,D:\STUPEN\Heartz\data-science\dataset\clean\U\U_0204.wav
U_0205.wav,U,1.0,16000,0.061968,0.354248,D:\STUPEN\Heartz\data-science\dataset\clean\U\U_0205.wav
U_0206.wav,U,1.0,16000,0.061968,0.34079,D:\STUPEN\Heartz\data-science\dataset\clean\U\U_0206.wav
U_0207.wav,U,1.0,16000,0.064498,0.361298,D:\STUPEN\Heartz\data-science\dataset\clean\U\U_0207.wav
U_0208.wav,U,1.0,16000,0.066933,0.328949,D:\STUPEN\Heartz\data-science\dataset\clean\U\U_0208.wav
U_0209.wav,U,1.0,16000,0.064498,0.338593,D:\STUPEN\Heartz\data-science\dataset\clean\U\U_0209.wav
U_0210.wav,U,1.0,16000,0.061968,0.291473,D:\STUPEN\Heartz\data-science\dataset\clean\U\U_0210.wav
U_0211.wav,U,1.0,16000,0.064498,0.307007,D:\STUPEN\Heartz\data-science\dataset\clean\U\U_0211.wav
U_0212.wav,U,1.0,16000,0.066933,0.315643,D:\STUPEN\Heartz\data-science\dataset\clean\U\U_0212.wav
U_0213.wav,U,1.0,16000,0.064498,0.307495,D:\STUPEN\Heartz\data-science\dataset\clean\U\U_0213.wav
U_0214.wav,U,1.0,16000,0.069282,0.336029,D:\STUPEN\Heartz\data-science\dataset\clean\U\U_0214.wav
U_0215.wav,U,1.0,16000,0.064498,0.319489,D:\STUPEN\Heartz\data-science\dataset\clean\U\U_0215.wav
U_0216.wav,U,1.0,16000,0.064498,0.289429,D:\STUPEN\Heartz\data-science\dataset\clean\U\U_0216.wav
U_0217.wav,U,1.0,16000,0.061968,0.275208,D:\STUPEN\Heartz\data-science\dataset\clean\U\U_0217.wav
U_0218.wav,U,1.0,16000,0.066933,0.311249,D:\STUPEN\Heartz\data-science\dataset\clean\U\U_0218.wav
U_0219.wav,U,1.0,16000,0.066933,0.289978,D:\STUPEN\Heartz\data-science\dataset\clean\U\U_0219.wav
U_0220.wav,U,1.0,16000,0.064498,0.290527,D:\STUPEN\Heartz\data-science\dataset\clean\U\U_0220.wav
U_0221.wav,U,1.0,16000,0.069282,0.375275,D:\STUPEN\Heartz\data-science\dataset\clean\U\U_0221.wav
U_0222.wav,U,1.0,16000,0.073756,0.400269,D:\STUPEN\Heartz\data-science\dataset\clean\U\U_0222.wav
U_0223.wav,U,1.0,16000,0.066933,0.354279,D:\STUPEN\Heartz\data-science\dataset\clean\U\U_0223.wav
U_0224.wav,U,1.0,16000,0.075895,0.353607,D:\STUPEN\Heartz\data-science\dataset\clean\U\U_0224.wav
U_0225.wav,U,1.0,16000,0.069282,0.364227,D:\STUPEN\Heartz\data-science\dataset\clean\U\U_0225.wav
U_0226.wav,U,1.0,16000,0.077974,0.722046,D:\STUPEN\Heartz\data-science\dataset\clean\U\U_0226.wav
U_0227.wav,U,1.0,16000,0.064498,0.351837,D:\STUPEN\Heartz\data-science\dataset\clean\U\U_0227.wav
U_0228.wav,U,1.0,16000,0.061968,0.363525,D:\STUPEN\Heartz\data-science\dataset\clean\U\U_0228.wav
U_0229.wav,U,1.0,16000,0.066933,0.295807,D:\STUPEN\Heartz\data-science\dataset\clean\U\U_0229.wav
U_0230.wav,U,1.0,16000,0.069282,0.298035,D:\STUPEN\Heartz\data-science\dataset\clean\U\U_0230.wav
U_0231.wav,U,1.0,16000,0.069282,0.30545,D:\STUPEN\Heartz\data-science\dataset\clean\U\U_0231.wav
U_0232.wav,U,1.0,16000,0.071554,0.341187,D:\STUPEN\Heartz\data-science\dataset\clean\U\U_0232.wav
U_0233.wav,U,1.0,16000,0.071554,0.344788,D:\STUPEN\Heartz\data-science\dataset\clean\U\U_0233.wav
U_0234.wav,U,1.0,16000,0.069282,0.33429,D:\STUPEN\Heartz\data-science\dataset\clean\U\U_0234.wav
U_0235.wav,U,1.0,16000,0.064498,0.375092,D:\STUPEN\Heartz\data-science\dataset\clean\U\U_0235.wav
U_0236.wav,U,1.0,16000,0.066933,0.368317,D:\STUPEN\Heartz\data-science\dataset\clean\U\U_0236.wav
U_0237.wav,U,1.0,16000,0.064498,0.323181,D:\STUPEN\Heartz\data-science\dataset\clean\U\U_0237.wav
U_0238.wav,U,1.0,16000,0.066933,0.295258,D:\STUPEN\Heartz\data-science\dataset\clean\U\U_0238.wav
U_0239.wav,U,1.0,16000,0.064498,0.312439,D:\STUPEN\Heartz\data-science\dataset\clean\U\U_0239.wav
U_0240.wav,U,1.0,16000,0.061968,0.33783,D:\STUPEN\Heartz\data-science\dataset\clean\U\U_0240.wav
U_0241.wav,U,1.0,16000,0.061968,0.335266,D:\STUPEN\Heartz\data-science\dataset\clean\U\U_0241.wav
U_0242.wav,U,1.0,16000,0.066933,0.312836,D:\STUPEN\Heartz\data-science\dataset\clean\U\U_0242.wav
U_0243.wav,U,1.0,16000,0.066933,0.337708,D:\STUPEN\Heartz\data-science\dataset\clean\U\U_0243.wav
U_0244.wav,U,1.0,16000,0.066933,0.308167,D:\STUPEN\Heartz\data-science\dataset\clean\U\U_0244.wav
U_0245.wav,U,1.0,16000,0.069282,0.315338,D:\STUPEN\Heartz\data-science\dataset\clean\U\U_0245.wav
U_0246.wav,U,1.0,16000,0.069282,0.284668,D:\STUPEN\Heartz\data-science\dataset\clean\U\U_0246.wav
U_0247.wav,U,1.0,16000,0.069282,0.315704,D:\STUPEN\Heartz\data-science\dataset\clean\U\U_0247.wav
U_0248.wav,U,1.0,16000,0.066933,0.308594,D:\STUPEN\Heartz\data-science\dataset\clean\U\U_0248.wav
U_0249.wav,U,1.0,16000,0.071554,0.301636,D:\STUPEN\Heartz\data-science\dataset\clean\U\U_0249.wav
U_0250.wav,U,1.0,16000,0.064498,0.332275,D:\STUPEN\Heartz\data-science\dataset\clean\U\U_0250.wav
U_0251.wav,U,1.0,16000,0.064498,0.284393,D:\STUPEN\Heartz\data-science\dataset\clean\U\U_0251.wav
U_0252.wav,U,1.0,16000,0.064498,0.282959,D:\STUPEN\Heartz\data-science\dataset\clean\U\U_0252.wav
U_0253.wav,U,1.0,16000,0.066933,0.334869,D:\STUPEN\Heartz\data-science\dataset\clean\U\U_0253.wav
U_0254.wav,U,1.0,16000,0.064498,0.33432,D:\STUPEN\Heartz\data-science\dataset\clean\U\U_0254.wav
U_0255.wav,U,1.0,16000,0.064498,0.295685,D:\STUPEN\Heartz\data-science\dataset\clean\U\U_0255.wav
U_0256.wav,U,1.0,16000,0.061968,0.293823,D:\STUPEN\Heartz\data-science\dataset\clean\U\U_0256.wav
U_0257.wav,U,1.0,16000,0.061968,0.307831,D:\STUPEN\Heartz\data-science\dataset\clean\U\U_0257.wav
U_0258.wav,U,1.0,16000,0.061968,0.305542,D:\STUPEN\Heartz\data-science\dataset\clean\U\U_0258.wav
U_0259.wav,U,1.0,16000,0.061968,0.311981,D:\STUPEN\Heartz\data-science\dataset\clean\U\U_0259.wav
U_0260.wav,U,1.0,16000,0.064498,0.283813,D:\STUPEN\Heartz\data-science\dataset\clean\U\U_0260.wav
U_0261.wav,U,1.0,16000,0.066933,0.306976,D:\STUPEN\Heartz\data-science\dataset\clean\U\U_0261.wav
U_0262.wav,U,1.0,16000,0.064498,0.324463,D:\STUPEN\Heartz\data-science\dataset\clean\U\U_0262.wav
U_0263.wav,U,1.0,16000,0.066933,0.333374,D:\STUPEN\Heartz\data-science\dataset\clean\U\U_0263.wav
U_0264.wav,U,1.0,16000,0.066933,0.327454,D:\STUPEN\Heartz\data-science\dataset\clean\U\U_0264.wav
U_0265.wav,U,1.0,16000,0.066933,0.279144,D:\STUPEN\Heartz\data-science\dataset\clean\U\U_0265.wav
U_0266.wav,U,1.0,16000,0.066933,0.310242,D:\STUPEN\Heartz\data-science\dataset\clean\U\U_0266.wav
U_0267.wav,U,1.0,16000,0.069282,0.308167,D:\STUPEN\Heartz\data-science\dataset\clean\U\U_0267.wav
U_0268.wav,U,1.0,16000,0.066933,0.296631,D:\STUPEN\Heartz\data-science\dataset\clean\U\U_0268.wav
U_0269.wav,U,1.0,16000,0.066933,0.333984,D:\STUPEN\Heartz\data-science\dataset\clean\U\U_0269.wav
U_0270.wav,U,1.0,16000,0.066933,0.314911,D:\STUPEN\Heartz\data-science\dataset\clean\U\U_0270.wav
U_0271.wav,U,1.0,16000,0.066933,0.301392,D:\STUPEN\Heartz\data-science\dataset\clean\U\U_0271.wav
U_0272.wav,U,1.0,16000,0.066933,0.282013,D:\STUPEN\Heartz\data-science\dataset\clean\U\U_0272.wav
U_0273.wav,U,1.0,16000,0.064498,0.280273,D:\STUPEN\Heartz\data-science\dataset\clean\U\U_0273.wav
U_0274.wav,U,1.0,16000,0.066933,0.39328,D:\STUPEN\Heartz\data-science\dataset\clean\U\U_0274.wav
U_0275.wav,U,1.0,16000,0.064498,0.400116,D:\STUPEN\Heartz\data-science\dataset\clean\U\U_0275.wav
U_0276.wav,U,1.0,16000,0.069282,0.356842,D:\STUPEN\Heartz\data-science\dataset\clean\U\U_0276.wav
U_0277.wav,U,1.0,16000,0.066933,0.296387,D:\STUPEN\Heartz\data-science\dataset\clean\U\U_0277.wav
U_0278.wav,U,1.0,16000,0.071554,0.274719,D:\STUPEN\Heartz\data-science\dataset\clean\U\U_0278.wav
U_0279.wav,U,1.0,16000,0.071554,0.291473,D:\STUPEN\Heartz\data-science\dataset\clean\U\U_0279.wav
U_0280.wav,U,1.0,16000,0.066933,0.300171,D:\STUPEN\Heartz\data-science\dataset\clean\U\U_0280.wav
U_0281.wav,U,1.0,16000,0.066933,0.286743,D:\STUPEN\Heartz\data-science\dataset\clean\U\U_0281.wav
U_0282.wav,U,1.0,16000,0.066933,0.283722,D:\STUPEN\Heartz\data-science\dataset\clean\U\U_0282.wav
U_0283.wav,U,1.0,16000,0.066933,0.286499,D:\STUPEN\Heartz\data-science\dataset\clean\U\U_0283.wav
U_0284.wav,U,1.0,16000,0.066933,0.285095,D:\STUPEN\Heartz\data-science\dataset\clean\U\U_0284.wav
U_0285.wav,U,1.0,16000,0.066933,0.268829,D:\STUPEN\Heartz\data-science\dataset\clean\U\U_0285.wav
U_0286.wav,U,1.0,16000,0.069282,0.321869,D:\STUPEN\Heartz\data-science\dataset\clean\U\U_0286.wav
U_0287.wav,U,1.0,16000,0.066933,0.304535,D:\STUPEN\Heartz\data-science\dataset\clean\U\U_0287.wav
U_0288.wav,U,1.0,16000,0.071554,0.370392,D:\STUPEN\Heartz\data-science\dataset\clean\U\U_0288.wav
U_0289.wav,U,1.0,16000,0.066933,0.349701,D:\STUPEN\Heartz\data-science\dataset\clean\U\U_0289.wav
U_0290.wav,U,1.0,16000,0.064498,0.364685,D:\STUPEN\Heartz\data-science\dataset\clean\U\U_0290.wav
U_0291.wav,U,1.0,16000,0.064498,0.311462,D:\STUPEN\Heartz\data-science\dataset\clean\U\U_0291.wav
U_0292.wav,U,1.0,16000,0.064498,0.29892,D:\STUPEN\Heartz\data-science\dataset\clean\U\U_0292.wav
U_0293.wav,U,1.0,16000,0.066933,0.329773,D:\STUPEN\Heartz\data-science\dataset\clean\U\U_0293.wav
U_0294.wav,U,1.0,16000,0.061968,0.348938,D:\STUPEN\Heartz\data-science\dataset\clean\U\U_0294.wav
U_0295.wav,U,1.0,16000,0.064498,0.332977,D:\STUPEN\Heartz\data-science\dataset\clean\U\U_0295.wav
U_0296.wav,U,1.0,16000,0.064498,0.293732,D:\STUPEN\Heartz\data-science\dataset\clean\U\U_0296.wav
U_0297.wav,U,1.0,16000,0.064498,0.350891,D:\STUPEN\Heartz\data-science\dataset\clean\U\U_0297.wav
U_0298.wav,U,1.0,16000,0.064498,0.318604,D:\STUPEN\Heartz\data-science\dataset\clean\U\U_0298.wav
U_0299.wav,U,1.0,16000,0.064498,0.325317,D:\STUPEN\Heartz\data-science\dataset\clean\U\U_0299.wav
U_0300.wav,U,1.0,16000,0.066933,0.325592,D:\STUPEN\Heartz\data-science\dataset\clean\U\U_0300.wav
U_0301.wav,U,1.0,16000,0.069282,0.308624,D:\STUPEN\Heartz\data-science\dataset\clean\U\U_0301.wav
U_0302.wav,U,1.0,16000,0.069282,0.304443,D:\STUPEN\Heartz\data-science\dataset\clean\U\U_0302.wav
U_0303.wav,U,1.0,16000,0.069282,0.349945,D:\STUPEN\Heartz\data-science\dataset\clean\U\U_0303.wav
U_0304.wav,U,1.0,16000,0.064498,0.362213,D:\STUPEN\Heartz\data-science\dataset\clean\U\U_0304.wav
U_0305.wav,U,1.0,16000,0.064498,0.354492,D:\STUPEN\Heartz\data-science\dataset\clean\U\U_0305.wav
U_0306.wav,U,1.0,16000,0.061968,0.334656,D:\STUPEN\Heartz\data-science\dataset\clean\U\U_0306.wav
U_0307.wav,U,1.0,16000,0.064498,0.338806,D:\STUPEN\Heartz\data-science\dataset\clean\U\U_0307.wav
U_0308.wav,U,1.0,16000,0.061968,0.391907,D:\STUPEN\Heartz\data-science\dataset\clean\U\U_0308.wav
U_0309.wav,U,1.0,16000,0.064498,0.367676,D:\STUPEN\Heartz\data-science\dataset\clean\U\U_0309.wav
U_0310.wav,U,1.0,16000,0.064498,0.379242,D:\STUPEN\Heartz\data-science\dataset\clean\U\U_0310.wav
U_0311.wav,U,1.0,16000,0.064498,0.311829,D:\STUPEN\Heartz\data-science\dataset\clean\U\U_0311.wav
U_0312.wav,U,1.0,16000,0.066933,0.348114,D:\STUPEN\Heartz\data-science\dataset\clean\U\U_0312.wav
U_0313.wav,U,1.0,16000,0.064498,0.346436,D:\STUPEN\Heartz\data-science\dataset\clean\U\U_0313.wav
U_0314.wav,U,1.0,16000,0.066933,0.342712,D:\STUPEN\Heartz\data-science\dataset\clean\U\U_0314.wav
U_0315.wav,U,1.0,16000,0.061968,0.354248,D:\STUPEN\Heartz\data-science\dataset\clean\U\U_0315.wav
U_0316.wav,U,1.0,16000,0.061968,0.34079,D:\STUPEN\Heartz\data-science\dataset\clean\U\U_0316.wav
U_0317.wav,U,1.0,16000,0.064498,0.361298,D:\STUPEN\Heartz\data-science\dataset\clean\U\U_0317.wav
U_0318.wav,U,1.0,16000,0.066933,0.328949,D:\STUPEN\Heartz\data-science\dataset\clean\U\U_0318.wav
U_0319.wav,U,1.0,16000,0.064498,0.338593,D:\STUPEN\Heartz\data-science\dataset\clean\U\U_0319.wav
U_0320.wav,U,1.0,16000,0.061968,0.291473,D:\STUPEN\Heartz\data-science\dataset\clean\U\U_0320.wav
U_0321.wav,U,1.0,16000,0.064498,0.307007,D:\STUPEN\Heartz\data-science\dataset\clean\U\U_0321.wav
U_0322.wav,U,1.0,16000,0.066933,0.315643,D:\STUPEN\Heartz\data-science\dataset\clean\U\U_0322.wav
U_0323.wav,U,1.0,16000,0.064498,0.307495,D:\STUPEN\Heartz\data-science\dataset\clean\U\U_0323.wav
U_0324.wav,U,1.0,16000,0.069282,0.336029,D:\STUPEN\Heartz\data-science\dataset\clean\U\U_0324.wav
U_0325.wav,U,1.0,16000,0.064498,0.319489,D:\STUPEN\Heartz\data-science\dataset\clean\U\U_0325.wav
U_0326.wav,U,1.0,16000,0.064498,0.289429,D:\STUPEN\Heartz\data-science\dataset\clean\U\U_0326.wav
U_0327.wav,U,1.0,16000,0.061968,0.275208,D:\STUPEN\Heartz\data-science\dataset\clean\U\U_0327.wav
U_0328.wav,U,1.0,16000,0.066933,0.311249,D:\STUPEN\Heartz\data-science\dataset\clean\U\U_0328.wav
U_0329.wav,U,1.0,16000,0.066933,0.289978,D:\STUPEN\Heartz\data-science\dataset\clean\U\U_0329.wav
U_0330.wav,U,1.0,16000,0.064498,0.290527,D:\STUPEN\Heartz\data-science\dataset\clean\U\U_0330.wav
U_0331.wav,U,1.0,16000,0.069282,0.375275,D:\STUPEN\Heartz\data-science\dataset\clean\U\U_0331.wav
U_0332.wav,U,1.0,16000,0.073756,0.400269,D:\STUPEN\Heartz\data-science\dataset\clean\U\U_0332.wav
U_0333.wav,U,1.0,16000,0.066933,0.354279,D:\STUPEN\Heartz\data-science\dataset\clean\U\U_0333.wav
U_0334.wav,U,1.0,16000,0.075895,0.353607,D:\STUPEN\Heartz\data-science\dataset\clean\U\U_0334.wav
U_0335.wav,U,1.0,16000,0.069282,0.364227,D:\STUPEN\Heartz\data-science\dataset\clean\U\U_0335.wav
U_0336.wav,U,1.0,16000,0.077974,0.722046,D:\STUPEN\Heartz\data-science\dataset\clean\U\U_0336.wav
U_0337.wav,U,1.0,16000,0.064498,0.351837,D:\STUPEN\Heartz\data-science\dataset\clean\U\U_0337.wav
U_0338.wav,U,1.0,16000,0.061968,0.363525,D:\STUPEN\Heartz\data-science\dataset\clean\U\U_0338.wav
U_0339.wav,U,1.0,16000,0.066933,0.295807,D:\STUPEN\Heartz\data-science\dataset\clean\U\U_0339.wav
U_0340.wav,U,1.0,16000,0.069282,0.298035,D:\STUPEN\Heartz\data-science\dataset\clean\U\U_0340.wav
U_0341.wav,U,1.0,16000,0.069282,0.30545,D:\STUPEN\Heartz\data-science\dataset\clean\U\U_0341.wav
U_0342.wav,U,1.0,16000,0.071554,0.341187,D:\STUPEN\Heartz\data-science\dataset\clean\U\U_0342.wav
U_0343.wav,U,1.0,16000,0.071554,0.344788,D:\STUPEN\Heartz\data-science\dataset\clean\U\U_0343.wav
U_0344.wav,U,1.0,16000,0.069282,0.33429,D:\STUPEN\Heartz\data-science\dataset\clean\U\U_0344.wav
U_0345.wav,U,1.0,16000,0.064498,0.375092,D:\STUPEN\Heartz\data-science\dataset\clean\U\U_0345.wav
U_0346.wav,U,1.0,16000,0.066933,0.368317,D:\STUPEN\Heartz\data-science\dataset\clean\U\U_0346.wav
U_0347.wav,U,1.0,16000,0.064498,0.323181,D:\STUPEN\Heartz\data-science\dataset\clean\U\U_0347.wav
U_0348.wav,U,1.0,16000,0.066933,0.295258,D:\STUPEN\Heartz\data-science\dataset\clean\U\U_0348.wav
U_0349.wav,U,1.0,16000,0.064498,0.312439,D:\STUPEN\Heartz\data-science\dataset\clean\U\U_0349.wav
U_0350.wav,U,1.0,16000,0.061968,0.33783,D:\STUPEN\Heartz\data-science\dataset\clean\U\U_0350.wav
U_0351.wav,U,1.0,16000,0.061968,0.335266,D:\STUPEN\Heartz\data-science\dataset\clean\U\U_0351.wav
U_0352.wav,U,1.0,16000,0.066933,0.312836,D:\STUPEN\Heartz\data-science\dataset\clean\U\U_0352.wav
U_0353.wav,U,1.0,16000,0.066933,0.337708,D:\STUPEN\Heartz\data-science\dataset\clean\U\U_0353.wav
U_0354.wav,U,1.0,16000,0.066933,0.308167,D:\STUPEN\Heartz\data-science\dataset\clean\U\U_0354.wav
U_0355.wav,U,1.0,16000,0.069282,0.315338,D:\STUPEN\Heartz\data-science\dataset\clean\U\U_0355.wav
U_0356.wav,U,1.0,16000,0.069282,0.284668,D:\STUPEN\Heartz\data-science\dataset\clean\U\U_0356.wav
U_0357.wav,U,1.0,16000,0.069282,0.315704,D:\STUPEN\Heartz\data-science\dataset\clean\U\U_0357.wav
U_0358.wav,U,1.0,16000,0.066933,0.308594,D:\STUPEN\Heartz\data-science\dataset\clean\U\U_0358.wav
U_0359.wav,U,1.0,16000,0.071554,0.301636,D:\STUPEN\Heartz\data-science\dataset\clean\U\U_0359.wav
U_0360.wav,U,1.0,16000,0.064498,0.332275,D:\STUPEN\Heartz\data-science\dataset\clean\U\U_0360.wav
U_0361.wav,U,1.0,16000,0.064498,0.284393,D:\STUPEN\Heartz\data-science\dataset\clean\U\U_0361.wav
U_0362.wav,U,1.0,16000,0.064498,0.282959,D:\STUPEN\Heartz\data-science\dataset\clean\U\U_0362.wav
U_0363.wav,U,1.0,16000,0.066933,0.334869,D:\STUPEN\Heartz\data-science\dataset\clean\U\U_0363.wav
U_0364.wav,U,1.0,16000,0.064498,0.33432,D:\STUPEN\Heartz\data-science\dataset\clean\U\U_0364.wav
U_0365.wav,U,1.0,16000,0.064498,0.295685,D:\STUPEN\Heartz\data-science\dataset\clean\U\U_0365.wav
U_0366.wav,U,1.0,16000,0.061968,0.293823,D:\STUPEN\Heartz\data-science\dataset\clean\U\U_0366.wav
U_0367.wav,U,1.0,16000,0.061968,0.307831,D:\STUPEN\Heartz\data-science\dataset\clean\U\U_0367.wav
U_0368.wav,U,1.0,16000,0.061968,0.305542,D:\STUPEN\Heartz\data-science\dataset\clean\U\U_0368.wav
U_0369.wav,U,1.0,16000,0.061968,0.311981,D:\STUPEN\Heartz\data-science\dataset\clean\U\U_0369.wav
U_0370.wav,U,1.0,16000,0.064498,0.283813,D:\STUPEN\Heartz\data-science\dataset\clean\U\U_0370.wav
U_0371.wav,U,1.0,16000,0.066933,0.306976,D:\STUPEN\Heartz\data-science\dataset\clean\U\U_0371.wav
U_0372.wav,U,1.0,16000,0.064498,0.324463,D:\STUPEN\Heartz\data-science\dataset\clean\U\U_0372.wav
U_0373.wav,U,1.0,16000,0.066933,0.333374,D:\STUPEN\Heartz\data-science\dataset\clean\U\U_0373.wav
U_0374.wav,U,1.0,16000,0.066933,0.327454,D:\STUPEN\Heartz\data-science\dataset\clean\U\U_0374.wav
U_0375.wav,U,1.0,16000,0.066933,0.279144,D:\STUPEN\Heartz\data-science\dataset\clean\U\U_0375.wav
U_0376.wav,U,1.0,16000,0.066933,0.310242,D:\STUPEN\Heartz\data-science\dataset\clean\U\U_0376.wav
U_0377.wav,U,1.0,16000,0.069282,0.308167,D:\STUPEN\Heartz\data-science\dataset\clean\U\U_0377.wav
U_0378.wav,U,1.0,16000,0.066933,0.296631,D:\STUPEN\Heartz\data-science\dataset\clean\U\U_0378.wav
U_0379.wav,U,1.0,16000,0.066933,0.333984,D:\STUPEN\Heartz\data-science\dataset\clean\U\U_0379.wav
U_0380.wav,U,1.0,16000,0.066933,0.314911,D:\STUPEN\Heartz\data-science\dataset\clean\U\U_0380.wav
U_0381.wav,U,1.0,16000,0.066933,0.301392,D:\STUPEN\Heartz\data-science\dataset\clean\U\U_0381.wav
U_0382.wav,U,1.0,16000,0.066933,0.282013,D:\STUPEN\Heartz\data-science\dataset\clean\U\U_0382.wav
U_0383.wav,U,1.0,16000,0.064498,0.280273,D:\STUPEN\Heartz\data-science\dataset\clean\U\U_0383.wav
U_0384.wav,U,1.0,16000,0.066933,0.39328,D:\STUPEN\Heartz\data-science\dataset\clean\U\U_0384.wav
U_0385.wav,U,1.0,16000,0.064498,0.400116,D:\STUPEN\Heartz\data-science\dataset\clean\U\U_0385.wav
U_0386.wav,U,1.0,16000,0.069282,0.356842,D:\STUPEN\Heartz\data-science\dataset\clean\U\U_0386.wav
U_0387.wav,U,1.0,16000,0.066933,0.296387,D:\STUPEN\Heartz\data-science\dataset\clean\U\U_0387.wav
U_0388.wav,U,1.0,16000,0.071554,0.274719,D:\STUPEN\Heartz\data-science\dataset\clean\U\U_0388.wav
U_0389.wav,U,1.0,16000,0.071554,0.291473,D:\STUPEN\Heartz\data-science\dataset\clean\U\U_0389.wav
U_0390.wav,U,1.0,16000,0.066933,0.300171,D:\STUPEN\Heartz\data-science\dataset\clean\U\U_0390.wav
U_0391.wav,U,1.0,16000,0.066933,0.286743,D:\STUPEN\Heartz\data-science\dataset\clean\U\U_0391.wav
U_0392.wav,U,1.0,16000,0.066933,0.283722,D:\STUPEN\Heartz\data-science\dataset\clean\U\U_0392.wav
U_0393.wav,U,1.0,16000,0.066933,0.286499,D:\STUPEN\Heartz\data-science\dataset\clean\U\U_0393.wav
U_0394.wav,U,1.0,16000,0.066933,0.285095,D:\STUPEN\Heartz\data-science\dataset\clean\U\U_0394.wav
U_0395.wav,U,1.0,16000,0.066933,0.268829,D:\STUPEN\Heartz\data-science\dataset\clean\U\U_0395.wav
U_0396.wav,U,1.0,16000,0.069282,0.321869,D:\STUPEN\Heartz\data-science\dataset\clean\U\U_0396.wav
U_0397.wav,U,1.0,16000,0.066933,0.304535,D:\STUPEN\Heartz\data-science\dataset\clean\U\U_0397.wav
U_0398.wav,U,1.0,16000,0.071554,0.370392,D:\STUPEN\Heartz\data-science\dataset\clean\U\U_0398.wav
U_0399.wav,U,1.0,16000,0.066933,0.349701,D:\STUPEN\Heartz\data-science\dataset\clean\U\U_0399.wav
U_0400.wav,U,1.0,16000,0.064498,0.364685,D:\STUPEN\Heartz\data-science\dataset\clean\U\U_0400.wav
U_0401.wav,U,1.0,16000,0.064498,0.311462,D:\STUPEN\Heartz\data-science\dataset\clean\U\U_0401.wav
U_0402.wav,U,1.0,16000,0.064498,0.29892,D:\STUPEN\Heartz\data-science\dataset\clean\U\U_0402.wav
U_0403.wav,U,1.0,16000,0.066933,0.329773,D:\STUPEN\Heartz\data-science\dataset\clean\U\U_0403.wav
U_0404.wav,U,1.0,16000,0.061968,0.348938,D:\STUPEN\Heartz\data-science\dataset\clean\U\U_0404.wav
U_0405.wav,U,1.0,16000,0.064498,0.332977,D:\STUPEN\Heartz\data-science\dataset\clean\U\U_0405.wav
U_0406.wav,U,1.0,16000,0.064498,0.293732,D:\STUPEN\Heartz\data-science\dataset\clean\U\U_0406.wav
U_0407.wav,U,1.0,16000,0.064498,0.350891,D:\STUPEN\Heartz\data-science\dataset\clean\U\U_0407.wav
U_0408.wav,U,1.0,16000,0.064498,0.318604,D:\STUPEN\Heartz\data-science\dataset\clean\U\U_0408.wav
U_0409.wav,U,1.0,16000,0.064498,0.325317,D:\STUPEN\Heartz\data-science\dataset\clean\U\U_0409.wav
U_0410.wav,U,1.0,16000,0.066933,0.325592,D:\STUPEN\Heartz\data-science\dataset\clean\U\U_0410.wav
U_0411.wav,U,1.0,16000,0.069282,0.308624,D:\STUPEN\Heartz\data-science\dataset\clean\U\U_0411.wav
U_0412.wav,U,1.0,16000,0.069282,0.304443,D:\STUPEN\Heartz\data-science\dataset\clean\U\U_0412.wav
U_0413.wav,U,1.0,16000,0.069282,0.349945,D:\STUPEN\Heartz\data-science\dataset\clean\U\U_0413.wav
U_0414.wav,U,1.0,16000,0.064498,0.362213,D:\STUPEN\Heartz\data-science\dataset\clean\U\U_0414.wav
U_0415.wav,U,1.0,16000,0.064498,0.354492,D:\STUPEN\Heartz\data-science\dataset\clean\U\U_0415.wav
U_0416.wav,U,1.0,16000,0.061968,0.334656,D:\STUPEN\Heartz\data-science\dataset\clean\U\U_0416.wav
U_0417.wav,U,1.0,16000,0.064498,0.338806,D:\STUPEN\Heartz\data-science\dataset\clean\U\U_0417.wav
U_0418.wav,U,1.0,16000,0.061968,0.391907,D:\STUPEN\Heartz\data-science\dataset\clean\U\U_0418.wav
U_0419.wav,U,1.0,16000,0.064498,0.367676,D:\STUPEN\Heartz\data-science\dataset\clean\U\U_0419.wav
U_0420.wav,U,1.0,16000,0.064498,0.379242,D:\STUPEN\Heartz\data-science\dataset\clean\U\U_0420.wav
U_0421.wav,U,1.0,16000,0.064498,0.311829,D:\STUPEN\Heartz\data-science\dataset\clean\U\U_0421.wav
U_0422.wav,U,1.0,16000,0.066933,0.348114,D:\STUPEN\Heartz\data-science\dataset\clean\U\U_0422.wav
U_0423.wav,U,1.0,16000,0.064498,0.346436,D:\STUPEN\Heartz\data-science\dataset\clean\U\U_0423.wav
U_0424.wav,U,1.0,16000,0.066933,0.342712,D:\STUPEN\Heartz\data-science\dataset\clean\U\U_0424.wav
U_0425.wav,U,1.0,16000,0.061968,0.354248,D:\STUPEN\Heartz\data-science\dataset\clean\U\U_0425.wav
U_0426.wav,U,1.0,16000,0.061968,0.34079,D:\STUPEN\Heartz\data-science\dataset\clean\U\U_0426.wav
U_0427.wav,U,1.0,16000,0.064498,0.361298,D:\STUPEN\Heartz\data-science\dataset\clean\U\U_0427.wav
U_0428.wav,U,1.0,16000,0.066933,0.328949,D:\STUPEN\Heartz\data-science\dataset\clean\U\U_0428.wav
U_0429.wav,U,1.0,16000,0.064498,0.338593,D:\STUPEN\Heartz\data-science\dataset\clean\U\U_0429.wav
U_0430.wav,U,1.0,16000,0.061968,0.291473,D:\STUPEN\Heartz\data-science\dataset\clean\U\U_0430.wav
U_0431.wav,U,1.0,16000,0.064498,0.307007,D:\STUPEN\Heartz\data-science\dataset\clean\U\U_0431.wav
U_0432.wav,U,1.0,16000,0.066933,0.315643,D:\STUPEN\Heartz\data-science\dataset\clean\U\U_0432.wav
U_0433.wav,U,1.0,16000,0.064498,0.307495,D:\STUPEN\Heartz\data-science\dataset\clean\U\U_0433.wav
U_0434.wav,U,1.0,16000,0.069282,0.336029,D:\STUPEN\Heartz\data-science\dataset\clean\U\U_0434.wav
U_0435.wav,U,1.0,16000,0.064498,0.319489,D:\STUPEN\Heartz\data-science\dataset\clean\U\U_0435.wav
U_0436.wav,U,1.0,16000,0.064498,0.289429,D:\STUPEN\Heartz\data-science\dataset\clean\U\U_0436.wav
U_0437.wav,U,1.0,16000,0.061968,0.275208,D:\STUPEN\Heartz\data-science\dataset\clean\U\U_0437.wav
U_0438.wav,U,1.0,16000,0.066933,0.311249,D:\STUPEN\Heartz\data-science\dataset\clean\U\U_0438.wav
U_0439.wav,U,1.0,16000,0.066933,0.289978,D:\STUPEN\Heartz\data-science\dataset\clean\U\U_0439.wav
U_0440.wav,U,1.0,16000,0.064498,0.290527,D:\STUPEN\Heartz\data-science\dataset\clean\U\U_0440.wav
